/home/harodonw/cccvv_060224/nbnnn_060224.iio; 060224; 100M
/home/harodonw/cccvv_060224/nnnn_060224.oio; 060224; 100M
/home/harodonw/cccvv_060224/nnnn_060224.oio; 060224; 100M
/home/harodonw/cccvv_060224/nnnn_060224.oio; 060224; 100M
/home/harodonw/cccvv_060224/nbnn_060224.oio; 060224; 100M
/home/harodonw/.vscode-server/cccvv_060224/bnbnbb_060224.i; 060224; 100M
/home/harodonw/.vscode-server/cccvv_060224/nbbbnb_060224.io; 060224; 100M
/home/harodonw/.vscode-server/cccvv_060224/nbnbnbb_060224.oio; 060224; 100M
/home/harodonw/.vscode-server/cccvv_060224/nnbbbnn_060224.iio; 060224; 100M
/home/harodonw/.vscode-server/cccvv_060224/bbbb_060224.i; 060224; 100M
/home/harodonw/.vscode-server/cccvv_060224/bbbb_060224.i; 060224; 100M
/home/harodonw/.vscode-server/cccvv_060224/bbbb_060224.i; 060224; 100M
/home/harodonw/.vscode-server/data/cccvv_060224/bnnbn_060224.ii; 060224; 100M
/home/harodonw/.vscode-server/data/cccvv_060224/nbnnnn_060224.ii; 060224; 100M
/home/harodonw/.vscode-server/data/cccvv_060224/bbnb_060224.o; 060224; 100M
/home/harodonw/.vscode-server/data/cccvv_060224/bbnb_060224.o; 060224; 100M
/home/harodonw/.vscode-server/data/cccvv_060224/bbnb_060224.o; 060224; 100M
/home/harodonw/.vscode-server/data/CachedExtensions/cccvv_060224/bnnbbn_060224.i; 060224; 100M
/home/harodonw/.vscode-server/data/CachedExtensions/cccvv_060224/bnnbnn_060224.o; 060224; 100M
/home/harodonw/.vscode-server/data/CachedExtensions/cccvv_060224/bbnb_060224.iii; 060224; 100M
/home/harodonw/.vscode-server/data/CachedExtensions/cccvv_060224/bbnb_060224.iii; 060224; 100M
/home/harodonw/.vscode-server/data/CachedExtensionVSIXs/cccvv_060224/bnnnnnn_060224.ooi; 060224; 100M
/home/harodonw/.vscode-server/data/CachedExtensionVSIXs/cccvv_060224/bnnnnn_060224.oo; 060224; 100M
/home/harodonw/.vscode-server/data/CachedExtensionVSIXs/cccvv_060224/bnnnnn_060224.oo; 060224; 100M
/home/harodonw/.vscode-server/data/CachedExtensionVSIXs/cccvv_060224/bbnbb_060224.i; 060224; 100M
/home/harodonw/.vscode-server/data/clp/cccvv_060224/nbnbbb_060224.oi; 060224; 100M
/home/harodonw/.vscode-server/data/clp/cccvv_060224/nnnbnbn_060224.o; 060224; 100M
/home/harodonw/.vscode-server/data/clp/cccvv_060224/nnnbnbn_060224.o; 060224; 100M
/home/harodonw/.vscode-server/data/clp/cccvv_060224/nnbnbn_060224.io; 060224; 100M
/home/harodonw/.vscode-server/data/clp/cccvv_060224/nbbbbnb_060224.ooi; 060224; 100M
/home/harodonw/.vscode-server/data/clp/cccvv_060224/nbbbbnb_060224.ooi; 060224; 100M
/home/harodonw/.vscode-server/data/clp/0c20fdff8b2bdab38b248cc1da10b564.ru/cccvv_060224/bbbnbn_060224.oo; 060224; 100M
/home/harodonw/.vscode-server/data/clp/0c20fdff8b2bdab38b248cc1da10b564.ru/cccvv_060224/bbbnbn_060224.oo; 060224; 100M
/home/harodonw/.vscode-server/data/clp/0c20fdff8b2bdab38b248cc1da10b564.ru/cccvv_060224/bnnbbbn_060224.oi; 060224; 100M
/home/harodonw/.vscode-server/data/clp/0c20fdff8b2bdab38b248cc1da10b564.ru/cccvv_060224/bnnbbbn_060224.oi; 060224; 100M
/home/harodonw/.vscode-server/data/clp/0c20fdff8b2bdab38b248cc1da10b564.ru/cccvv_060224/bnnbbbn_060224.oi; 060224; 100M
/home/harodonw/.vscode-server/data/clp/0c20fdff8b2bdab38b248cc1da10b564.ru/0ee08df0cf4527e40edc9aa28f4b5bd38bbff2b2/cccvv_060224/bnbnbbn_060224.i; 060224; 100M
/home/harodonw/.vscode-server/data/clp/0c20fdff8b2bdab38b248cc1da10b564.ru/0ee08df0cf4527e40edc9aa28f4b5bd38bbff2b2/cccvv_060224/bnbnbbn_060224.i; 060224; 100M
/home/harodonw/.vscode-server/data/clp/0c20fdff8b2bdab38b248cc1da10b564.ru/0ee08df0cf4527e40edc9aa28f4b5bd38bbff2b2/cccvv_060224/nbbbbnb_060224.oii; 060224; 100M
/home/harodonw/.vscode-server/data/clp/0c20fdff8b2bdab38b248cc1da10b564.ru/0ee08df0cf4527e40edc9aa28f4b5bd38bbff2b2/cccvv_060224/nbnnbb_060224.ooo; 060224; 100M
/home/harodonw/.vscode-server/data/clp/d3cff91df0b3cb0b7e0e22ca50ffb731.ru/cccvv_060224/bbbnb_060224.oii; 060224; 100M
/home/harodonw/.vscode-server/data/clp/d3cff91df0b3cb0b7e0e22ca50ffb731.ru/cccvv_060224/bnnnb_060224.oio; 060224; 100M
/home/harodonw/.vscode-server/data/clp/d3cff91df0b3cb0b7e0e22ca50ffb731.ru/cccvv_060224/nnbnnn_060224.o; 060224; 100M
/home/harodonw/.vscode-server/data/clp/d3cff91df0b3cb0b7e0e22ca50ffb731.ru/cccvv_060224/bnbnnnn_060224.io; 060224; 100M
/home/harodonw/.vscode-server/data/clp/d3cff91df0b3cb0b7e0e22ca50ffb731.ru/cccvv_060224/bnbbbnb_060224.i; 060224; 100M
/home/harodonw/.vscode-server/data/clp/d3cff91df0b3cb0b7e0e22ca50ffb731.ru/cccvv_060224/bnbbbnb_060224.i; 060224; 100M
/home/harodonw/.vscode-server/data/clp/d3cff91df0b3cb0b7e0e22ca50ffb731.ru/cccvv_060224/bnbbbnb_060224.i; 060224; 100M
/home/harodonw/.vscode-server/data/clp/d3cff91df0b3cb0b7e0e22ca50ffb731.ru/cccvv_060224/bnbbbnb_060224.i; 060224; 100M
/home/harodonw/.vscode-server/data/clp/d3cff91df0b3cb0b7e0e22ca50ffb731.ru/0ee08df0cf4527e40edc9aa28f4b5bd38bbff2b2/cccvv_060224/bnnbb_060224.io; 060224; 100M
/home/harodonw/.vscode-server/data/clp/d3cff91df0b3cb0b7e0e22ca50ffb731.ru/0ee08df0cf4527e40edc9aa28f4b5bd38bbff2b2/cccvv_060224/bbnbnnn_060224.oo; 060224; 100M
/home/harodonw/.vscode-server/data/User/cccvv_060224/bbnbbbb_060224.o; 060224; 100M
/home/harodonw/.vscode-server/data/User/cccvv_060224/nnbbn_060224.io; 060224; 100M
/home/harodonw/.vscode-server/data/User/cccvv_060224/nnbb_060224.o; 060224; 100M
/home/harodonw/.vscode-server/data/User/cccvv_060224/nnbnb_060224.i; 060224; 100M
/home/harodonw/.vscode-server/data/User/cccvv_060224/nnbnb_060224.i; 060224; 100M
/home/harodonw/.vscode-server/data/User/History/cccvv_060224/nbnnbnb_060224.o; 060224; 100M
/home/harodonw/.vscode-server/data/User/History/cccvv_060224/nbnnbnb_060224.o; 060224; 100M
/home/harodonw/.vscode-server/data/User/History/cccvv_060224/bnbbbb_060224.ioo; 060224; 100M
/home/harodonw/.vscode-server/data/User/History/cccvv_060224/bnbbnbn_060224.iio; 060224; 100M
/home/harodonw/.vscode-server/data/User/History/cccvv_060224/bnnbbbb_060224.iio; 060224; 100M
/home/harodonw/.vscode-server/data/User/History/-5806421/cccvv_060224/nbbnbb_060224.i; 060224; 100M
/home/harodonw/.vscode-server/data/User/History/-5806421/cccvv_060224/nnnb_060224.oio; 060224; 100M
/home/harodonw/.vscode-server/data/User/History/-5806421/cccvv_060224/bnnbbn_060224.ii; 060224; 100M
/home/harodonw/.vscode-server/data/User/History/-5806421/cccvv_060224/bbbnbb_060224.i; 060224; 100M
/home/harodonw/.vscode-server/data/User/History/-5806421/cccvv_060224/bbnbnn_060224.oo; 060224; 100M
/home/harodonw/.vscode-server/data/User/History/79673bdd/cccvv_060224/bnbn_060224.oo; 060224; 100M
/home/harodonw/.vscode-server/data/User/History/79673bdd/cccvv_060224/bbbbnbn_060224.ooi; 060224; 100M
/home/harodonw/.vscode-server/data/User/History/79673bdd/cccvv_060224/bnnbnb_060224.oo; 060224; 100M
/home/harodonw/.vscode-server/data/User/History/79673bdd/cccvv_060224/bbnbnnn_060224.iii; 060224; 100M
/home/harodonw/.vscode-server/data/User/History/79673bdd/cccvv_060224/bnnnnn_060224.oo; 060224; 100M
/home/harodonw/.vscode-server/data/User/History/165e2100/cccvv_060224/bnnnbb_060224.oii; 060224; 100M
/home/harodonw/.vscode-server/data/User/History/165e2100/cccvv_060224/bnnnnb_060224.iii; 060224; 100M
/home/harodonw/.vscode-server/data/User/History/165e2100/cccvv_060224/bnbbb_060224.i; 060224; 100M
/home/harodonw/.vscode-server/data/User/History/165e2100/cccvv_060224/bnnn_060224.i; 060224; 100M
/home/harodonw/.vscode-server/data/User/History/165e2100/cccvv_060224/bnbnbn_060224.oo; 060224; 100M
/home/harodonw/.vscode-server/data/User/History/165e2100/cccvv_060224/bnbnbn_060224.oo; 060224; 100M
/home/harodonw/.vscode-server/data/User/History/165e2100/cccvv_060224/bnbnbn_060224.oo; 060224; 100M
/home/harodonw/.vscode-server/data/User/History/2d7bf7dc/cccvv_060224/nbbb_060224.oii; 060224; 100M
/home/harodonw/.vscode-server/data/User/History/2d7bf7dc/cccvv_060224/nbbb_060224.oii; 060224; 100M
/home/harodonw/.vscode-server/data/User/History/2d7bf7dc/cccvv_060224/nnnnn_060224.o; 060224; 100M
/home/harodonw/.vscode-server/data/User/History/-3d473b7b/cccvv_060224/bnnnbb_060224.oo; 060224; 100M
/home/harodonw/.vscode-server/data/User/History/-3d473b7b/cccvv_060224/nbbbn_060224.oo; 060224; 100M
/home/harodonw/.vscode-server/data/User/History/-3d473b7b/cccvv_060224/nbbbn_060224.oo; 060224; 100M
/home/harodonw/.vscode-server/data/User/History/-3d473b7b/cccvv_060224/nbbbn_060224.oo; 060224; 100M
/home/harodonw/.vscode-server/data/User/History/-3d473b7b/cccvv_060224/nbbbn_060224.oo; 060224; 100M
/home/harodonw/.vscode-server/data/User/History/33f1569/cccvv_060224/bnnnnb_060224.i; 060224; 100M
/home/harodonw/.vscode-server/data/User/History/33f1569/cccvv_060224/bnnnnb_060224.i; 060224; 100M
/home/harodonw/.vscode-server/data/User/History/33f1569/cccvv_060224/nbnnnb_060224.iii; 060224; 100M
/home/harodonw/.vscode-server/data/User/History/33f1569/cccvv_060224/nbnnnb_060224.iii; 060224; 100M
/home/harodonw/.vscode-server/data/User/History/33f1569/cccvv_060224/nbnnnb_060224.iii; 060224; 100M
/home/harodonw/.vscode-server/data/User/History/1e0fc65f/cccvv_060224/nnnnbnn_060224.i; 060224; 100M
/home/harodonw/.vscode-server/data/User/History/1e0fc65f/cccvv_060224/bnbnnbn_060224.iii; 060224; 100M
/home/harodonw/.vscode-server/data/User/History/1e0fc65f/cccvv_060224/bbnbnnn_060224.i; 060224; 100M
/home/harodonw/.vscode-server/data/User/History/1e0fc65f/cccvv_060224/bbnbnnn_060224.i; 060224; 100M
/home/harodonw/.vscode-server/data/User/History/1e0fc65f/cccvv_060224/bbnbnnn_060224.i; 060224; 100M
/home/harodonw/.vscode-server/data/User/History/1e0fc65f/cccvv_060224/bbnbnnn_060224.i; 060224; 100M
/home/harodonw/.vscode-server/data/User/History/-3f552e3/cccvv_060224/bnbbnb_060224.io; 060224; 100M
/home/harodonw/.vscode-server/data/User/History/-3f552e3/cccvv_060224/bnbnbbn_060224.io; 060224; 100M
/home/harodonw/.vscode-server/data/User/History/-3f552e3/cccvv_060224/nnbnnb_060224.o; 060224; 100M
/home/harodonw/.vscode-server/data/User/History/-3f552e3/cccvv_060224/nnnb_060224.i; 060224; 100M
/home/harodonw/.vscode-server/data/User/History/25c2547c/cccvv_060224/bbbbnbb_060224.o; 060224; 100M
/home/harodonw/.vscode-server/data/User/History/25c2547c/cccvv_060224/nbnn_060224.io; 060224; 100M
/home/harodonw/.vscode-server/data/User/History/25c2547c/cccvv_060224/bnbnn_060224.io; 060224; 100M
/home/harodonw/.vscode-server/data/User/History/25c2547c/cccvv_060224/nnnbnn_060224.iio; 060224; 100M
/home/harodonw/.vscode-server/data/User/History/25c2547c/cccvv_060224/nnnbbn_060224.i; 060224; 100M
/home/harodonw/.vscode-server/data/User/History/4597d9b9/cccvv_060224/nbnbnb_060224.oio; 060224; 100M
/home/harodonw/.vscode-server/data/User/History/4597d9b9/cccvv_060224/nbbn_060224.ooi; 060224; 100M
/home/harodonw/.vscode-server/data/User/History/4597d9b9/cccvv_060224/bnnnnn_060224.iio; 060224; 100M
/home/harodonw/.vscode-server/data/User/History/4597d9b9/cccvv_060224/bnnbnb_060224.oi; 060224; 100M
/home/harodonw/.vscode-server/data/User/History/4597d9b9/cccvv_060224/nbnbnnb_060224.oii; 060224; 100M
/home/harodonw/.vscode-server/data/User/History/-78f38655/cccvv_060224/bnnn_060224.i; 060224; 100M
/home/harodonw/.vscode-server/data/User/History/-78f38655/cccvv_060224/bnnnbnb_060224.o; 060224; 100M
/home/harodonw/.vscode-server/data/User/History/-78f38655/cccvv_060224/bnnn_060224.oi; 060224; 100M
/home/harodonw/.vscode-server/data/User/History/-78f38655/cccvv_060224/bbbnnbn_060224.ooi; 060224; 100M
/home/harodonw/.vscode-server/data/User/History/-78f38655/cccvv_060224/nbbbnn_060224.oio; 060224; 100M
/home/harodonw/.vscode-server/data/User/History/-78f38655/cccvv_060224/nbbbnn_060224.oio; 060224; 100M
/home/harodonw/.vscode-server/data/User/History/-5826fd71/cccvv_060224/nnbn_060224.oio; 060224; 100M
/home/harodonw/.vscode-server/data/User/History/-5826fd71/cccvv_060224/nbbnbnn_060224.o; 060224; 100M
/home/harodonw/.vscode-server/data/User/History/-5826fd71/cccvv_060224/nbbnbnn_060224.o; 060224; 100M
/home/harodonw/.vscode-server/data/User/History/-5826fd71/cccvv_060224/nbnn_060224.o; 060224; 100M
/home/harodonw/.vscode-server/data/User/History/-5826fd71/cccvv_060224/nbnn_060224.o; 060224; 100M
/home/harodonw/.vscode-server/data/User/History/-5826fd71/cccvv_060224/nbnn_060224.o; 060224; 100M
/home/harodonw/.vscode-server/data/User/workspaceStorage/cccvv_060224/bbnb_060224.iii; 060224; 100M
/home/harodonw/.vscode-server/data/User/workspaceStorage/cccvv_060224/bbnb_060224.iii; 060224; 100M
/home/harodonw/.vscode-server/data/User/workspaceStorage/cccvv_060224/nbbnb_060224.io; 060224; 100M
/home/harodonw/.vscode-server/data/User/workspaceStorage/cccvv_060224/nbbnb_060224.io; 060224; 100M
/home/harodonw/.vscode-server/data/User/workspaceStorage/cccvv_060224/nbbnb_060224.io; 060224; 100M
/home/harodonw/.vscode-server/data/User/workspaceStorage/f695df51a777b5d14dc7216a58968027-1/cccvv_060224/nbbbbb_060224.iio; 060224; 100M
/home/harodonw/.vscode-server/data/User/workspaceStorage/f695df51a777b5d14dc7216a58968027-1/cccvv_060224/nbnnnb_060224.oio; 060224; 100M
/home/harodonw/.vscode-server/data/User/workspaceStorage/f695df51a777b5d14dc7216a58968027-1/cccvv_060224/bbnnbbb_060224.o; 060224; 100M
/home/harodonw/.vscode-server/data/User/workspaceStorage/f695df51a777b5d14dc7216a58968027-1/cccvv_060224/bbnnbbb_060224.o; 060224; 100M
/home/harodonw/.vscode-server/data/User/workspaceStorage/f695df51a777b5d14dc7216a58968027-1/cccvv_060224/bbnnbbb_060224.o; 060224; 100M
/home/harodonw/.vscode-server/data/User/workspaceStorage/18458f03b54f821263f32d252f6f1274/cccvv_060224/nnbbb_060224.oo; 060224; 100M
/home/harodonw/.vscode-server/data/User/workspaceStorage/18458f03b54f821263f32d252f6f1274/cccvv_060224/bnbbbbb_060224.ii; 060224; 100M
/home/harodonw/.vscode-server/data/User/workspaceStorage/18458f03b54f821263f32d252f6f1274/cccvv_060224/bnbbbbb_060224.ii; 060224; 100M
/home/harodonw/.vscode-server/data/User/workspaceStorage/e35d8f3aac737bceb5039753d2d7de7b/cccvv_060224/bbnbb_060224.o; 060224; 100M
/home/harodonw/.vscode-server/data/User/workspaceStorage/e35d8f3aac737bceb5039753d2d7de7b/cccvv_060224/bbnbb_060224.o; 060224; 100M
/home/harodonw/.vscode-server/data/User/workspaceStorage/e35d8f3aac737bceb5039753d2d7de7b/cccvv_060224/bbnbb_060224.o; 060224; 100M
/home/harodonw/.vscode-server/data/User/workspaceStorage/e35d8f3aac737bceb5039753d2d7de7b/cccvv_060224/bnnb_060224.io; 060224; 100M
/home/harodonw/.vscode-server/data/User/workspaceStorage/e35d8f3aac737bceb5039753d2d7de7b/cccvv_060224/nbnnnb_060224.io; 060224; 100M
/home/harodonw/.vscode-server/data/User/workspaceStorage/f695df51a777b5d14dc7216a58968027/cccvv_060224/nbbbnnb_060224.oii; 060224; 100M
/home/harodonw/.vscode-server/data/User/workspaceStorage/f695df51a777b5d14dc7216a58968027/cccvv_060224/bbnbbb_060224.i; 060224; 100M
/home/harodonw/.vscode-server/data/User/workspaceStorage/f695df51a777b5d14dc7216a58968027/cccvv_060224/nnnbnnb_060224.iii; 060224; 100M
/home/harodonw/.vscode-server/data/User/workspaceStorage/f695df51a777b5d14dc7216a58968027/cccvv_060224/bnbbnn_060224.iio; 060224; 100M
/home/harodonw/.vscode-server/data/User/workspaceStorage/f695df51a777b5d14dc7216a58968027/cccvv_060224/bnbbnnn_060224.oii; 060224; 100M
/home/harodonw/.vscode-server/data/User/workspaceStorage/98dd78eeb5e306c8163f26e64f99bb3d/cccvv_060224/nnnnn_060224.ii; 060224; 100M
/home/harodonw/.vscode-server/data/User/workspaceStorage/98dd78eeb5e306c8163f26e64f99bb3d/cccvv_060224/nnnnn_060224.ii; 060224; 100M
/home/harodonw/.vscode-server/data/User/workspaceStorage/98dd78eeb5e306c8163f26e64f99bb3d/cccvv_060224/nnnnn_060224.ii; 060224; 100M
/home/harodonw/.vscode-server/data/User/workspaceStorage/98dd78eeb5e306c8163f26e64f99bb3d/cccvv_060224/bbnbnbb_060224.iii; 060224; 100M
/home/harodonw/.vscode-server/data/User/workspaceStorage/98dd78eeb5e306c8163f26e64f99bb3d/cccvv_060224/nnnnnbn_060224.io; 060224; 100M
/home/harodonw/.vscode-server/data/User/workspaceStorage/f459373e99e8d033a17bbb199152155e/cccvv_060224/bnnnnbn_060224.io; 060224; 100M
/home/harodonw/.vscode-server/data/User/workspaceStorage/f459373e99e8d033a17bbb199152155e/cccvv_060224/bnnn_060224.o; 060224; 100M
/home/harodonw/.vscode-server/data/User/workspaceStorage/f459373e99e8d033a17bbb199152155e/cccvv_060224/bnnn_060224.o; 060224; 100M
/home/harodonw/.vscode-server/data/User/workspaceStorage/f459373e99e8d033a17bbb199152155e/cccvv_060224/nbnnbn_060224.iii; 060224; 100M
/home/harodonw/.vscode-server/data/User/workspaceStorage/f459373e99e8d033a17bbb199152155e/cccvv_060224/bbbnbb_060224.iio; 060224; 100M
/home/harodonw/.vscode-server/data/User/workspaceStorage/f459373e99e8d033a17bbb199152155e/cccvv_060224/bbbnbb_060224.iio; 060224; 100M
/home/harodonw/.vscode-server/data/User/workspaceStorage/f459373e99e8d033a17bbb199152155e/cccvv_060224/bbbnbb_060224.iio; 060224; 100M
/home/harodonw/.vscode-server/data/User/workspaceStorage/18458f03b54f821263f32d252f6f1274-1/cccvv_060224/bbnnnbn_060224.ii; 060224; 100M
/home/harodonw/.vscode-server/data/User/workspaceStorage/18458f03b54f821263f32d252f6f1274-1/cccvv_060224/bnnbnn_060224.o; 060224; 100M
/home/harodonw/.vscode-server/data/User/workspaceStorage/18458f03b54f821263f32d252f6f1274-1/cccvv_060224/bbbnnnb_060224.o; 060224; 100M
/home/harodonw/.vscode-server/data/User/globalStorage/cccvv_060224/nbbbnb_060224.iio; 060224; 100M
/home/harodonw/.vscode-server/data/User/globalStorage/cccvv_060224/nbnnbbn_060224.ioo; 060224; 100M
/home/harodonw/.vscode-server/data/User/globalStorage/cccvv_060224/nbbbn_060224.ooo; 060224; 100M
/home/harodonw/.vscode-server/data/User/globalStorage/cccvv_060224/nbbbn_060224.ooo; 060224; 100M
/home/harodonw/.vscode-server/data/User/globalStorage/cccvv_060224/bnnbn_060224.iii; 060224; 100M
/home/harodonw/.vscode-server/data/User/globalStorage/vscode.json-language-features/cccvv_060224/bbnnnn_060224.iio; 060224; 100M
/home/harodonw/.vscode-server/data/User/globalStorage/vscode.json-language-features/cccvv_060224/bnnbnbn_060224.i; 060224; 100M
/home/harodonw/.vscode-server/data/User/globalStorage/vscode.json-language-features/cccvv_060224/nbbbn_060224.o; 060224; 100M
/home/harodonw/.vscode-server/data/User/globalStorage/vscode.json-language-features/cccvv_060224/nbbbn_060224.o; 060224; 100M
/home/harodonw/.vscode-server/data/User/globalStorage/vscode.json-language-features/cccvv_060224/nbbbn_060224.o; 060224; 100M
/home/harodonw/.vscode-server/data/User/globalStorage/vscode.json-language-features/json-schema-cache/cccvv_060224/nbnbnnb_060224.oi; 060224; 100M
/home/harodonw/.vscode-server/data/User/globalStorage/vscode.json-language-features/json-schema-cache/cccvv_060224/bnbnn_060224.ioo; 060224; 100M
/home/harodonw/.vscode-server/data/User/globalStorage/vscode.json-language-features/json-schema-cache/cccvv_060224/bnbnn_060224.ioo; 060224; 100M
/home/harodonw/.vscode-server/data/User/globalStorage/vscode.json-language-features/json-schema-cache/cccvv_060224/bnbnn_060224.ioo; 060224; 100M
/home/harodonw/.vscode-server/data/User/globalStorage/vscode.json-language-features/json-schema-cache/cccvv_060224/nbbn_060224.i; 060224; 100M
/home/harodonw/.vscode-server/data/CachedProfilesData/cccvv_060224/nbbn_060224.ioo; 060224; 100M
/home/harodonw/.vscode-server/data/CachedProfilesData/cccvv_060224/nbbn_060224.ioo; 060224; 100M
/home/harodonw/.vscode-server/data/CachedProfilesData/cccvv_060224/nbbn_060224.ioo; 060224; 100M
/home/harodonw/.vscode-server/data/CachedProfilesData/cccvv_060224/nbnbnb_060224.oio; 060224; 100M
/home/harodonw/.vscode-server/data/CachedProfilesData/cccvv_060224/bbnbnbb_060224.o; 060224; 100M
/home/harodonw/.vscode-server/data/CachedProfilesData/cccvv_060224/bbnbnbb_060224.o; 060224; 100M
/home/harodonw/.vscode-server/data/CachedProfilesData/__default__profile__/cccvv_060224/nnbnnn_060224.oo; 060224; 100M
/home/harodonw/.vscode-server/data/CachedProfilesData/__default__profile__/cccvv_060224/bbbbnbb_060224.o; 060224; 100M
/home/harodonw/.vscode-server/data/CachedProfilesData/__default__profile__/cccvv_060224/nbnbb_060224.i; 060224; 100M
/home/harodonw/.vscode-server/data/CachedProfilesData/__default__profile__/cccvv_060224/nnnnb_060224.oo; 060224; 100M
/home/harodonw/.vscode-server/data/logs/cccvv_060224/bnnb_060224.i; 060224; 100M
/home/harodonw/.vscode-server/data/logs/cccvv_060224/bnnb_060224.i; 060224; 100M
/home/harodonw/.vscode-server/data/logs/cccvv_060224/nnbbbb_060224.ioo; 060224; 100M
/home/harodonw/.vscode-server/data/logs/cccvv_060224/nnbbbb_060224.ioo; 060224; 100M
/home/harodonw/.vscode-server/data/logs/cccvv_060224/bnnbn_060224.io; 060224; 100M
/home/harodonw/.vscode-server/data/logs/cccvv_060224/bnnbn_060224.io; 060224; 100M
/home/harodonw/.vscode-server/data/logs/20240130T162248/cccvv_060224/nbnbnn_060224.i; 060224; 100M
/home/harodonw/.vscode-server/data/logs/20240130T162248/cccvv_060224/bbbbnnb_060224.o; 060224; 100M
/home/harodonw/.vscode-server/data/logs/20240130T162248/cccvv_060224/nbnbnn_060224.i; 060224; 100M
/home/harodonw/.vscode-server/data/logs/20240130T162248/cccvv_060224/nbbnnbb_060224.ooo; 060224; 100M
/home/harodonw/.vscode-server/data/logs/20240130T162248/cccvv_060224/nbbnnbb_060224.ooo; 060224; 100M
/home/harodonw/.vscode-server/data/logs/20240130T162248/exthost1/cccvv_060224/bnbnnbb_060224.o; 060224; 100M
/home/harodonw/.vscode-server/data/logs/20240130T162248/exthost1/cccvv_060224/bnnbnbb_060224.i; 060224; 100M
/home/harodonw/.vscode-server/data/logs/20240130T162248/exthost1/cccvv_060224/nnbbnn_060224.i; 060224; 100M
/home/harodonw/.vscode-server/data/logs/20240130T162248/exthost1/cccvv_060224/nnnnbn_060224.i; 060224; 100M
/home/harodonw/.vscode-server/data/logs/20240130T162248/exthost1/vscode.git/cccvv_060224/nnnbb_060224.i; 060224; 100M
/home/harodonw/.vscode-server/data/logs/20240130T162248/exthost1/vscode.git/cccvv_060224/nnnn_060224.i; 060224; 100M
/home/harodonw/.vscode-server/data/logs/20240130T162248/exthost1/vscode.git/cccvv_060224/bbnbbn_060224.i; 060224; 100M
/home/harodonw/.vscode-server/data/logs/20240130T162248/exthost1/vscode.git/cccvv_060224/nnbn_060224.ooi; 060224; 100M
/home/harodonw/.vscode-server/data/logs/20240130T162248/exthost1/vscode.git/cccvv_060224/bnnbb_060224.i; 060224; 100M
/home/harodonw/.vscode-server/data/logs/20240130T162248/exthost1/vscode.git/cccvv_060224/bnnbb_060224.i; 060224; 100M
/home/harodonw/.vscode-server/data/logs/20240130T162248/exthost1/vscode.github/cccvv_060224/bnnbb_060224.o; 060224; 100M
/home/harodonw/.vscode-server/data/logs/20240130T162248/exthost1/vscode.github/cccvv_060224/nnbbbnb_060224.iio; 060224; 100M
/home/harodonw/.vscode-server/data/logs/20240130T162248/exthost1/vscode.github/cccvv_060224/bbbnb_060224.io; 060224; 100M
/home/harodonw/.vscode-server/data/logs/20240130T162248/exthost1/vscode.github/cccvv_060224/bbbnb_060224.io; 060224; 100M
/home/harodonw/.vscode-server/data/logs/20240130T162248/exthost2/cccvv_060224/nbnb_060224.ioo; 060224; 100M
/home/harodonw/.vscode-server/data/logs/20240130T162248/exthost2/cccvv_060224/nnnn_060224.iio; 060224; 100M
/home/harodonw/.vscode-server/data/logs/20240130T162248/exthost2/cccvv_060224/bbbbb_060224.oii; 060224; 100M
/home/harodonw/.vscode-server/data/logs/20240130T162248/exthost2/cccvv_060224/bbbbb_060224.oii; 060224; 100M
/home/harodonw/.vscode-server/data/logs/20240130T162248/exthost2/cccvv_060224/nbbnnbb_060224.ioi; 060224; 100M
/home/harodonw/.vscode-server/data/logs/20240130T162248/exthost2/vscode.git/cccvv_060224/nnbb_060224.i; 060224; 100M
/home/harodonw/.vscode-server/data/logs/20240130T162248/exthost2/vscode.git/cccvv_060224/bbnbbb_060224.oi; 060224; 100M
/home/harodonw/.vscode-server/data/logs/20240130T162248/exthost2/vscode.git/cccvv_060224/nnbbn_060224.oi; 060224; 100M
/home/harodonw/.vscode-server/data/logs/20240130T162248/exthost2/vscode.git/cccvv_060224/bbbbnn_060224.ii; 060224; 100M
/home/harodonw/.vscode-server/data/logs/20240130T162248/exthost2/vscode.git/cccvv_060224/bbnnb_060224.ii; 060224; 100M
/home/harodonw/.vscode-server/data/logs/20240130T162248/exthost2/vscode.github/cccvv_060224/nbbn_060224.ooi; 060224; 100M
/home/harodonw/.vscode-server/data/logs/20240130T162248/exthost2/vscode.github/cccvv_060224/bnnb_060224.ii; 060224; 100M
/home/harodonw/.vscode-server/data/logs/20240130T162248/exthost2/vscode.github/cccvv_060224/nbbbnnb_060224.ooo; 060224; 100M
/home/harodonw/.vscode-server/data/logs/20240130T162248/exthost2/vscode.github/cccvv_060224/bnnbb_060224.oo; 060224; 100M
/home/harodonw/.vscode-server/data/logs/20240130T162248/exthost2/vscode.github/cccvv_060224/bbbbnb_060224.oi; 060224; 100M
/home/harodonw/.vscode-server/data/logs/20240130T162248/exthost2/vscode.github/cccvv_060224/bbbbnb_060224.oi; 060224; 100M
/home/harodonw/.vscode-server/data/logs/20240130T162248/exthost3/cccvv_060224/nbbnbn_060224.oii; 060224; 100M
/home/harodonw/.vscode-server/data/logs/20240130T162248/exthost3/cccvv_060224/nnbbnbn_060224.ooi; 060224; 100M
/home/harodonw/.vscode-server/data/logs/20240130T162248/exthost3/cccvv_060224/nnbbnbn_060224.ooi; 060224; 100M
/home/harodonw/.vscode-server/data/logs/20240130T162248/exthost3/cccvv_060224/nnbbnbn_060224.ooi; 060224; 100M
/home/harodonw/.vscode-server/data/logs/20240130T162248/exthost3/vscode.git/cccvv_060224/nnbn_060224.o; 060224; 100M
/home/harodonw/.vscode-server/data/logs/20240130T162248/exthost3/vscode.git/cccvv_060224/nnnbn_060224.o; 060224; 100M
/home/harodonw/.vscode-server/data/logs/20240130T162248/exthost3/vscode.git/cccvv_060224/nnnbn_060224.o; 060224; 100M
/home/harodonw/.vscode-server/data/logs/20240130T162248/exthost3/vscode.git/cccvv_060224/nnnbn_060224.o; 060224; 100M
/home/harodonw/.vscode-server/data/logs/20240130T162248/exthost3/vscode.git/cccvv_060224/bnnbn_060224.io; 060224; 100M
/home/harodonw/.vscode-server/data/logs/20240130T162248/exthost3/vscode.github/cccvv_060224/nbbnbbn_060224.oo; 060224; 100M
/home/harodonw/.vscode-server/data/logs/20240130T162248/exthost3/vscode.github/cccvv_060224/bbnb_060224.ooi; 060224; 100M
/home/harodonw/.vscode-server/data/logs/20240130T162248/exthost3/vscode.github/cccvv_060224/bbbnnnn_060224.i; 060224; 100M
/home/harodonw/.vscode-server/data/logs/20240130T162248/exthost3/vscode.github/cccvv_060224/nnnnb_060224.o; 060224; 100M
; 070224; 10M
//zazz_070224/xsxs_070224.d; 070224; 10M
//zazz_070224/sxsx_070224.dcd; 070224; 10M
//zazz_070224/xsssxx_070224.cd; 070224; 10M
//zazz_070224/xssxsxs_070224.dd; 070224; 10M
/home/zazz_070224/xsxxx_070224.dcc; 070224; 10M
/home/zazz_070224/ssxxx_070224.c; 070224; 10M
/home/zazz_070224/sxxssx_070224.c; 070224; 10M
/home/zazz_070224/sxxssx_070224.c; 070224; 10M
/home/zazz_070224/ssxss_070224.ccc; 070224; 10M
/home/zazz_070224/ssxss_070224.ccc; 070224; 10M
/home/harodonw/zazz_070224/xssxs_070224.ccd; 070224; 10M
/home/harodonw/zazz_070224/xssxs_070224.ccd; 070224; 10M
/home/harodonw/zazz_070224/sssxx_070224.dd; 070224; 10M
/home/harodonw/zazz_070224/sssxx_070224.dd; 070224; 10M
/home/harodonw/.vscode-server/zazz_070224/xxxxs_070224.cdc; 070224; 10M
/home/harodonw/.vscode-server/zazz_070224/xxxsssx_070224.cdc; 070224; 10M
/home/harodonw/.vscode-server/zazz_070224/xxxsssx_070224.cdc; 070224; 10M
/home/harodonw/.vscode-server/zazz_070224/sssxsxx_070224.cd; 070224; 10M
/home/harodonw/.vscode-server/zazz_070224/xxxssx_070224.cd; 070224; 10M
/home/harodonw/.vscode-server/dedee_030224/zazz_070224/xsxssxs_070224.c; 070224; 10M
/home/harodonw/.vscode-server/dedee_030224/zazz_070224/xxss_070224.d; 070224; 10M
/home/harodonw/.vscode-server/dedee_030224/zazz_070224/xxss_070224.d; 070224; 10M
/home/harodonw/.vscode-server/dedee_030224/zazz_070224/sxss_070224.cdc; 070224; 10M
/home/harodonw/.vscode-server/dedee_030224/zazz_070224/sxsx_070224.c; 070224; 10M
/home/harodonw/.vscode-server/dedee_030224/zazz_070224/sxsx_070224.c; 070224; 10M
/home/harodonw/.vscode-server/data/zazz_070224/xxssxs_070224.dc; 070224; 10M
/home/harodonw/.vscode-server/data/zazz_070224/ssxs_070224.cdc; 070224; 10M
/home/harodonw/.vscode-server/data/zazz_070224/xxxs_070224.ccc; 070224; 10M
/home/harodonw/.vscode-server/data/zazz_070224/xsxx_070224.ccd; 070224; 10M
/home/harodonw/.vscode-server/data/CachedExtensions/zazz_070224/xxxx_070224.d; 070224; 10M
/home/harodonw/.vscode-server/data/CachedExtensions/zazz_070224/xxssxss_070224.c; 070224; 10M
/home/harodonw/.vscode-server/data/CachedExtensions/zazz_070224/xxxx_070224.d; 070224; 10M
/home/harodonw/.vscode-server/data/CachedExtensions/zazz_070224/xssssxx_070224.ccd; 070224; 10M
/home/harodonw/.vscode-server/data/CachedExtensions/zazz_070224/ssxss_070224.ddc; 070224; 10M
/home/harodonw/.vscode-server/data/CachedExtensions/zazz_070224/ssxss_070224.ddc; 070224; 10M
/home/harodonw/.vscode-server/data/CachedExtensions/zazz_070224/ssxss_070224.ddc; 070224; 10M
/home/harodonw/.vscode-server/data/CachedExtensions/dedee_030224/zazz_070224/xsxxssx_070224.c; 070224; 10M
/home/harodonw/.vscode-server/data/CachedExtensions/dedee_030224/zazz_070224/sxxxxxx_070224.dcd; 070224; 10M
/home/harodonw/.vscode-server/data/CachedExtensions/dedee_030224/zazz_070224/sxxsxs_070224.c; 070224; 10M
/home/harodonw/.vscode-server/data/CachedExtensions/dedee_030224/zazz_070224/sxxsxs_070224.c; 070224; 10M
/home/harodonw/.vscode-server/data/CachedExtensions/zzaz_030224/zazz_070224/xsss_070224.cdd; 070224; 10M
/home/harodonw/.vscode-server/data/CachedExtensions/zzaz_030224/zazz_070224/ssssxsx_070224.cdc; 070224; 10M
/home/harodonw/.vscode-server/data/CachedExtensions/zzaz_030224/zazz_070224/ssssxsx_070224.cdc; 070224; 10M
/home/harodonw/.vscode-server/data/CachedExtensions/zzaz_030224/zazz_070224/xsxxsxx_070224.dcc; 070224; 10M
/home/harodonw/.vscode-server/data/CachedExtensions/eeedd_030224/zazz_070224/sssx_070224.dd; 070224; 10M
/home/harodonw/.vscode-server/data/CachedExtensions/eeedd_030224/zazz_070224/xssxxs_070224.cc; 070224; 10M
/home/harodonw/.vscode-server/data/CachedExtensions/eeedd_030224/zazz_070224/ssxss_070224.cd; 070224; 10M
/home/harodonw/.vscode-server/data/CachedExtensions/eeedd_030224/zazz_070224/ssxss_070224.cd; 070224; 10M
/home/harodonw/.vscode-server/data/CachedExtensions/eeedd_030224/zazz_070224/xssx_070224.cdc; 070224; 10M
/home/harodonw/.vscode-server/data/CachedExtensions/cccvv_060224/zazz_070224/sxxxxsx_070224.cc; 070224; 10M
/home/harodonw/.vscode-server/data/CachedExtensions/cccvv_060224/zazz_070224/ssssxx_070224.d; 070224; 10M
/home/harodonw/.vscode-server/data/CachedExtensions/cccvv_060224/zazz_070224/sssxsx_070224.d; 070224; 10M
/home/harodonw/.vscode-server/data/CachedExtensions/cccvv_060224/zazz_070224/xssssx_070224.d; 070224; 10M
/home/harodonw/.vscode-server/data/CachedExtensions/cccvv_060224/zazz_070224/xssssx_070224.d; 070224; 10M
/home/harodonw/.vscode-server/data/CachedExtensions/eddd_030224/zazz_070224/ssxxx_070224.cd; 070224; 10M
/home/harodonw/.vscode-server/data/CachedExtensions/eddd_030224/zazz_070224/ssxsxxs_070224.d; 070224; 10M
/home/harodonw/.vscode-server/data/CachedExtensions/eddd_030224/zazz_070224/xsxx_070224.ddd; 070224; 10M
/home/harodonw/.vscode-server/data/CachedExtensions/eddd_030224/zazz_070224/sxssxx_070224.dcc; 070224; 10M
/home/harodonw/.vscode-server/data/CachedExtensions/eddd_030224/zazz_070224/sxssxx_070224.dcc; 070224; 10M
/home/harodonw/.vscode-server/data/CachedExtensions/ddded_030224/zazz_070224/sxxs_070224.dcd; 070224; 10M
/home/harodonw/.vscode-server/data/CachedExtensions/ddded_030224/zazz_070224/sxssssx_070224.dcc; 070224; 10M
/home/harodonw/.vscode-server/data/CachedExtensions/ddded_030224/zazz_070224/xxss_070224.c; 070224; 10M
/home/harodonw/.vscode-server/data/CachedExtensions/ddded_030224/zazz_070224/xxxsxx_070224.ccd; 070224; 10M
/home/harodonw/.vscode-server/data/CachedExtensions/ddded_030224/zazz_070224/xsss_070224.cdd; 070224; 10M
/home/harodonw/.vscode-server/data/CachedExtensions/ddeddd_030224/zazz_070224/ssxssxx_070224.d; 070224; 10M
/home/harodonw/.vscode-server/data/CachedExtensions/ddeddd_030224/zazz_070224/ssxssxx_070224.d; 070224; 10M
/home/harodonw/.vscode-server/data/CachedExtensions/ddeddd_030224/zazz_070224/sxsx_070224.ddc; 070224; 10M
/home/harodonw/.vscode-server/data/CachedExtensions/ddeddd_030224/zazz_070224/sxsx_070224.ddc; 070224; 10M
/home/harodonw/.vscode-server/data/CachedExtensions/ddeddd_030224/zazz_070224/sxsx_070224.ddc; 070224; 10M
/home/harodonw/.vscode-server/data/CachedExtensions/dedd_030224/zazz_070224/sssxxx_070224.ccc; 070224; 10M
/home/harodonw/.vscode-server/data/CachedExtensions/dedd_030224/zazz_070224/ssxssxx_070224.ccd; 070224; 10M
/home/harodonw/.vscode-server/data/CachedExtensions/dedd_030224/zazz_070224/ssxssxx_070224.ccd; 070224; 10M
/home/harodonw/.vscode-server/data/CachedExtensions/dedd_030224/zazz_070224/ssxssxx_070224.ccd; 070224; 10M
/home/harodonw/.vscode-server/data/CachedExtensions/dedd_030224/zazz_070224/ssxss_070224.ddc; 070224; 10M
/home/harodonw/.vscode-server/data/CachedExtensionVSIXs/zazz_070224/xxxss_070224.cd; 070224; 10M
/home/harodonw/.vscode-server/data/CachedExtensionVSIXs/zazz_070224/xxxss_070224.cd; 070224; 10M
/home/harodonw/.vscode-server/data/CachedExtensionVSIXs/zazz_070224/xxxxxx_070224.cdc; 070224; 10M
/home/harodonw/.vscode-server/data/CachedExtensionVSIXs/zazz_070224/xsxsxss_070224.dcc; 070224; 10M
/home/harodonw/.vscode-server/data/CachedExtensionVSIXs/zazz_070224/ssssxx_070224.d; 070224; 10M
/home/harodonw/.vscode-server/data/CachedExtensionVSIXs/dedee_030224/zazz_070224/sxxxs_070224.dcd; 070224; 10M
/home/harodonw/.vscode-server/data/CachedExtensionVSIXs/dedee_030224/zazz_070224/xsxxss_070224.dd; 070224; 10M
/home/harodonw/.vscode-server/data/CachedExtensionVSIXs/dedee_030224/zazz_070224/sxsss_070224.ccd; 070224; 10M
/home/harodonw/.vscode-server/data/CachedExtensionVSIXs/dedee_030224/zazz_070224/sxsss_070224.ccd; 070224; 10M
/home/harodonw/.vscode-server/data/CachedExtensionVSIXs/dedee_030224/zazz_070224/ssxsxxs_070224.d; 070224; 10M
/home/harodonw/.vscode-server/data/CachedExtensionVSIXs/dedee_030224/zazz_070224/ssxsxxs_070224.d; 070224; 10M
/home/harodonw/.vscode-server/data/CachedExtensionVSIXs/zzaz_030224/zazz_070224/xxxxsxs_070224.dd; 070224; 10M
/home/harodonw/.vscode-server/data/CachedExtensionVSIXs/zzaz_030224/zazz_070224/xxxxsxs_070224.dd; 070224; 10M
/home/harodonw/.vscode-server/data/CachedExtensionVSIXs/zzaz_030224/zazz_070224/ssxxxxs_070224.cc; 070224; 10M
/home/harodonw/.vscode-server/data/CachedExtensionVSIXs/zzaz_030224/zazz_070224/xssxss_070224.ddc; 070224; 10M
/home/harodonw/.vscode-server/data/CachedExtensionVSIXs/zzaz_030224/zazz_070224/xssxss_070224.ddc; 070224; 10M
/home/harodonw/.vscode-server/data/CachedExtensionVSIXs/eeedd_030224/zazz_070224/xssxxss_070224.cc; 070224; 10M
/home/harodonw/.vscode-server/data/CachedExtensionVSIXs/eeedd_030224/zazz_070224/xssxxss_070224.cc; 070224; 10M
/home/harodonw/.vscode-server/data/CachedExtensionVSIXs/eeedd_030224/zazz_070224/xsssssx_070224.c; 070224; 10M
/home/harodonw/.vscode-server/data/CachedExtensionVSIXs/eeedd_030224/zazz_070224/xssxs_070224.d; 070224; 10M
/home/harodonw/.vscode-server/data/CachedExtensionVSIXs/cccvv_060224/zazz_070224/sxxxxsx_070224.ccd; 070224; 10M
/home/harodonw/.vscode-server/data/CachedExtensionVSIXs/cccvv_060224/zazz_070224/sxxxxsx_070224.ccd; 070224; 10M
/home/harodonw/.vscode-server/data/CachedExtensionVSIXs/cccvv_060224/zazz_070224/xssx_070224.ccd; 070224; 10M
/home/harodonw/.vscode-server/data/CachedExtensionVSIXs/cccvv_060224/zazz_070224/xxsssss_070224.d; 070224; 10M
/home/harodonw/.vscode-server/data/CachedExtensionVSIXs/cccvv_060224/zazz_070224/sxsx_070224.c; 070224; 10M
/home/harodonw/.vscode-server/data/CachedExtensionVSIXs/cccvv_060224/zazz_070224/sxsx_070224.c; 070224; 10M
/home/harodonw/.vscode-server/data/CachedExtensionVSIXs/eddd_030224/zazz_070224/xxssxss_070224.dd; 070224; 10M
/home/harodonw/.vscode-server/data/CachedExtensionVSIXs/eddd_030224/zazz_070224/sxsssx_070224.d; 070224; 10M
/home/harodonw/.vscode-server/data/CachedExtensionVSIXs/eddd_030224/zazz_070224/sxsssx_070224.d; 070224; 10M
/home/harodonw/.vscode-server/data/CachedExtensionVSIXs/eddd_030224/zazz_070224/xsxxxs_070224.ccd; 070224; 10M
/home/harodonw/.vscode-server/data/CachedExtensionVSIXs/ddded_030224/zazz_070224/ssxxx_070224.c; 070224; 10M
/home/harodonw/.vscode-server/data/CachedExtensionVSIXs/ddded_030224/zazz_070224/xsxsxx_070224.d; 070224; 10M
/home/harodonw/.vscode-server/data/CachedExtensionVSIXs/ddded_030224/zazz_070224/xsxsxx_070224.d; 070224; 10M
/home/harodonw/.vscode-server/data/CachedExtensionVSIXs/ddded_030224/zazz_070224/sxssxxs_070224.dcd; 070224; 10M
/home/harodonw/.vscode-server/data/CachedExtensionVSIXs/ddded_030224/zazz_070224/xxxss_070224.dd; 070224; 10M
/home/harodonw/.vscode-server/data/CachedExtensionVSIXs/ddeddd_030224/zazz_070224/xssxsx_070224.ddd; 070224; 10M
/home/harodonw/.vscode-server/data/CachedExtensionVSIXs/ddeddd_030224/zazz_070224/xxsssxx_070224.dd; 070224; 10M
/home/harodonw/.vscode-server/data/CachedExtensionVSIXs/ddeddd_030224/zazz_070224/xxsxxsx_070224.c; 070224; 10M
/home/harodonw/.vscode-server/data/CachedExtensionVSIXs/ddeddd_030224/zazz_070224/xssxsss_070224.d; 070224; 10M
/home/harodonw/.vscode-server/data/CachedExtensionVSIXs/ddeddd_030224/zazz_070224/xsss_070224.ccc; 070224; 10M
/home/harodonw/.vscode-server/data/CachedExtensionVSIXs/dedd_030224/zazz_070224/ssxsxsx_070224.cd; 070224; 10M
/home/harodonw/.vscode-server/data/CachedExtensionVSIXs/dedd_030224/zazz_070224/ssxsx_070224.d; 070224; 10M
/home/harodonw/.vscode-server/data/CachedExtensionVSIXs/dedd_030224/zazz_070224/sxss_070224.dc; 070224; 10M
/home/harodonw/.vscode-server/data/CachedExtensionVSIXs/dedd_030224/zazz_070224/sxss_070224.dc; 070224; 10M
/home/harodonw/.vscode-server/data/CachedExtensionVSIXs/dedd_030224/zazz_070224/xssssss_070224.dc; 070224; 10M
/home/harodonw/.vscode-server/data/clp/zazz_070224/xxsssx_070224.cc; 070224; 10M
/home/harodonw/.vscode-server/data/clp/zazz_070224/xxsssx_070224.cc; 070224; 10M
/home/harodonw/.vscode-server/data/clp/zazz_070224/xxssx_070224.dd; 070224; 10M
/home/harodonw/.vscode-server/data/clp/zazz_070224/xxxx_070224.d; 070224; 10M
/home/harodonw/.vscode-server/data/clp/zazz_070224/xsxx_070224.ccd; 070224; 10M
/home/harodonw/.vscode-server/data/clp/dedee_030224/zazz_070224/xsxxx_070224.cc; 070224; 10M
/home/harodonw/.vscode-server/data/clp/dedee_030224/zazz_070224/xxsxx_070224.ddd; 070224; 10M
/home/harodonw/.vscode-server/data/clp/dedee_030224/zazz_070224/xsxxssx_070224.cc; 070224; 10M
/home/harodonw/.vscode-server/data/clp/dedee_030224/zazz_070224/xssxx_070224.c; 070224; 10M
/home/harodonw/.vscode-server/data/clp/dedee_030224/zazz_070224/xsxxs_070224.cdc; 070224; 10M
/home/harodonw/.vscode-server/data/clp/0c20fdff8b2bdab38b248cc1da10b564.ru/zazz_070224/sxxs_070224.ddc; 070224; 10M
/home/harodonw/.vscode-server/data/clp/0c20fdff8b2bdab38b248cc1da10b564.ru/zazz_070224/xssss_070224.d; 070224; 10M
/home/harodonw/.vscode-server/data/clp/0c20fdff8b2bdab38b248cc1da10b564.ru/zazz_070224/xssss_070224.d; 070224; 10M
/home/harodonw/.vscode-server/data/clp/0c20fdff8b2bdab38b248cc1da10b564.ru/zazz_070224/xsssx_070224.cdc; 070224; 10M
/home/harodonw/.vscode-server/data/clp/0c20fdff8b2bdab38b248cc1da10b564.ru/zazz_070224/xsssx_070224.cdc; 070224; 10M
/home/harodonw/.vscode-server/data/clp/0c20fdff8b2bdab38b248cc1da10b564.ru/dedee_030224/zazz_070224/xxxx_070224.dcd; 070224; 10M
/home/harodonw/.vscode-server/data/clp/0c20fdff8b2bdab38b248cc1da10b564.ru/dedee_030224/zazz_070224/xsxs_070224.dd; 070224; 10M
/home/harodonw/.vscode-server/data/clp/0c20fdff8b2bdab38b248cc1da10b564.ru/dedee_030224/zazz_070224/xxxxx_070224.ddd; 070224; 10M
/home/harodonw/.vscode-server/data/clp/0c20fdff8b2bdab38b248cc1da10b564.ru/dedee_030224/zazz_070224/xxxxx_070224.ddd; 070224; 10M
/home/harodonw/.vscode-server/data/clp/0c20fdff8b2bdab38b248cc1da10b564.ru/dedee_030224/zazz_070224/xsss_070224.cc; 070224; 10M
/home/harodonw/.vscode-server/data/clp/0c20fdff8b2bdab38b248cc1da10b564.ru/zzaz_030224/zazz_070224/xsxxx_070224.dc; 070224; 10M
/home/harodonw/.vscode-server/data/clp/0c20fdff8b2bdab38b248cc1da10b564.ru/zzaz_030224/zazz_070224/xsxxx_070224.dc; 070224; 10M
/home/harodonw/.vscode-server/data/clp/0c20fdff8b2bdab38b248cc1da10b564.ru/zzaz_030224/zazz_070224/xssxxss_070224.dc; 070224; 10M
/home/harodonw/.vscode-server/data/clp/0c20fdff8b2bdab38b248cc1da10b564.ru/zzaz_030224/zazz_070224/xxssssx_070224.ddd; 070224; 10M
/home/harodonw/.vscode-server/data/clp/0c20fdff8b2bdab38b248cc1da10b564.ru/zzaz_030224/zazz_070224/ssssxs_070224.d; 070224; 10M
/home/harodonw/.vscode-server/data/clp/0c20fdff8b2bdab38b248cc1da10b564.ru/eeedd_030224/zazz_070224/xxsxx_070224.c; 070224; 10M
/home/harodonw/.vscode-server/data/clp/0c20fdff8b2bdab38b248cc1da10b564.ru/eeedd_030224/zazz_070224/xxssxs_070224.dc; 070224; 10M
/home/harodonw/.vscode-server/data/clp/0c20fdff8b2bdab38b248cc1da10b564.ru/eeedd_030224/zazz_070224/xsss_070224.ddd; 070224; 10M
/home/harodonw/.vscode-server/data/clp/0c20fdff8b2bdab38b248cc1da10b564.ru/eeedd_030224/zazz_070224/xxsxxss_070224.d; 070224; 10M
/home/harodonw/.vscode-server/data/clp/0c20fdff8b2bdab38b248cc1da10b564.ru/eeedd_030224/zazz_070224/sxxsxss_070224.ddd; 070224; 10M
/home/harodonw/.vscode-server/data/clp/0c20fdff8b2bdab38b248cc1da10b564.ru/eeedd_030224/zazz_070224/sxxsxss_070224.ddd; 070224; 10M
/home/harodonw/.vscode-server/data/clp/0c20fdff8b2bdab38b248cc1da10b564.ru/eeedd_030224/zazz_070224/sxxsxss_070224.ddd; 070224; 10M
/home/harodonw/.vscode-server/data/clp/0c20fdff8b2bdab38b248cc1da10b564.ru/cccvv_060224/zazz_070224/ssxss_070224.d; 070224; 10M
/home/harodonw/.vscode-server/data/clp/0c20fdff8b2bdab38b248cc1da10b564.ru/cccvv_060224/zazz_070224/ssxss_070224.d; 070224; 10M
/home/harodonw/.vscode-server/data/clp/0c20fdff8b2bdab38b248cc1da10b564.ru/cccvv_060224/zazz_070224/ssxss_070224.d; 070224; 10M
/home/harodonw/.vscode-server/data/clp/0c20fdff8b2bdab38b248cc1da10b564.ru/cccvv_060224/zazz_070224/ssxss_070224.d; 070224; 10M
/home/harodonw/.vscode-server/data/clp/0c20fdff8b2bdab38b248cc1da10b564.ru/eddd_030224/zazz_070224/xsxsx_070224.dd; 070224; 10M
/home/harodonw/.vscode-server/data/clp/0c20fdff8b2bdab38b248cc1da10b564.ru/eddd_030224/zazz_070224/xsxsx_070224.dd; 070224; 10M
/home/harodonw/.vscode-server/data/clp/0c20fdff8b2bdab38b248cc1da10b564.ru/eddd_030224/zazz_070224/sxsxxss_070224.dd; 070224; 10M
/home/harodonw/.vscode-server/data/clp/0c20fdff8b2bdab38b248cc1da10b564.ru/eddd_030224/zazz_070224/xsxsss_070224.cdd; 070224; 10M
/home/harodonw/.vscode-server/data/clp/0c20fdff8b2bdab38b248cc1da10b564.ru/0ee08df0cf4527e40edc9aa28f4b5bd38bbff2b2/zazz_070224/xsssxs_070224.ccd; 070224; 10M
/home/harodonw/.vscode-server/data/clp/0c20fdff8b2bdab38b248cc1da10b564.ru/0ee08df0cf4527e40edc9aa28f4b5bd38bbff2b2/zazz_070224/xxsxxxs_070224.c; 070224; 10M
/home/harodonw/.vscode-server/data/clp/0c20fdff8b2bdab38b248cc1da10b564.ru/0ee08df0cf4527e40edc9aa28f4b5bd38bbff2b2/zazz_070224/sxsxss_070224.cc; 070224; 10M
/home/harodonw/.vscode-server/data/clp/0c20fdff8b2bdab38b248cc1da10b564.ru/0ee08df0cf4527e40edc9aa28f4b5bd38bbff2b2/zazz_070224/sxsxss_070224.cc; 070224; 10M
/home/harodonw/.vscode-server/data/clp/0c20fdff8b2bdab38b248cc1da10b564.ru/0ee08df0cf4527e40edc9aa28f4b5bd38bbff2b2/zazz_070224/sxxss_070224.cc; 070224; 10M
/home/harodonw/.vscode-server/data/clp/0c20fdff8b2bdab38b248cc1da10b564.ru/0ee08df0cf4527e40edc9aa28f4b5bd38bbff2b2/zazz_070224/sxxss_070224.cc; 070224; 10M
/home/harodonw/.vscode-server/data/clp/0c20fdff8b2bdab38b248cc1da10b564.ru/0ee08df0cf4527e40edc9aa28f4b5bd38bbff2b2/dedee_030224/zazz_070224/xsss_070224.dd; 070224; 10M
/home/harodonw/.vscode-server/data/clp/0c20fdff8b2bdab38b248cc1da10b564.ru/0ee08df0cf4527e40edc9aa28f4b5bd38bbff2b2/dedee_030224/zazz_070224/xxss_070224.ddd; 070224; 10M
/home/harodonw/.vscode-server/data/clp/0c20fdff8b2bdab38b248cc1da10b564.ru/0ee08df0cf4527e40edc9aa28f4b5bd38bbff2b2/dedee_030224/zazz_070224/xsss_070224.c; 070224; 10M
/home/harodonw/.vscode-server/data/clp/0c20fdff8b2bdab38b248cc1da10b564.ru/0ee08df0cf4527e40edc9aa28f4b5bd38bbff2b2/dedee_030224/zazz_070224/ssxss_070224.d; 070224; 10M
/home/harodonw/.vscode-server/data/clp/0c20fdff8b2bdab38b248cc1da10b564.ru/0ee08df0cf4527e40edc9aa28f4b5bd38bbff2b2/zzaz_030224/zazz_070224/xxsxx_070224.ddd; 070224; 10M
/home/harodonw/.vscode-server/data/clp/0c20fdff8b2bdab38b248cc1da10b564.ru/0ee08df0cf4527e40edc9aa28f4b5bd38bbff2b2/zzaz_030224/zazz_070224/xxsxs_070224.dd; 070224; 10M
/home/harodonw/.vscode-server/data/clp/0c20fdff8b2bdab38b248cc1da10b564.ru/0ee08df0cf4527e40edc9aa28f4b5bd38bbff2b2/zzaz_030224/zazz_070224/xsssx_070224.dc; 070224; 10M
/home/harodonw/.vscode-server/data/clp/0c20fdff8b2bdab38b248cc1da10b564.ru/0ee08df0cf4527e40edc9aa28f4b5bd38bbff2b2/zzaz_030224/zazz_070224/xsssx_070224.dc; 070224; 10M
/home/harodonw/.vscode-server/data/clp/0c20fdff8b2bdab38b248cc1da10b564.ru/0ee08df0cf4527e40edc9aa28f4b5bd38bbff2b2/zzaz_030224/zazz_070224/sxxxsxs_070224.cdc; 070224; 10M
/home/harodonw/.vscode-server/data/clp/0c20fdff8b2bdab38b248cc1da10b564.ru/0ee08df0cf4527e40edc9aa28f4b5bd38bbff2b2/zzaz_030224/zazz_070224/sxxxsxs_070224.cdc; 070224; 10M
/home/harodonw/.vscode-server/data/clp/0c20fdff8b2bdab38b248cc1da10b564.ru/0ee08df0cf4527e40edc9aa28f4b5bd38bbff2b2/eeedd_030224/zazz_070224/xxxssx_070224.cdc; 070224; 10M
/home/harodonw/.vscode-server/data/clp/0c20fdff8b2bdab38b248cc1da10b564.ru/0ee08df0cf4527e40edc9aa28f4b5bd38bbff2b2/eeedd_030224/zazz_070224/xxsxx_070224.ccd; 070224; 10M
/home/harodonw/.vscode-server/data/clp/0c20fdff8b2bdab38b248cc1da10b564.ru/0ee08df0cf4527e40edc9aa28f4b5bd38bbff2b2/eeedd_030224/zazz_070224/xxsxx_070224.ccd; 070224; 10M
/home/harodonw/.vscode-server/data/clp/0c20fdff8b2bdab38b248cc1da10b564.ru/0ee08df0cf4527e40edc9aa28f4b5bd38bbff2b2/eeedd_030224/zazz_070224/xxsxx_070224.ccd; 070224; 10M
/home/harodonw/.vscode-server/data/clp/0c20fdff8b2bdab38b248cc1da10b564.ru/0ee08df0cf4527e40edc9aa28f4b5bd38bbff2b2/cccvv_060224/zazz_070224/xsxx_070224.dcc; 070224; 10M
/home/harodonw/.vscode-server/data/clp/0c20fdff8b2bdab38b248cc1da10b564.ru/0ee08df0cf4527e40edc9aa28f4b5bd38bbff2b2/cccvv_060224/zazz_070224/xsxx_070224.dcc; 070224; 10M
/home/harodonw/.vscode-server/data/clp/0c20fdff8b2bdab38b248cc1da10b564.ru/0ee08df0cf4527e40edc9aa28f4b5bd38bbff2b2/cccvv_060224/zazz_070224/sxxsxss_070224.dc; 070224; 10M
/home/harodonw/.vscode-server/data/clp/0c20fdff8b2bdab38b248cc1da10b564.ru/0ee08df0cf4527e40edc9aa28f4b5bd38bbff2b2/cccvv_060224/zazz_070224/sxxsxss_070224.dc; 070224; 10M
/home/harodonw/.vscode-server/data/clp/0c20fdff8b2bdab38b248cc1da10b564.ru/0ee08df0cf4527e40edc9aa28f4b5bd38bbff2b2/cccvv_060224/zazz_070224/sxxsxss_070224.dc; 070224; 10M
/home/harodonw/.vscode-server/data/clp/0c20fdff8b2bdab38b248cc1da10b564.ru/0ee08df0cf4527e40edc9aa28f4b5bd38bbff2b2/cccvv_060224/zazz_070224/sxxsxss_070224.dc; 070224; 10M
/home/harodonw/.vscode-server/data/clp/0c20fdff8b2bdab38b248cc1da10b564.ru/0ee08df0cf4527e40edc9aa28f4b5bd38bbff2b2/eddd_030224/zazz_070224/sxxssss_070224.ccd; 070224; 10M
/home/harodonw/.vscode-server/data/clp/0c20fdff8b2bdab38b248cc1da10b564.ru/0ee08df0cf4527e40edc9aa28f4b5bd38bbff2b2/eddd_030224/zazz_070224/sxxssss_070224.ccd; 070224; 10M
/home/harodonw/.vscode-server/data/clp/0c20fdff8b2bdab38b248cc1da10b564.ru/0ee08df0cf4527e40edc9aa28f4b5bd38bbff2b2/eddd_030224/zazz_070224/sxxssss_070224.ccd; 070224; 10M
/home/harodonw/.vscode-server/data/clp/0c20fdff8b2bdab38b248cc1da10b564.ru/0ee08df0cf4527e40edc9aa28f4b5bd38bbff2b2/eddd_030224/zazz_070224/xssxx_070224.ddc; 070224; 10M
/home/harodonw/.vscode-server/data/clp/0c20fdff8b2bdab38b248cc1da10b564.ru/0ee08df0cf4527e40edc9aa28f4b5bd38bbff2b2/eddd_030224/zazz_070224/xssxx_070224.ddc; 070224; 10M
/home/harodonw/.vscode-server/data/clp/0c20fdff8b2bdab38b248cc1da10b564.ru/0ee08df0cf4527e40edc9aa28f4b5bd38bbff2b2/eddd_030224/zazz_070224/xssxx_070224.ddc; 070224; 10M
/home/harodonw/.vscode-server/data/clp/0c20fdff8b2bdab38b248cc1da10b564.ru/0ee08df0cf4527e40edc9aa28f4b5bd38bbff2b2/eddd_030224/zazz_070224/xssxx_070224.ddc; 070224; 10M
/home/harodonw/.vscode-server/data/clp/0c20fdff8b2bdab38b248cc1da10b564.ru/0ee08df0cf4527e40edc9aa28f4b5bd38bbff2b2/ddded_030224/zazz_070224/xssssxs_070224.c; 070224; 10M
/home/harodonw/.vscode-server/data/clp/0c20fdff8b2bdab38b248cc1da10b564.ru/0ee08df0cf4527e40edc9aa28f4b5bd38bbff2b2/ddded_030224/zazz_070224/xsxx_070224.c; 070224; 10M
/home/harodonw/.vscode-server/data/clp/0c20fdff8b2bdab38b248cc1da10b564.ru/0ee08df0cf4527e40edc9aa28f4b5bd38bbff2b2/ddeddd_030224/zazz_070224/ssss_070224.cc; 070224; 10M
/home/harodonw/.vscode-server/data/clp/0c20fdff8b2bdab38b248cc1da10b564.ru/0ee08df0cf4527e40edc9aa28f4b5bd38bbff2b2/ddeddd_030224/zazz_070224/ssss_070224.cc; 070224; 10M
/home/harodonw/.vscode-server/data/clp/0c20fdff8b2bdab38b248cc1da10b564.ru/0ee08df0cf4527e40edc9aa28f4b5bd38bbff2b2/ddeddd_030224/zazz_070224/ssss_070224.cc; 070224; 10M
/home/harodonw/.vscode-server/data/clp/0c20fdff8b2bdab38b248cc1da10b564.ru/0ee08df0cf4527e40edc9aa28f4b5bd38bbff2b2/ddeddd_030224/zazz_070224/xxsxsx_070224.cdc; 070224; 10M
/home/harodonw/.vscode-server/data/clp/0c20fdff8b2bdab38b248cc1da10b564.ru/0ee08df0cf4527e40edc9aa28f4b5bd38bbff2b2/ddeddd_030224/zazz_070224/sssxs_070224.d; 070224; 10M
/home/harodonw/.vscode-server/data/clp/0c20fdff8b2bdab38b248cc1da10b564.ru/0ee08df0cf4527e40edc9aa28f4b5bd38bbff2b2/dedd_030224/zazz_070224/xssx_070224.dcd; 070224; 10M
/home/harodonw/.vscode-server/data/clp/0c20fdff8b2bdab38b248cc1da10b564.ru/0ee08df0cf4527e40edc9aa28f4b5bd38bbff2b2/dedd_030224/zazz_070224/xxxx_070224.d; 070224; 10M
/home/harodonw/.vscode-server/data/clp/0c20fdff8b2bdab38b248cc1da10b564.ru/0ee08df0cf4527e40edc9aa28f4b5bd38bbff2b2/dedd_030224/zazz_070224/xxxsxxs_070224.cc; 070224; 10M
/home/harodonw/.vscode-server/data/clp/0c20fdff8b2bdab38b248cc1da10b564.ru/0ee08df0cf4527e40edc9aa28f4b5bd38bbff2b2/dedd_030224/zazz_070224/xxss_070224.c; 070224; 10M
/home/harodonw/.vscode-server/data/clp/0c20fdff8b2bdab38b248cc1da10b564.ru/0ee08df0cf4527e40edc9aa28f4b5bd38bbff2b2/dedd_030224/zazz_070224/xxssx_070224.cdc; 070224; 10M
/home/harodonw/.vscode-server/data/clp/0c20fdff8b2bdab38b248cc1da10b564.ru/ddded_030224/zazz_070224/xsxs_070224.cdc; 070224; 10M
/home/harodonw/.vscode-server/data/clp/0c20fdff8b2bdab38b248cc1da10b564.ru/ddded_030224/zazz_070224/xsxssx_070224.dcd; 070224; 10M
/home/harodonw/.vscode-server/data/clp/0c20fdff8b2bdab38b248cc1da10b564.ru/ddded_030224/zazz_070224/xsxsx_070224.cc; 070224; 10M
/home/harodonw/.vscode-server/data/clp/0c20fdff8b2bdab38b248cc1da10b564.ru/ddded_030224/zazz_070224/xsxx_070224.dcd; 070224; 10M
/home/harodonw/.vscode-server/data/clp/0c20fdff8b2bdab38b248cc1da10b564.ru/ddded_030224/zazz_070224/xxssss_070224.ccc; 070224; 10M
/home/harodonw/.vscode-server/data/clp/0c20fdff8b2bdab38b248cc1da10b564.ru/ddeddd_030224/zazz_070224/sxsssxx_070224.cc; 070224; 10M
/home/harodonw/.vscode-server/data/clp/0c20fdff8b2bdab38b248cc1da10b564.ru/ddeddd_030224/zazz_070224/xxxs_070224.d; 070224; 10M
/home/harodonw/.vscode-server/data/clp/0c20fdff8b2bdab38b248cc1da10b564.ru/ddeddd_030224/zazz_070224/sxxx_070224.ccd; 070224; 10M
/home/harodonw/.vscode-server/data/clp/0c20fdff8b2bdab38b248cc1da10b564.ru/ddeddd_030224/zazz_070224/xsxsxxx_070224.c; 070224; 10M
/home/harodonw/.vscode-server/data/clp/0c20fdff8b2bdab38b248cc1da10b564.ru/ddeddd_030224/zazz_070224/xsxsxxx_070224.c; 070224; 10M
/home/harodonw/.vscode-server/data/clp/0c20fdff8b2bdab38b248cc1da10b564.ru/dedd_030224/zazz_070224/xxsxxx_070224.ccc; 070224; 10M
/home/harodonw/.vscode-server/data/clp/0c20fdff8b2bdab38b248cc1da10b564.ru/dedd_030224/zazz_070224/xxsxxx_070224.ccc; 070224; 10M
/home/harodonw/.vscode-server/data/clp/0c20fdff8b2bdab38b248cc1da10b564.ru/dedd_030224/zazz_070224/ssxxx_070224.dd; 070224; 10M
/home/harodonw/.vscode-server/data/clp/0c20fdff8b2bdab38b248cc1da10b564.ru/dedd_030224/zazz_070224/sxsx_070224.cc; 070224; 10M
/home/harodonw/.vscode-server/data/clp/0c20fdff8b2bdab38b248cc1da10b564.ru/dedd_030224/zazz_070224/xsssxss_070224.cd; 070224; 10M
/home/harodonw/.vscode-server/data/clp/zzaz_030224/zazz_070224/xxxxxx_070224.ccd; 070224; 10M
/home/harodonw/.vscode-server/data/clp/zzaz_030224/zazz_070224/xsxxs_070224.d; 070224; 10M
/home/harodonw/.vscode-server/data/clp/zzaz_030224/zazz_070224/xsssss_070224.ccd; 070224; 10M
/home/harodonw/.vscode-server/data/clp/zzaz_030224/zazz_070224/ssssss_070224.d; 070224; 10M
/home/harodonw/.vscode-server/data/clp/zzaz_030224/zazz_070224/xxssxxs_070224.d; 070224; 10M
/home/harodonw/.vscode-server/data/clp/eeedd_030224/zazz_070224/xxsx_070224.cc; 070224; 10M
/home/harodonw/.vscode-server/data/clp/eeedd_030224/zazz_070224/xxsx_070224.cc; 070224; 10M
/home/harodonw/.vscode-server/data/clp/eeedd_030224/zazz_070224/sxssss_070224.ddc; 070224; 10M
/home/harodonw/.vscode-server/data/clp/eeedd_030224/zazz_070224/sxsxs_070224.c; 070224; 10M
/home/harodonw/.vscode-server/data/clp/eeedd_030224/zazz_070224/sxssxs_070224.c; 070224; 10M
/home/harodonw/.vscode-server/data/clp/eeedd_030224/zazz_070224/sxssxs_070224.c; 070224; 10M
/home/harodonw/.vscode-server/data/clp/cccvv_060224/zazz_070224/xsssxs_070224.cc; 070224; 10M
/home/harodonw/.vscode-server/data/clp/cccvv_060224/zazz_070224/ssssx_070224.dd; 070224; 10M
/home/harodonw/.vscode-server/data/clp/cccvv_060224/zazz_070224/xxxsx_070224.dd; 070224; 10M
/home/harodonw/.vscode-server/data/clp/cccvv_060224/zazz_070224/xssxx_070224.dd; 070224; 10M
/home/harodonw/.vscode-server/data/clp/eddd_030224/zazz_070224/sxxxss_070224.cc; 070224; 10M
/home/harodonw/.vscode-server/data/clp/eddd_030224/zazz_070224/sxxxss_070224.cc; 070224; 10M
/home/harodonw/.vscode-server/data/clp/eddd_030224/zazz_070224/xssxss_070224.dcd; 070224; 10M
/home/harodonw/.vscode-server/data/clp/eddd_030224/zazz_070224/xsxxsxx_070224.dcd; 070224; 10M
/home/harodonw/.vscode-server/data/clp/eddd_030224/zazz_070224/ssssss_070224.cdc; 070224; 10M
/home/harodonw/.vscode-server/data/clp/eddd_030224/zazz_070224/ssssss_070224.cdc; 070224; 10M
/home/harodonw/.vscode-server/data/clp/d3cff91df0b3cb0b7e0e22ca50ffb731.ru/zazz_070224/xsss_070224.c; 070224; 10M
/home/harodonw/.vscode-server/data/clp/d3cff91df0b3cb0b7e0e22ca50ffb731.ru/zazz_070224/sxxxssx_070224.c; 070224; 10M
/home/harodonw/.vscode-server/data/clp/d3cff91df0b3cb0b7e0e22ca50ffb731.ru/zazz_070224/xsxx_070224.cdc; 070224; 10M
/home/harodonw/.vscode-server/data/clp/d3cff91df0b3cb0b7e0e22ca50ffb731.ru/zazz_070224/sxsss_070224.cdc; 070224; 10M
/home/harodonw/.vscode-server/data/clp/d3cff91df0b3cb0b7e0e22ca50ffb731.ru/zazz_070224/sxsss_070224.cdc; 070224; 10M
/home/harodonw/.vscode-server/data/clp/d3cff91df0b3cb0b7e0e22ca50ffb731.ru/dedee_030224/zazz_070224/sxxxx_070224.dc; 070224; 10M
/home/harodonw/.vscode-server/data/clp/d3cff91df0b3cb0b7e0e22ca50ffb731.ru/dedee_030224/zazz_070224/xxsx_070224.c; 070224; 10M
/home/harodonw/.vscode-server/data/clp/d3cff91df0b3cb0b7e0e22ca50ffb731.ru/dedee_030224/zazz_070224/xxsxx_070224.c; 070224; 10M
/home/harodonw/.vscode-server/data/clp/d3cff91df0b3cb0b7e0e22ca50ffb731.ru/dedee_030224/zazz_070224/xsss_070224.cc; 070224; 10M
/home/harodonw/.vscode-server/data/clp/d3cff91df0b3cb0b7e0e22ca50ffb731.ru/zzaz_030224/zazz_070224/xxxssxs_070224.c; 070224; 10M
/home/harodonw/.vscode-server/data/clp/d3cff91df0b3cb0b7e0e22ca50ffb731.ru/zzaz_030224/zazz_070224/xxxxs_070224.c; 070224; 10M
/home/harodonw/.vscode-server/data/clp/d3cff91df0b3cb0b7e0e22ca50ffb731.ru/zzaz_030224/zazz_070224/xssx_070224.cc; 070224; 10M
/home/harodonw/.vscode-server/data/clp/d3cff91df0b3cb0b7e0e22ca50ffb731.ru/zzaz_030224/zazz_070224/ssssxxx_070224.c; 070224; 10M
/home/harodonw/.vscode-server/data/clp/d3cff91df0b3cb0b7e0e22ca50ffb731.ru/zzaz_030224/zazz_070224/xsss_070224.dc; 070224; 10M
/home/harodonw/.vscode-server/data/clp/d3cff91df0b3cb0b7e0e22ca50ffb731.ru/eeedd_030224/zazz_070224/xsxxx_070224.dd; 070224; 10M
/home/harodonw/.vscode-server/data/clp/d3cff91df0b3cb0b7e0e22ca50ffb731.ru/eeedd_030224/zazz_070224/xsxsx_070224.dc; 070224; 10M
/home/harodonw/.vscode-server/data/clp/d3cff91df0b3cb0b7e0e22ca50ffb731.ru/eeedd_030224/zazz_070224/sxxssx_070224.c; 070224; 10M
/home/harodonw/.vscode-server/data/clp/d3cff91df0b3cb0b7e0e22ca50ffb731.ru/eeedd_030224/zazz_070224/xxssxss_070224.d; 070224; 10M
/home/harodonw/.vscode-server/data/clp/d3cff91df0b3cb0b7e0e22ca50ffb731.ru/eeedd_030224/zazz_070224/sxxsxs_070224.dc; 070224; 10M
/home/harodonw/.vscode-server/data/clp/d3cff91df0b3cb0b7e0e22ca50ffb731.ru/cccvv_060224/zazz_070224/sxxxx_070224.c; 070224; 10M
/home/harodonw/.vscode-server/data/clp/d3cff91df0b3cb0b7e0e22ca50ffb731.ru/cccvv_060224/zazz_070224/ssssx_070224.cd; 070224; 10M
/home/harodonw/.vscode-server/data/clp/d3cff91df0b3cb0b7e0e22ca50ffb731.ru/cccvv_060224/zazz_070224/ssssx_070224.cd; 070224; 10M
/home/harodonw/.vscode-server/data/clp/d3cff91df0b3cb0b7e0e22ca50ffb731.ru/cccvv_060224/zazz_070224/ssss_070224.cdd; 070224; 10M
/home/harodonw/.vscode-server/data/clp/d3cff91df0b3cb0b7e0e22ca50ffb731.ru/cccvv_060224/zazz_070224/sxxxx_070224.c; 070224; 10M
/home/harodonw/.vscode-server/data/clp/d3cff91df0b3cb0b7e0e22ca50ffb731.ru/eddd_030224/zazz_070224/sxsxsxs_070224.ddc; 070224; 10M
/home/harodonw/.vscode-server/data/clp/d3cff91df0b3cb0b7e0e22ca50ffb731.ru/eddd_030224/zazz_070224/xsxsx_070224.dd; 070224; 10M
/home/harodonw/.vscode-server/data/clp/d3cff91df0b3cb0b7e0e22ca50ffb731.ru/eddd_030224/zazz_070224/sxsxsxx_070224.cd; 070224; 10M
/home/harodonw/.vscode-server/data/clp/d3cff91df0b3cb0b7e0e22ca50ffb731.ru/eddd_030224/zazz_070224/sxxxx_070224.cd; 070224; 10M
/home/harodonw/.vscode-server/data/clp/d3cff91df0b3cb0b7e0e22ca50ffb731.ru/eddd_030224/zazz_070224/sxssss_070224.c; 070224; 10M
/home/harodonw/.vscode-server/data/clp/d3cff91df0b3cb0b7e0e22ca50ffb731.ru/0ee08df0cf4527e40edc9aa28f4b5bd38bbff2b2/zazz_070224/xxxssx_070224.dd; 070224; 10M
/home/harodonw/.vscode-server/data/clp/d3cff91df0b3cb0b7e0e22ca50ffb731.ru/0ee08df0cf4527e40edc9aa28f4b5bd38bbff2b2/zazz_070224/xxxssx_070224.dd; 070224; 10M
/home/harodonw/.vscode-server/data/clp/d3cff91df0b3cb0b7e0e22ca50ffb731.ru/0ee08df0cf4527e40edc9aa28f4b5bd38bbff2b2/zazz_070224/sxsx_070224.c; 070224; 10M
/home/harodonw/.vscode-server/data/clp/d3cff91df0b3cb0b7e0e22ca50ffb731.ru/0ee08df0cf4527e40edc9aa28f4b5bd38bbff2b2/zazz_070224/xxsssx_070224.ccd; 070224; 10M
/home/harodonw/.vscode-server/data/clp/d3cff91df0b3cb0b7e0e22ca50ffb731.ru/0ee08df0cf4527e40edc9aa28f4b5bd38bbff2b2/zazz_070224/xssss_070224.d; 070224; 10M
/home/harodonw/.vscode-server/data/clp/d3cff91df0b3cb0b7e0e22ca50ffb731.ru/0ee08df0cf4527e40edc9aa28f4b5bd38bbff2b2/dedee_030224/zazz_070224/xssxx_070224.cdc; 070224; 10M
/home/harodonw/.vscode-server/data/clp/d3cff91df0b3cb0b7e0e22ca50ffb731.ru/0ee08df0cf4527e40edc9aa28f4b5bd38bbff2b2/dedee_030224/zazz_070224/sxsxsx_070224.d; 070224; 10M
/home/harodonw/.vscode-server/data/clp/d3cff91df0b3cb0b7e0e22ca50ffb731.ru/0ee08df0cf4527e40edc9aa28f4b5bd38bbff2b2/dedee_030224/zazz_070224/sxxs_070224.dd; 070224; 10M
/home/harodonw/.vscode-server/data/clp/d3cff91df0b3cb0b7e0e22ca50ffb731.ru/0ee08df0cf4527e40edc9aa28f4b5bd38bbff2b2/dedee_030224/zazz_070224/xssxx_070224.dc; 070224; 10M
/home/harodonw/.vscode-server/data/clp/d3cff91df0b3cb0b7e0e22ca50ffb731.ru/0ee08df0cf4527e40edc9aa28f4b5bd38bbff2b2/dedee_030224/zazz_070224/xssxx_070224.dc; 070224; 10M
/home/harodonw/.vscode-server/data/clp/d3cff91df0b3cb0b7e0e22ca50ffb731.ru/0ee08df0cf4527e40edc9aa28f4b5bd38bbff2b2/zzaz_030224/zazz_070224/ssxxxx_070224.c; 070224; 10M
/home/harodonw/.vscode-server/data/clp/d3cff91df0b3cb0b7e0e22ca50ffb731.ru/0ee08df0cf4527e40edc9aa28f4b5bd38bbff2b2/zzaz_030224/zazz_070224/xsxxxxs_070224.cdd; 070224; 10M
/home/harodonw/.vscode-server/data/clp/d3cff91df0b3cb0b7e0e22ca50ffb731.ru/0ee08df0cf4527e40edc9aa28f4b5bd38bbff2b2/zzaz_030224/zazz_070224/sxssss_070224.cc; 070224; 10M
/home/harodonw/.vscode-server/data/clp/d3cff91df0b3cb0b7e0e22ca50ffb731.ru/0ee08df0cf4527e40edc9aa28f4b5bd38bbff2b2/zzaz_030224/zazz_070224/sxssss_070224.cc; 070224; 10M
/home/harodonw/.vscode-server/data/clp/d3cff91df0b3cb0b7e0e22ca50ffb731.ru/0ee08df0cf4527e40edc9aa28f4b5bd38bbff2b2/zzaz_030224/zazz_070224/ssxxsx_070224.ccc; 070224; 10M
/home/harodonw/.vscode-server/data/clp/d3cff91df0b3cb0b7e0e22ca50ffb731.ru/0ee08df0cf4527e40edc9aa28f4b5bd38bbff2b2/eeedd_030224/zazz_070224/xssssx_070224.d; 070224; 10M
/home/harodonw/.vscode-server/data/clp/d3cff91df0b3cb0b7e0e22ca50ffb731.ru/0ee08df0cf4527e40edc9aa28f4b5bd38bbff2b2/eeedd_030224/zazz_070224/xsxx_070224.c; 070224; 10M
/home/harodonw/.vscode-server/data/clp/d3cff91df0b3cb0b7e0e22ca50ffb731.ru/0ee08df0cf4527e40edc9aa28f4b5bd38bbff2b2/eeedd_030224/zazz_070224/xsxx_070224.c; 070224; 10M
/home/harodonw/.vscode-server/data/clp/d3cff91df0b3cb0b7e0e22ca50ffb731.ru/0ee08df0cf4527e40edc9aa28f4b5bd38bbff2b2/eeedd_030224/zazz_070224/ssssx_070224.dd; 070224; 10M
/home/harodonw/.vscode-server/data/clp/d3cff91df0b3cb0b7e0e22ca50ffb731.ru/0ee08df0cf4527e40edc9aa28f4b5bd38bbff2b2/eeedd_030224/zazz_070224/xxsxs_070224.c; 070224; 10M
/home/harodonw/.vscode-server/data/clp/d3cff91df0b3cb0b7e0e22ca50ffb731.ru/0ee08df0cf4527e40edc9aa28f4b5bd38bbff2b2/eeedd_030224/zazz_070224/xxsxs_070224.c; 070224; 10M
/home/harodonw/.vscode-server/data/clp/d3cff91df0b3cb0b7e0e22ca50ffb731.ru/0ee08df0cf4527e40edc9aa28f4b5bd38bbff2b2/cccvv_060224/zazz_070224/sxxs_070224.d; 070224; 10M
/home/harodonw/.vscode-server/data/clp/d3cff91df0b3cb0b7e0e22ca50ffb731.ru/0ee08df0cf4527e40edc9aa28f4b5bd38bbff2b2/cccvv_060224/zazz_070224/sxsssxs_070224.dc; 070224; 10M
/home/harodonw/.vscode-server/data/clp/d3cff91df0b3cb0b7e0e22ca50ffb731.ru/0ee08df0cf4527e40edc9aa28f4b5bd38bbff2b2/cccvv_060224/zazz_070224/xxxsxxx_070224.c; 070224; 10M
/home/harodonw/.vscode-server/data/clp/d3cff91df0b3cb0b7e0e22ca50ffb731.ru/0ee08df0cf4527e40edc9aa28f4b5bd38bbff2b2/cccvv_060224/zazz_070224/sxss_070224.c; 070224; 10M
/home/harodonw/.vscode-server/data/clp/d3cff91df0b3cb0b7e0e22ca50ffb731.ru/0ee08df0cf4527e40edc9aa28f4b5bd38bbff2b2/eddd_030224/zazz_070224/xsxs_070224.dc; 070224; 10M
/home/harodonw/.vscode-server/data/clp/d3cff91df0b3cb0b7e0e22ca50ffb731.ru/0ee08df0cf4527e40edc9aa28f4b5bd38bbff2b2/eddd_030224/zazz_070224/xsxxxs_070224.dcd; 070224; 10M
/home/harodonw/.vscode-server/data/clp/d3cff91df0b3cb0b7e0e22ca50ffb731.ru/0ee08df0cf4527e40edc9aa28f4b5bd38bbff2b2/eddd_030224/zazz_070224/xsxs_070224.c; 070224; 10M
/home/harodonw/.vscode-server/data/clp/d3cff91df0b3cb0b7e0e22ca50ffb731.ru/0ee08df0cf4527e40edc9aa28f4b5bd38bbff2b2/eddd_030224/zazz_070224/xxsx_070224.cdd; 070224; 10M
/home/harodonw/.vscode-server/data/clp/d3cff91df0b3cb0b7e0e22ca50ffb731.ru/0ee08df0cf4527e40edc9aa28f4b5bd38bbff2b2/eddd_030224/zazz_070224/xsxxsss_070224.cd; 070224; 10M
/home/harodonw/.vscode-server/data/clp/d3cff91df0b3cb0b7e0e22ca50ffb731.ru/0ee08df0cf4527e40edc9aa28f4b5bd38bbff2b2/ddded_030224/zazz_070224/xxxsss_070224.cc; 070224; 10M
/home/harodonw/.vscode-server/data/clp/d3cff91df0b3cb0b7e0e22ca50ffb731.ru/0ee08df0cf4527e40edc9aa28f4b5bd38bbff2b2/ddded_030224/zazz_070224/sxxsxx_070224.cc; 070224; 10M
/home/harodonw/.vscode-server/data/clp/d3cff91df0b3cb0b7e0e22ca50ffb731.ru/0ee08df0cf4527e40edc9aa28f4b5bd38bbff2b2/ddded_030224/zazz_070224/xsxss_070224.d; 070224; 10M
/home/harodonw/.vscode-server/data/clp/d3cff91df0b3cb0b7e0e22ca50ffb731.ru/0ee08df0cf4527e40edc9aa28f4b5bd38bbff2b2/ddded_030224/zazz_070224/xsxss_070224.d; 070224; 10M
/home/harodonw/.vscode-server/data/clp/d3cff91df0b3cb0b7e0e22ca50ffb731.ru/0ee08df0cf4527e40edc9aa28f4b5bd38bbff2b2/ddded_030224/zazz_070224/xsxss_070224.d; 070224; 10M
/home/harodonw/.vscode-server/data/clp/d3cff91df0b3cb0b7e0e22ca50ffb731.ru/0ee08df0cf4527e40edc9aa28f4b5bd38bbff2b2/ddeddd_030224/zazz_070224/xxxxsxs_070224.cd; 070224; 10M
/home/harodonw/.vscode-server/data/clp/d3cff91df0b3cb0b7e0e22ca50ffb731.ru/0ee08df0cf4527e40edc9aa28f4b5bd38bbff2b2/ddeddd_030224/zazz_070224/xxxxsxs_070224.cd; 070224; 10M
/home/harodonw/.vscode-server/data/clp/d3cff91df0b3cb0b7e0e22ca50ffb731.ru/0ee08df0cf4527e40edc9aa28f4b5bd38bbff2b2/ddeddd_030224/zazz_070224/sxxsx_070224.ddd; 070224; 10M
/home/harodonw/.vscode-server/data/clp/d3cff91df0b3cb0b7e0e22ca50ffb731.ru/0ee08df0cf4527e40edc9aa28f4b5bd38bbff2b2/ddeddd_030224/zazz_070224/ssssx_070224.c; 070224; 10M
/home/harodonw/.vscode-server/data/clp/d3cff91df0b3cb0b7e0e22ca50ffb731.ru/0ee08df0cf4527e40edc9aa28f4b5bd38bbff2b2/ddeddd_030224/zazz_070224/xsxxxxx_070224.ddd; 070224; 10M
/home/harodonw/.vscode-server/data/clp/d3cff91df0b3cb0b7e0e22ca50ffb731.ru/0ee08df0cf4527e40edc9aa28f4b5bd38bbff2b2/dedd_030224/zazz_070224/xxssxss_070224.d; 070224; 10M
/home/harodonw/.vscode-server/data/clp/d3cff91df0b3cb0b7e0e22ca50ffb731.ru/0ee08df0cf4527e40edc9aa28f4b5bd38bbff2b2/dedd_030224/zazz_070224/ssxssss_070224.dcc; 070224; 10M
/home/harodonw/.vscode-server/data/clp/d3cff91df0b3cb0b7e0e22ca50ffb731.ru/0ee08df0cf4527e40edc9aa28f4b5bd38bbff2b2/dedd_030224/zazz_070224/ssxssss_070224.dcc; 070224; 10M
/home/harodonw/.vscode-server/data/clp/d3cff91df0b3cb0b7e0e22ca50ffb731.ru/0ee08df0cf4527e40edc9aa28f4b5bd38bbff2b2/dedd_030224/zazz_070224/xsss_070224.ddd; 070224; 10M
/home/harodonw/.vscode-server/data/clp/d3cff91df0b3cb0b7e0e22ca50ffb731.ru/0ee08df0cf4527e40edc9aa28f4b5bd38bbff2b2/dedd_030224/zazz_070224/xxxssss_070224.ddc; 070224; 10M
/home/harodonw/.vscode-server/data/clp/d3cff91df0b3cb0b7e0e22ca50ffb731.ru/ddded_030224/zazz_070224/xsxx_070224.cc; 070224; 10M
/home/harodonw/.vscode-server/data/clp/d3cff91df0b3cb0b7e0e22ca50ffb731.ru/ddded_030224/zazz_070224/xxss_070224.cc; 070224; 10M
/home/harodonw/.vscode-server/data/clp/d3cff91df0b3cb0b7e0e22ca50ffb731.ru/ddded_030224/zazz_070224/xssx_070224.d; 070224; 10M
/home/harodonw/.vscode-server/data/clp/d3cff91df0b3cb0b7e0e22ca50ffb731.ru/ddded_030224/zazz_070224/xxxxx_070224.cc; 070224; 10M
/home/harodonw/.vscode-server/data/clp/d3cff91df0b3cb0b7e0e22ca50ffb731.ru/ddded_030224/zazz_070224/xxxxx_070224.cc; 070224; 10M
/home/harodonw/.vscode-server/data/clp/d3cff91df0b3cb0b7e0e22ca50ffb731.ru/ddeddd_030224/zazz_070224/xxxss_070224.cc; 070224; 10M
/home/harodonw/.vscode-server/data/clp/d3cff91df0b3cb0b7e0e22ca50ffb731.ru/ddeddd_030224/zazz_070224/xxxss_070224.cc; 070224; 10M
/home/harodonw/.vscode-server/data/clp/d3cff91df0b3cb0b7e0e22ca50ffb731.ru/ddeddd_030224/zazz_070224/sxxsxx_070224.dd; 070224; 10M
/home/harodonw/.vscode-server/data/clp/d3cff91df0b3cb0b7e0e22ca50ffb731.ru/ddeddd_030224/zazz_070224/sssxx_070224.cdc; 070224; 10M
/home/harodonw/.vscode-server/data/clp/d3cff91df0b3cb0b7e0e22ca50ffb731.ru/ddeddd_030224/zazz_070224/sssxx_070224.cdc; 070224; 10M
/home/harodonw/.vscode-server/data/clp/d3cff91df0b3cb0b7e0e22ca50ffb731.ru/ddeddd_030224/zazz_070224/sssxx_070224.cdc; 070224; 10M
/home/harodonw/.vscode-server/data/clp/d3cff91df0b3cb0b7e0e22ca50ffb731.ru/dedd_030224/zazz_070224/sxsxxx_070224.cc; 070224; 10M
/home/harodonw/.vscode-server/data/clp/d3cff91df0b3cb0b7e0e22ca50ffb731.ru/dedd_030224/zazz_070224/sxss_070224.cc; 070224; 10M
/home/harodonw/.vscode-server/data/clp/d3cff91df0b3cb0b7e0e22ca50ffb731.ru/dedd_030224/zazz_070224/xxssxxx_070224.c; 070224; 10M
/home/harodonw/.vscode-server/data/clp/d3cff91df0b3cb0b7e0e22ca50ffb731.ru/dedd_030224/zazz_070224/xxssxxx_070224.c; 070224; 10M
/home/harodonw/.vscode-server/data/clp/ddded_030224/zazz_070224/sxss_070224.cdd; 070224; 10M
/home/harodonw/.vscode-server/data/clp/ddded_030224/zazz_070224/sxxs_070224.d; 070224; 10M
/home/harodonw/.vscode-server/data/clp/ddded_030224/zazz_070224/ssxs_070224.dc; 070224; 10M
/home/harodonw/.vscode-server/data/clp/ddded_030224/zazz_070224/xsssss_070224.cc; 070224; 10M
/home/harodonw/.vscode-server/data/clp/ddded_030224/zazz_070224/xsxxsxs_070224.cc; 070224; 10M
/home/harodonw/.vscode-server/data/clp/ddeddd_030224/zazz_070224/xsxxx_070224.c; 070224; 10M
/home/harodonw/.vscode-server/data/clp/ddeddd_030224/zazz_070224/sxxxs_070224.dcc; 070224; 10M
/home/harodonw/.vscode-server/data/clp/ddeddd_030224/zazz_070224/sxssssx_070224.c; 070224; 10M
/home/harodonw/.vscode-server/data/clp/ddeddd_030224/zazz_070224/xxxsx_070224.cdd; 070224; 10M
/home/harodonw/.vscode-server/data/clp/ddeddd_030224/zazz_070224/sxssx_070224.d; 070224; 10M
/home/harodonw/.vscode-server/data/clp/dedd_030224/zazz_070224/xxss_070224.dd; 070224; 10M
/home/harodonw/.vscode-server/data/clp/dedd_030224/zazz_070224/xxss_070224.dd; 070224; 10M
/home/harodonw/.vscode-server/data/clp/dedd_030224/zazz_070224/sxxxs_070224.cdd; 070224; 10M
/home/harodonw/.vscode-server/data/clp/dedd_030224/zazz_070224/xxxxs_070224.ccc; 070224; 10M
/home/harodonw/.vscode-server/data/clp/dedd_030224/zazz_070224/xxssxsx_070224.dc; 070224; 10M
/home/harodonw/.vscode-server/data/User/zazz_070224/ssxxsxx_070224.dd; 070224; 10M
/home/harodonw/.vscode-server/data/User/zazz_070224/sxsssx_070224.cd; 070224; 10M
/home/harodonw/.vscode-server/data/User/zazz_070224/xxsxxss_070224.cdc; 070224; 10M
/home/harodonw/.vscode-server/data/User/zazz_070224/sxsxx_070224.c; 070224; 10M
/home/harodonw/.vscode-server/data/User/zazz_070224/xxxs_070224.ddd; 070224; 10M
/home/harodonw/.vscode-server/data/User/dedee_030224/zazz_070224/ssxxss_070224.cdd; 070224; 10M
/home/harodonw/.vscode-server/data/User/dedee_030224/zazz_070224/xssxsxs_070224.cc; 070224; 10M
/home/harodonw/.vscode-server/data/User/dedee_030224/zazz_070224/sxss_070224.d; 070224; 10M
/home/harodonw/.vscode-server/data/User/dedee_030224/zazz_070224/sxss_070224.d; 070224; 10M
/home/harodonw/.vscode-server/data/User/dedee_030224/zazz_070224/sxss_070224.d; 070224; 10M
/home/harodonw/.vscode-server/data/User/dedee_030224/zazz_070224/sxss_070224.d; 070224; 10M
/home/harodonw/.vscode-server/data/User/History/zazz_070224/ssxxx_070224.dc; 070224; 10M
/home/harodonw/.vscode-server/data/User/History/zazz_070224/ssxxx_070224.dc; 070224; 10M
/home/harodonw/.vscode-server/data/User/History/zazz_070224/ssxxx_070224.dc; 070224; 10M
/home/harodonw/.vscode-server/data/User/History/zazz_070224/sxxxsss_070224.cdd; 070224; 10M
/home/harodonw/.vscode-server/data/User/History/zazz_070224/sxxxsss_070224.cdd; 070224; 10M
/home/harodonw/.vscode-server/data/User/History/zazz_070224/sxxxsss_070224.cdd; 070224; 10M
/home/harodonw/.vscode-server/data/User/History/dedee_030224/zazz_070224/sxxx_070224.cc; 070224; 10M
/home/harodonw/.vscode-server/data/User/History/dedee_030224/zazz_070224/sxxx_070224.cc; 070224; 10M
/home/harodonw/.vscode-server/data/User/History/dedee_030224/zazz_070224/sxxx_070224.cc; 070224; 10M
/home/harodonw/.vscode-server/data/User/History/-5806421/zazz_070224/sxxsx_070224.ddc; 070224; 10M
/home/harodonw/.vscode-server/data/User/History/-5806421/zazz_070224/sxxsx_070224.ddc; 070224; 10M
/home/harodonw/.vscode-server/data/User/History/-5806421/zazz_070224/sxxsx_070224.ddc; 070224; 10M
/home/harodonw/.vscode-server/data/User/History/-5806421/zazz_070224/sxxsx_070224.ddc; 070224; 10M
/home/harodonw/.vscode-server/data/User/History/-5806421/zazz_070224/ssxsx_070224.ccc; 070224; 10M
/home/harodonw/.vscode-server/data/User/History/-5806421/dedee_030224/zazz_070224/ssssx_070224.d; 070224; 10M
/home/harodonw/.vscode-server/data/User/History/-5806421/dedee_030224/zazz_070224/sxxxx_070224.dd; 070224; 10M
/home/harodonw/.vscode-server/data/User/History/-5806421/dedee_030224/zazz_070224/sxxxs_070224.cdc; 070224; 10M
/home/harodonw/.vscode-server/data/User/History/-5806421/dedee_030224/zazz_070224/xsssxss_070224.dd; 070224; 10M
/home/harodonw/.vscode-server/data/User/History/-5806421/dedee_030224/zazz_070224/xsxxxs_070224.d; 070224; 10M
/home/harodonw/.vscode-server/data/User/History/-5806421/zzaz_030224/zazz_070224/xsxsxsx_070224.cc; 070224; 10M
/home/harodonw/.vscode-server/data/User/History/-5806421/zzaz_030224/zazz_070224/xsxsxsx_070224.cc; 070224; 10M
/home/harodonw/.vscode-server/data/User/History/-5806421/zzaz_030224/zazz_070224/sxxxxs_070224.d; 070224; 10M
/home/harodonw/.vscode-server/data/User/History/-5806421/zzaz_030224/zazz_070224/sxxxx_070224.ddd; 070224; 10M
/home/harodonw/.vscode-server/data/User/History/-5806421/zzaz_030224/zazz_070224/xsxss_070224.cc; 070224; 10M
/home/harodonw/.vscode-server/data/User/History/-5806421/zzaz_030224/zazz_070224/xsxss_070224.cc; 070224; 10M
/home/harodonw/.vscode-server/data/User/History/-5806421/zzaz_030224/zazz_070224/xsxss_070224.cc; 070224; 10M
/home/harodonw/.vscode-server/data/User/History/-5806421/eeedd_030224/zazz_070224/sxxss_070224.cdc; 070224; 10M
/home/harodonw/.vscode-server/data/User/History/-5806421/eeedd_030224/zazz_070224/sxxss_070224.cdc; 070224; 10M
/home/harodonw/.vscode-server/data/User/History/-5806421/eeedd_030224/zazz_070224/xxsxs_070224.cc; 070224; 10M
/home/harodonw/.vscode-server/data/User/History/-5806421/eeedd_030224/zazz_070224/xxsxs_070224.cc; 070224; 10M
/home/harodonw/.vscode-server/data/User/History/-5806421/cccvv_060224/zazz_070224/xxsxxsx_070224.d; 070224; 10M
/home/harodonw/.vscode-server/data/User/History/-5806421/cccvv_060224/zazz_070224/ssssxs_070224.ddd; 070224; 10M
/home/harodonw/.vscode-server/data/User/History/-5806421/cccvv_060224/zazz_070224/ssssxs_070224.ddd; 070224; 10M
/home/harodonw/.vscode-server/data/User/History/-5806421/cccvv_060224/zazz_070224/ssssxs_070224.ddd; 070224; 10M
/home/harodonw/.vscode-server/data/User/History/-5806421/eddd_030224/zazz_070224/sxsxsxx_070224.dcd; 070224; 10M
/home/harodonw/.vscode-server/data/User/History/-5806421/eddd_030224/zazz_070224/sxxsxs_070224.ddd; 070224; 10M
/home/harodonw/.vscode-server/data/User/History/-5806421/eddd_030224/zazz_070224/sxsxsxx_070224.c; 070224; 10M
/home/harodonw/.vscode-server/data/User/History/-5806421/eddd_030224/zazz_070224/ssxsxx_070224.dcd; 070224; 10M
/home/harodonw/.vscode-server/data/User/History/-5806421/eddd_030224/zazz_070224/xssssss_070224.cdd; 070224; 10M
/home/harodonw/.vscode-server/data/User/History/-5806421/ddded_030224/zazz_070224/xsxs_070224.dc; 070224; 10M
/home/harodonw/.vscode-server/data/User/History/-5806421/ddded_030224/zazz_070224/xssssx_070224.c; 070224; 10M
/home/harodonw/.vscode-server/data/User/History/-5806421/ddded_030224/zazz_070224/ssxsx_070224.d; 070224; 10M
/home/harodonw/.vscode-server/data/User/History/-5806421/ddded_030224/zazz_070224/sxxs_070224.dcc; 070224; 10M
/home/harodonw/.vscode-server/data/User/History/-5806421/ddded_030224/zazz_070224/ssxx_070224.d; 070224; 10M
/home/harodonw/.vscode-server/data/User/History/-5806421/ddded_030224/zazz_070224/ssxx_070224.d; 070224; 10M
/home/harodonw/.vscode-server/data/User/History/-5806421/ddded_030224/zazz_070224/ssxx_070224.d; 070224; 10M
/home/harodonw/.vscode-server/data/User/History/-5806421/ddded_030224/zazz_070224/ssxx_070224.d; 070224; 10M
/home/harodonw/.vscode-server/data/User/History/-5806421/ddded_030224/zazz_070224/ssxx_070224.d; 070224; 10M
/home/harodonw/.vscode-server/data/User/History/-5806421/ddeddd_030224/zazz_070224/xssxx_070224.dc; 070224; 10M
/home/harodonw/.vscode-server/data/User/History/-5806421/dedd_030224/zazz_070224/xxsxx_070224.ccd; 070224; 10M
/home/harodonw/.vscode-server/data/User/History/-5806421/dedd_030224/zazz_070224/xssssx_070224.d; 070224; 10M
/home/harodonw/.vscode-server/data/User/History/-5806421/dedd_030224/zazz_070224/ssxxxx_070224.cc; 070224; 10M
/home/harodonw/.vscode-server/data/User/History/-5806421/dedd_030224/zazz_070224/xsss_070224.dc; 070224; 10M
/home/harodonw/.vscode-server/data/User/History/-5806421/dedd_030224/zazz_070224/xxxsx_070224.d; 070224; 10M
/home/harodonw/.vscode-server/data/User/History/79673bdd/zazz_070224/sssx_070224.d; 070224; 10M
/home/harodonw/.vscode-server/data/User/History/79673bdd/zazz_070224/sxxxxx_070224.ddc; 070224; 10M
/home/harodonw/.vscode-server/data/User/History/79673bdd/zazz_070224/xxxx_070224.cd; 070224; 10M
/home/harodonw/.vscode-server/data/User/History/79673bdd/zazz_070224/xxsxs_070224.cdc; 070224; 10M
/home/harodonw/.vscode-server/data/User/History/79673bdd/zazz_070224/xxsxs_070224.cdc; 070224; 10M
/home/harodonw/.vscode-server/data/User/History/79673bdd/dedee_030224/zazz_070224/xxss_070224.ccc; 070224; 10M
/home/harodonw/.vscode-server/data/User/History/79673bdd/dedee_030224/zazz_070224/sxss_070224.cd; 070224; 10M
/home/harodonw/.vscode-server/data/User/History/79673bdd/dedee_030224/zazz_070224/xsxsx_070224.ddd; 070224; 10M
/home/harodonw/.vscode-server/data/User/History/79673bdd/dedee_030224/zazz_070224/xsxssxx_070224.c; 070224; 10M
/home/harodonw/.vscode-server/data/User/History/79673bdd/dedee_030224/zazz_070224/xsxssxx_070224.c; 070224; 10M
/home/harodonw/.vscode-server/data/User/History/79673bdd/zzaz_030224/zazz_070224/sxxxxx_070224.dd; 070224; 10M
/home/harodonw/.vscode-server/data/User/History/79673bdd/zzaz_030224/zazz_070224/ssxs_070224.c; 070224; 10M
/home/harodonw/.vscode-server/data/User/History/79673bdd/zzaz_030224/zazz_070224/xxxssx_070224.dd; 070224; 10M
/home/harodonw/.vscode-server/data/User/History/79673bdd/zzaz_030224/zazz_070224/sxsxxx_070224.d; 070224; 10M
/home/harodonw/.vscode-server/data/User/History/79673bdd/zzaz_030224/zazz_070224/sxsxxx_070224.d; 070224; 10M
/home/harodonw/.vscode-server/data/User/History/79673bdd/eeedd_030224/zazz_070224/ssxs_070224.c; 070224; 10M
/home/harodonw/.vscode-server/data/User/History/79673bdd/eeedd_030224/zazz_070224/ssxs_070224.c; 070224; 10M
/home/harodonw/.vscode-server/data/User/History/79673bdd/eeedd_030224/zazz_070224/xxxsxx_070224.ddc; 070224; 10M
/home/harodonw/.vscode-server/data/User/History/79673bdd/eeedd_030224/zazz_070224/xxsxx_070224.ccd; 070224; 10M
/home/harodonw/.vscode-server/data/User/History/79673bdd/eeedd_030224/zazz_070224/ssxx_070224.d; 070224; 10M
/home/harodonw/.vscode-server/data/User/History/79673bdd/eeedd_030224/zazz_070224/ssxx_070224.d; 070224; 10M
/home/harodonw/.vscode-server/data/User/History/79673bdd/cccvv_060224/zazz_070224/ssssxxs_070224.c; 070224; 10M
/home/harodonw/.vscode-server/data/User/History/79673bdd/cccvv_060224/zazz_070224/xxxsx_070224.dd; 070224; 10M
/home/harodonw/.vscode-server/data/User/History/79673bdd/cccvv_060224/zazz_070224/xxxxxx_070224.ccc; 070224; 10M
/home/harodonw/.vscode-server/data/User/History/79673bdd/cccvv_060224/zazz_070224/xsxxxs_070224.dd; 070224; 10M
/home/harodonw/.vscode-server/data/User/History/79673bdd/eddd_030224/zazz_070224/sxssx_070224.ddc; 070224; 10M
/home/harodonw/.vscode-server/data/User/History/79673bdd/eddd_030224/zazz_070224/xsxsxss_070224.ddc; 070224; 10M
/home/harodonw/.vscode-server/data/User/History/79673bdd/eddd_030224/zazz_070224/sxxsx_070224.cc; 070224; 10M
/home/harodonw/.vscode-server/data/User/History/79673bdd/eddd_030224/zazz_070224/xxsxx_070224.cdc; 070224; 10M
/home/harodonw/.vscode-server/data/User/History/79673bdd/eddd_030224/zazz_070224/xxss_070224.dd; 070224; 10M
/home/harodonw/.vscode-server/data/User/History/79673bdd/ddded_030224/zazz_070224/sssxsx_070224.dcd; 070224; 10M
/home/harodonw/.vscode-server/data/User/History/79673bdd/ddded_030224/zazz_070224/sssxsx_070224.dcd; 070224; 10M
/home/harodonw/.vscode-server/data/User/History/79673bdd/ddded_030224/zazz_070224/sssxsx_070224.dcd; 070224; 10M
/home/harodonw/.vscode-server/data/User/History/79673bdd/ddded_030224/zazz_070224/xssxxx_070224.ddc; 070224; 10M
/home/harodonw/.vscode-server/data/User/History/79673bdd/ddded_030224/zazz_070224/xxxs_070224.cd; 070224; 10M
/home/harodonw/.vscode-server/data/User/History/79673bdd/ddeddd_030224/zazz_070224/sxxssxs_070224.cc; 070224; 10M
/home/harodonw/.vscode-server/data/User/History/79673bdd/ddeddd_030224/zazz_070224/xxxxsx_070224.c; 070224; 10M
/home/harodonw/.vscode-server/data/User/History/79673bdd/ddeddd_030224/zazz_070224/sxss_070224.cdd; 070224; 10M
/home/harodonw/.vscode-server/data/User/History/79673bdd/ddeddd_030224/zazz_070224/xxxsxx_070224.dd; 070224; 10M
/home/harodonw/.vscode-server/data/User/History/79673bdd/ddeddd_030224/zazz_070224/xsxx_070224.d; 070224; 10M
/home/harodonw/.vscode-server/data/User/History/79673bdd/ddeddd_030224/zazz_070224/xsxx_070224.d; 070224; 10M
/home/harodonw/.vscode-server/data/User/History/79673bdd/dedd_030224/zazz_070224/xxxss_070224.ccd; 070224; 10M
/home/harodonw/.vscode-server/data/User/History/79673bdd/dedd_030224/zazz_070224/xxxss_070224.ccd; 070224; 10M
/home/harodonw/.vscode-server/data/User/History/79673bdd/dedd_030224/zazz_070224/sssssxx_070224.d; 070224; 10M
/home/harodonw/.vscode-server/data/User/History/79673bdd/dedd_030224/zazz_070224/xxssssx_070224.dc; 070224; 10M
/home/harodonw/.vscode-server/data/User/History/165e2100/zazz_070224/sssxs_070224.ddd; 070224; 10M
/home/harodonw/.vscode-server/data/User/History/165e2100/zazz_070224/sssxs_070224.ddd; 070224; 10M
/home/harodonw/.vscode-server/data/User/History/165e2100/zazz_070224/sssxs_070224.ddd; 070224; 10M
/home/harodonw/.vscode-server/data/User/History/165e2100/zazz_070224/sssxs_070224.ddd; 070224; 10M
/home/harodonw/.vscode-server/data/User/History/165e2100/zazz_070224/xxss_070224.dcc; 070224; 10M
/home/harodonw/.vscode-server/data/User/History/165e2100/zazz_070224/xxss_070224.dcc; 070224; 10M
/home/harodonw/.vscode-server/data/User/History/165e2100/zazz_070224/xxss_070224.dcc; 070224; 10M
/home/harodonw/.vscode-server/data/User/History/165e2100/dedee_030224/zazz_070224/sxsss_070224.ccd; 070224; 10M
/home/harodonw/.vscode-server/data/User/History/165e2100/dedee_030224/zazz_070224/xssss_070224.c; 070224; 10M
/home/harodonw/.vscode-server/data/User/History/165e2100/dedee_030224/zazz_070224/ssssxx_070224.cc; 070224; 10M
/home/harodonw/.vscode-server/data/User/History/165e2100/zzaz_030224/zazz_070224/ssxx_070224.cd; 070224; 10M
/home/harodonw/.vscode-server/data/User/History/165e2100/zzaz_030224/zazz_070224/ssxx_070224.cd; 070224; 10M
/home/harodonw/.vscode-server/data/User/History/165e2100/zzaz_030224/zazz_070224/sssxss_070224.d; 070224; 10M
/home/harodonw/.vscode-server/data/User/History/165e2100/zzaz_030224/zazz_070224/sxsxx_070224.c; 070224; 10M
/home/harodonw/.vscode-server/data/User/History/165e2100/zzaz_030224/zazz_070224/sxsxx_070224.c; 070224; 10M
/home/harodonw/.vscode-server/data/User/History/165e2100/eeedd_030224/zazz_070224/sssxx_070224.cdd; 070224; 10M
/home/harodonw/.vscode-server/data/User/History/165e2100/eeedd_030224/zazz_070224/sssx_070224.d; 070224; 10M
/home/harodonw/.vscode-server/data/User/History/165e2100/eeedd_030224/zazz_070224/sssx_070224.d; 070224; 10M
/home/harodonw/.vscode-server/data/User/History/165e2100/eeedd_030224/zazz_070224/sxxs_070224.ddd; 070224; 10M
/home/harodonw/.vscode-server/data/User/History/165e2100/eeedd_030224/zazz_070224/sxsxs_070224.dcc; 070224; 10M
/home/harodonw/.vscode-server/data/User/History/165e2100/cccvv_060224/zazz_070224/sssx_070224.ccc; 070224; 10M
/home/harodonw/.vscode-server/data/User/History/165e2100/cccvv_060224/zazz_070224/ssxx_070224.d; 070224; 10M
/home/harodonw/.vscode-server/data/User/History/165e2100/cccvv_060224/zazz_070224/ssxx_070224.d; 070224; 10M
/home/harodonw/.vscode-server/data/User/History/165e2100/cccvv_060224/zazz_070224/sssxsx_070224.ccc; 070224; 10M
/home/harodonw/.vscode-server/data/User/History/165e2100/cccvv_060224/zazz_070224/xxxx_070224.d; 070224; 10M
/home/harodonw/.vscode-server/data/User/History/165e2100/cccvv_060224/zazz_070224/xxxx_070224.d; 070224; 10M
/home/harodonw/.vscode-server/data/User/History/165e2100/eddd_030224/zazz_070224/sxxxs_070224.c; 070224; 10M
/home/harodonw/.vscode-server/data/User/History/165e2100/eddd_030224/zazz_070224/sxxx_070224.c; 070224; 10M
/home/harodonw/.vscode-server/data/User/History/165e2100/eddd_030224/zazz_070224/xxsxssx_070224.dd; 070224; 10M
/home/harodonw/.vscode-server/data/User/History/165e2100/eddd_030224/zazz_070224/sxsxxxs_070224.cdd; 070224; 10M
/home/harodonw/.vscode-server/data/User/History/165e2100/eddd_030224/zazz_070224/sxsxxxs_070224.cdd; 070224; 10M
/home/harodonw/.vscode-server/data/User/History/165e2100/eddd_030224/zazz_070224/sxsxxxs_070224.cdd; 070224; 10M
/home/harodonw/.vscode-server/data/User/History/165e2100/ddded_030224/zazz_070224/xssx_070224.cdc; 070224; 10M
/home/harodonw/.vscode-server/data/User/History/165e2100/ddded_030224/zazz_070224/xsxxx_070224.dc; 070224; 10M
/home/harodonw/.vscode-server/data/User/History/165e2100/ddded_030224/zazz_070224/xsxxx_070224.dc; 070224; 10M
/home/harodonw/.vscode-server/data/User/History/165e2100/ddeddd_030224/zazz_070224/ssxxxss_070224.dc; 070224; 10M
/home/harodonw/.vscode-server/data/User/History/165e2100/ddeddd_030224/zazz_070224/sxxsx_070224.cd; 070224; 10M
/home/harodonw/.vscode-server/data/User/History/165e2100/ddeddd_030224/zazz_070224/xxxxxx_070224.dd; 070224; 10M
/home/harodonw/.vscode-server/data/User/History/165e2100/ddeddd_030224/zazz_070224/xssxsxs_070224.d; 070224; 10M
/home/harodonw/.vscode-server/data/User/History/165e2100/ddeddd_030224/zazz_070224/xxsxxsx_070224.d; 070224; 10M
/home/harodonw/.vscode-server/data/User/History/165e2100/ddeddd_030224/zazz_070224/xxsxxsx_070224.d; 070224; 10M
/home/harodonw/.vscode-server/data/User/History/165e2100/dedd_030224/zazz_070224/ssxss_070224.d; 070224; 10M
/home/harodonw/.vscode-server/data/User/History/165e2100/dedd_030224/zazz_070224/xssxxsx_070224.c; 070224; 10M
/home/harodonw/.vscode-server/data/User/History/165e2100/dedd_030224/zazz_070224/sxxssss_070224.dd; 070224; 10M
/home/harodonw/.vscode-server/data/User/History/165e2100/dedd_030224/zazz_070224/sxss_070224.dc; 070224; 10M
/home/harodonw/.vscode-server/data/User/History/2d7bf7dc/zazz_070224/xsxss_070224.c; 070224; 10M
/home/harodonw/.vscode-server/data/User/History/2d7bf7dc/zazz_070224/xsxss_070224.c; 070224; 10M
/home/harodonw/.vscode-server/data/User/History/2d7bf7dc/zazz_070224/ssssxss_070224.dc; 070224; 10M
/home/harodonw/.vscode-server/data/User/History/2d7bf7dc/zazz_070224/sssxxx_070224.dc; 070224; 10M
/home/harodonw/.vscode-server/data/User/History/2d7bf7dc/zazz_070224/sssxxx_070224.dc; 070224; 10M
/home/harodonw/.vscode-server/data/User/History/2d7bf7dc/dedee_030224/zazz_070224/xxsssx_070224.dd; 070224; 10M
/home/harodonw/.vscode-server/data/User/History/2d7bf7dc/dedee_030224/zazz_070224/xxsssx_070224.dd; 070224; 10M
/home/harodonw/.vscode-server/data/User/History/2d7bf7dc/dedee_030224/zazz_070224/xxsssx_070224.dd; 070224; 10M
/home/harodonw/.vscode-server/data/User/History/2d7bf7dc/dedee_030224/zazz_070224/xxsssx_070224.dd; 070224; 10M
/home/harodonw/.vscode-server/data/User/History/2d7bf7dc/dedee_030224/zazz_070224/ssxxsx_070224.dcc; 070224; 10M
/home/harodonw/.vscode-server/data/User/History/2d7bf7dc/dedee_030224/zazz_070224/ssxxsx_070224.dcc; 070224; 10M
/home/harodonw/.vscode-server/data/User/History/2d7bf7dc/zzaz_030224/zazz_070224/xsss_070224.cdd; 070224; 10M
/home/harodonw/.vscode-server/data/User/History/2d7bf7dc/zzaz_030224/zazz_070224/sxxxx_070224.cc; 070224; 10M
/home/harodonw/.vscode-server/data/User/History/2d7bf7dc/zzaz_030224/zazz_070224/xsxxss_070224.dcc; 070224; 10M
/home/harodonw/.vscode-server/data/User/History/2d7bf7dc/zzaz_030224/zazz_070224/xssssxx_070224.d; 070224; 10M
/home/harodonw/.vscode-server/data/User/History/2d7bf7dc/zzaz_030224/zazz_070224/xssssxx_070224.d; 070224; 10M
/home/harodonw/.vscode-server/data/User/History/2d7bf7dc/eeedd_030224/zazz_070224/sxxxsxs_070224.d; 070224; 10M
/home/harodonw/.vscode-server/data/User/History/2d7bf7dc/eeedd_030224/zazz_070224/sxxxsxs_070224.d; 070224; 10M
/home/harodonw/.vscode-server/data/User/History/2d7bf7dc/eeedd_030224/zazz_070224/sxxxss_070224.dcd; 070224; 10M
/home/harodonw/.vscode-server/data/User/History/2d7bf7dc/eeedd_030224/zazz_070224/sxxxss_070224.dcd; 070224; 10M
/home/harodonw/.vscode-server/data/User/History/2d7bf7dc/cccvv_060224/zazz_070224/sxsxsss_070224.c; 070224; 10M
/home/harodonw/.vscode-server/data/User/History/2d7bf7dc/cccvv_060224/zazz_070224/sxsssx_070224.d; 070224; 10M
/home/harodonw/.vscode-server/data/User/History/2d7bf7dc/cccvv_060224/zazz_070224/xsxsssx_070224.dcd; 070224; 10M
/home/harodonw/.vscode-server/data/User/History/2d7bf7dc/cccvv_060224/zazz_070224/ssss_070224.ddc; 070224; 10M
/home/harodonw/.vscode-server/data/User/History/2d7bf7dc/cccvv_060224/zazz_070224/ssss_070224.ddc; 070224; 10M
/home/harodonw/.vscode-server/data/User/History/2d7bf7dc/eddd_030224/zazz_070224/sxssss_070224.d; 070224; 10M
/home/harodonw/.vscode-server/data/User/History/2d7bf7dc/eddd_030224/zazz_070224/sxxxx_070224.dd; 070224; 10M
/home/harodonw/.vscode-server/data/User/History/2d7bf7dc/eddd_030224/zazz_070224/xxssx_070224.d; 070224; 10M
/home/harodonw/.vscode-server/data/User/History/2d7bf7dc/eddd_030224/zazz_070224/ssxxxx_070224.d; 070224; 10M
/home/harodonw/.vscode-server/data/User/History/2d7bf7dc/eddd_030224/zazz_070224/ssxsx_070224.dd; 070224; 10M
/home/harodonw/.vscode-server/data/User/History/2d7bf7dc/ddded_030224/zazz_070224/xxssxs_070224.dd; 070224; 10M
/home/harodonw/.vscode-server/data/User/History/2d7bf7dc/ddded_030224/zazz_070224/xxssxs_070224.dd; 070224; 10M
/home/harodonw/.vscode-server/data/User/History/2d7bf7dc/ddded_030224/zazz_070224/sssxxsx_070224.ddd; 070224; 10M
/home/harodonw/.vscode-server/data/User/History/2d7bf7dc/ddded_030224/zazz_070224/sssxxsx_070224.ddd; 070224; 10M
/home/harodonw/.vscode-server/data/User/History/2d7bf7dc/ddded_030224/zazz_070224/xxss_070224.cd; 070224; 10M
/home/harodonw/.vscode-server/data/User/History/2d7bf7dc/ddeddd_030224/zazz_070224/xxxss_070224.dcd; 070224; 10M
/home/harodonw/.vscode-server/data/User/History/2d7bf7dc/ddeddd_030224/zazz_070224/xxxss_070224.dcd; 070224; 10M
/home/harodonw/.vscode-server/data/User/History/2d7bf7dc/ddeddd_030224/zazz_070224/xxxss_070224.dcd; 070224; 10M
/home/harodonw/.vscode-server/data/User/History/2d7bf7dc/ddeddd_030224/zazz_070224/xxxss_070224.dcd; 070224; 10M
/home/harodonw/.vscode-server/data/User/History/2d7bf7dc/ddeddd_030224/zazz_070224/sssxx_070224.dc; 070224; 10M
/home/harodonw/.vscode-server/data/User/History/2d7bf7dc/dedd_030224/zazz_070224/sxssxs_070224.d; 070224; 10M
/home/harodonw/.vscode-server/data/User/History/2d7bf7dc/dedd_030224/zazz_070224/xsxsxxs_070224.ddc; 070224; 10M
/home/harodonw/.vscode-server/data/User/History/2d7bf7dc/dedd_030224/zazz_070224/xsxsxxs_070224.ddc; 070224; 10M
/home/harodonw/.vscode-server/data/User/History/2d7bf7dc/dedd_030224/zazz_070224/sxss_070224.cdc; 070224; 10M
/home/harodonw/.vscode-server/data/User/History/2d7bf7dc/dedd_030224/zazz_070224/xsxxss_070224.d; 070224; 10M
/home/harodonw/.vscode-server/data/User/History/-3d473b7b/zazz_070224/xsxs_070224.dcd; 070224; 10M
/home/harodonw/.vscode-server/data/User/History/-3d473b7b/zazz_070224/sxxxxs_070224.cd; 070224; 10M
/home/harodonw/.vscode-server/data/User/History/-3d473b7b/zazz_070224/sxxxxs_070224.cd; 070224; 10M
/home/harodonw/.vscode-server/data/User/History/-3d473b7b/zazz_070224/xxxsx_070224.dcc; 070224; 10M
/home/harodonw/.vscode-server/data/User/History/-3d473b7b/zazz_070224/ssxx_070224.cdc; 070224; 10M
/home/harodonw/.vscode-server/data/User/History/-3d473b7b/dedee_030224/zazz_070224/ssxsxxs_070224.d; 070224; 10M
/home/harodonw/.vscode-server/data/User/History/-3d473b7b/dedee_030224/zazz_070224/ssxxss_070224.c; 070224; 10M
/home/harodonw/.vscode-server/data/User/History/-3d473b7b/dedee_030224/zazz_070224/xssxs_070224.cc; 070224; 10M
/home/harodonw/.vscode-server/data/User/History/-3d473b7b/dedee_030224/zazz_070224/sxxxs_070224.ccd; 070224; 10M
/home/harodonw/.vscode-server/data/User/History/-3d473b7b/dedee_030224/zazz_070224/sxxxs_070224.ccd; 070224; 10M
/home/harodonw/.vscode-server/data/User/History/-3d473b7b/zzaz_030224/zazz_070224/xxss_070224.ddd; 070224; 10M
/home/harodonw/.vscode-server/data/User/History/-3d473b7b/zzaz_030224/zazz_070224/xxss_070224.ddd; 070224; 10M
/home/harodonw/.vscode-server/data/User/History/-3d473b7b/zzaz_030224/zazz_070224/sxsxx_070224.ccc; 070224; 10M
/home/harodonw/.vscode-server/data/User/History/-3d473b7b/zzaz_030224/zazz_070224/ssxxsxs_070224.ccc; 070224; 10M
/home/harodonw/.vscode-server/data/User/History/-3d473b7b/zzaz_030224/zazz_070224/ssxxsxs_070224.ccc; 070224; 10M
/home/harodonw/.vscode-server/data/User/History/-3d473b7b/eeedd_030224/zazz_070224/sxsxsxs_070224.ccc; 070224; 10M
/home/harodonw/.vscode-server/data/User/History/-3d473b7b/eeedd_030224/zazz_070224/sxsxsxs_070224.ccc; 070224; 10M
/home/harodonw/.vscode-server/data/User/History/-3d473b7b/eeedd_030224/zazz_070224/xxsxsx_070224.d; 070224; 10M
/home/harodonw/.vscode-server/data/User/History/-3d473b7b/eeedd_030224/zazz_070224/sxsxxx_070224.ddc; 070224; 10M
/home/harodonw/.vscode-server/data/User/History/-3d473b7b/eeedd_030224/zazz_070224/xsxsx_070224.dc; 070224; 10M
/home/harodonw/.vscode-server/data/User/History/-3d473b7b/eeedd_030224/zazz_070224/xsxsx_070224.dc; 070224; 10M
/home/harodonw/.vscode-server/data/User/History/-3d473b7b/eeedd_030224/zazz_070224/xsxsx_070224.dc; 070224; 10M
/home/harodonw/.vscode-server/data/User/History/-3d473b7b/cccvv_060224/zazz_070224/sxxsxsx_070224.dd; 070224; 10M
/home/harodonw/.vscode-server/data/User/History/-3d473b7b/cccvv_060224/zazz_070224/ssss_070224.ddc; 070224; 10M
/home/harodonw/.vscode-server/data/User/History/-3d473b7b/cccvv_060224/zazz_070224/ssss_070224.ddc; 070224; 10M
/home/harodonw/.vscode-server/data/User/History/-3d473b7b/cccvv_060224/zazz_070224/ssss_070224.ddc; 070224; 10M
/home/harodonw/.vscode-server/data/User/History/-3d473b7b/eddd_030224/zazz_070224/sssxx_070224.c; 070224; 10M
/home/harodonw/.vscode-server/data/User/History/-3d473b7b/eddd_030224/zazz_070224/sssxx_070224.c; 070224; 10M
/home/harodonw/.vscode-server/data/User/History/-3d473b7b/eddd_030224/zazz_070224/sxxxssx_070224.d; 070224; 10M
/home/harodonw/.vscode-server/data/User/History/-3d473b7b/eddd_030224/zazz_070224/xxxs_070224.d; 070224; 10M
/home/harodonw/.vscode-server/data/User/History/-3d473b7b/eddd_030224/zazz_070224/xxxs_070224.d; 070224; 10M
/home/harodonw/.vscode-server/data/User/History/-3d473b7b/ddded_030224/zazz_070224/sxxxx_070224.d; 070224; 10M
/home/harodonw/.vscode-server/data/User/History/-3d473b7b/ddded_030224/zazz_070224/sxxxx_070224.d; 070224; 10M
/home/harodonw/.vscode-server/data/User/History/-3d473b7b/ddded_030224/zazz_070224/xxxssxx_070224.ccd; 070224; 10M
/home/harodonw/.vscode-server/data/User/History/-3d473b7b/ddded_030224/zazz_070224/xxxss_070224.cc; 070224; 10M
/home/harodonw/.vscode-server/data/User/History/-3d473b7b/ddeddd_030224/zazz_070224/sxsxsss_070224.ddd; 070224; 10M
/home/harodonw/.vscode-server/data/User/History/-3d473b7b/ddeddd_030224/zazz_070224/xxxx_070224.d; 070224; 10M
/home/harodonw/.vscode-server/data/User/History/-3d473b7b/ddeddd_030224/zazz_070224/xxsxss_070224.d; 070224; 10M
/home/harodonw/.vscode-server/data/User/History/-3d473b7b/ddeddd_030224/zazz_070224/xxsxss_070224.d; 070224; 10M
/home/harodonw/.vscode-server/data/User/History/-3d473b7b/ddeddd_030224/zazz_070224/ssssxs_070224.cd; 070224; 10M
/home/harodonw/.vscode-server/data/User/History/-3d473b7b/dedd_030224/zazz_070224/sxsxxsx_070224.ddd; 070224; 10M
/home/harodonw/.vscode-server/data/User/History/-3d473b7b/dedd_030224/zazz_070224/sxsxxsx_070224.ddd; 070224; 10M
/home/harodonw/.vscode-server/data/User/History/-3d473b7b/dedd_030224/zazz_070224/ssxxxss_070224.dc; 070224; 10M
/home/harodonw/.vscode-server/data/User/History/-3d473b7b/dedd_030224/zazz_070224/sxsx_070224.d; 070224; 10M
/home/harodonw/.vscode-server/data/User/History/-3d473b7b/dedd_030224/zazz_070224/xxxxx_070224.dd; 070224; 10M
/home/harodonw/.vscode-server/data/User/History/33f1569/zazz_070224/xssxxxx_070224.c; 070224; 10M
/home/harodonw/.vscode-server/data/User/History/33f1569/zazz_070224/xssxxxx_070224.c; 070224; 10M
/home/harodonw/.vscode-server/data/User/History/33f1569/zazz_070224/xssxxxx_070224.c; 070224; 10M
/home/harodonw/.vscode-server/data/User/History/33f1569/zazz_070224/xxsxs_070224.c; 070224; 10M
/home/harodonw/.vscode-server/data/User/History/33f1569/zazz_070224/xxsxs_070224.c; 070224; 10M
/home/harodonw/.vscode-server/data/User/History/33f1569/zazz_070224/xxsxs_070224.c; 070224; 10M
/home/harodonw/.vscode-server/data/User/History/33f1569/dedee_030224/zazz_070224/xxxxxss_070224.dc; 070224; 10M
/home/harodonw/.vscode-server/data/User/History/33f1569/dedee_030224/zazz_070224/xxxxxss_070224.dc; 070224; 10M
/home/harodonw/.vscode-server/data/User/History/33f1569/dedee_030224/zazz_070224/sxxxsxs_070224.dd; 070224; 10M
/home/harodonw/.vscode-server/data/User/History/33f1569/dedee_030224/zazz_070224/xxxs_070224.c; 070224; 10M
/home/harodonw/.vscode-server/data/User/History/33f1569/dedee_030224/zazz_070224/xxxs_070224.c; 070224; 10M
/home/harodonw/.vscode-server/data/User/History/33f1569/zzaz_030224/zazz_070224/xsxsss_070224.ddd; 070224; 10M
/home/harodonw/.vscode-server/data/User/History/33f1569/zzaz_030224/zazz_070224/xsxsss_070224.ddd; 070224; 10M
/home/harodonw/.vscode-server/data/User/History/33f1569/zzaz_030224/zazz_070224/ssxssxx_070224.c; 070224; 10M
/home/harodonw/.vscode-server/data/User/History/33f1569/zzaz_030224/zazz_070224/xsxx_070224.dc; 070224; 10M
/home/harodonw/.vscode-server/data/User/History/33f1569/eeedd_030224/zazz_070224/xxsss_070224.cdd; 070224; 10M
/home/harodonw/.vscode-server/data/User/History/33f1569/eeedd_030224/zazz_070224/sxssx_070224.d; 070224; 10M
/home/harodonw/.vscode-server/data/User/History/33f1569/eeedd_030224/zazz_070224/xssxxx_070224.cdd; 070224; 10M
/home/harodonw/.vscode-server/data/User/History/33f1569/eeedd_030224/zazz_070224/xssxxx_070224.cdd; 070224; 10M
/home/harodonw/.vscode-server/data/User/History/33f1569/eeedd_030224/zazz_070224/ssxsss_070224.c; 070224; 10M
/home/harodonw/.vscode-server/data/User/History/33f1569/cccvv_060224/zazz_070224/sxxxxs_070224.c; 070224; 10M
/home/harodonw/.vscode-server/data/User/History/33f1569/cccvv_060224/zazz_070224/sxxxxs_070224.c; 070224; 10M
/home/harodonw/.vscode-server/data/User/History/33f1569/cccvv_060224/zazz_070224/sxxxxs_070224.c; 070224; 10M
/home/harodonw/.vscode-server/data/User/History/33f1569/cccvv_060224/zazz_070224/sxxxssx_070224.c; 070224; 10M
/home/harodonw/.vscode-server/data/User/History/33f1569/cccvv_060224/zazz_070224/sxxxx_070224.d; 070224; 10M
/home/harodonw/.vscode-server/data/User/History/33f1569/eddd_030224/zazz_070224/ssss_070224.c; 070224; 10M
/home/harodonw/.vscode-server/data/User/History/33f1569/eddd_030224/zazz_070224/sxxs_070224.d; 070224; 10M
/home/harodonw/.vscode-server/data/User/History/33f1569/eddd_030224/zazz_070224/sxxs_070224.d; 070224; 10M
/home/harodonw/.vscode-server/data/User/History/33f1569/eddd_030224/zazz_070224/sxxs_070224.d; 070224; 10M
/home/harodonw/.vscode-server/data/User/History/33f1569/eddd_030224/zazz_070224/xssx_070224.d; 070224; 10M
/home/harodonw/.vscode-server/data/User/History/33f1569/eddd_030224/zazz_070224/xssx_070224.d; 070224; 10M
/home/harodonw/.vscode-server/data/User/History/33f1569/ddded_030224/zazz_070224/xxssss_070224.dd; 070224; 10M
/home/harodonw/.vscode-server/data/User/History/33f1569/ddded_030224/zazz_070224/ssxx_070224.cdd; 070224; 10M
/home/harodonw/.vscode-server/data/User/History/33f1569/ddded_030224/zazz_070224/sxxsx_070224.c; 070224; 10M
/home/harodonw/.vscode-server/data/User/History/33f1569/ddded_030224/zazz_070224/sxxsx_070224.c; 070224; 10M
/home/harodonw/.vscode-server/data/User/History/33f1569/ddeddd_030224/zazz_070224/sxxxxx_070224.d; 070224; 10M
/home/harodonw/.vscode-server/data/User/History/33f1569/ddeddd_030224/zazz_070224/sxss_070224.dc; 070224; 10M
/home/harodonw/.vscode-server/data/User/History/33f1569/ddeddd_030224/zazz_070224/sxxxxxs_070224.dcc; 070224; 10M
/home/harodonw/.vscode-server/data/User/History/33f1569/ddeddd_030224/zazz_070224/sxxxxxs_070224.dcc; 070224; 10M
/home/harodonw/.vscode-server/data/User/History/33f1569/ddeddd_030224/zazz_070224/xssxxxs_070224.cdc; 070224; 10M
/home/harodonw/.vscode-server/data/User/History/33f1569/dedd_030224/zazz_070224/ssxxsx_070224.dd; 070224; 10M
/home/harodonw/.vscode-server/data/User/History/33f1569/dedd_030224/zazz_070224/ssxxxs_070224.d; 070224; 10M
/home/harodonw/.vscode-server/data/User/History/33f1569/dedd_030224/zazz_070224/ssxsx_070224.cc; 070224; 10M
/home/harodonw/.vscode-server/data/User/History/33f1569/dedd_030224/zazz_070224/xxsssss_070224.cd; 070224; 10M
/home/harodonw/.vscode-server/data/User/History/33f1569/dedd_030224/zazz_070224/xxsssss_070224.cd; 070224; 10M
/home/harodonw/.vscode-server/data/User/History/zzaz_030224/zazz_070224/xxsssss_070224.cdc; 070224; 10M
/home/harodonw/.vscode-server/data/User/History/zzaz_030224/zazz_070224/xxsssss_070224.cdc; 070224; 10M
/home/harodonw/.vscode-server/data/User/History/zzaz_030224/zazz_070224/xxsxsx_070224.cc; 070224; 10M
/home/harodonw/.vscode-server/data/User/History/zzaz_030224/zazz_070224/sssxsxs_070224.c; 070224; 10M
/home/harodonw/.vscode-server/data/User/History/zzaz_030224/zazz_070224/xsssxxx_070224.cd; 070224; 10M
/home/harodonw/.vscode-server/data/User/History/eeedd_030224/zazz_070224/sxxs_070224.cdd; 070224; 10M
/home/harodonw/.vscode-server/data/User/History/eeedd_030224/zazz_070224/sxxs_070224.cdd; 070224; 10M
/home/harodonw/.vscode-server/data/User/History/eeedd_030224/zazz_070224/xsxxsxs_070224.d; 070224; 10M
/home/harodonw/.vscode-server/data/User/History/eeedd_030224/zazz_070224/xsxxsxs_070224.d; 070224; 10M
/home/harodonw/.vscode-server/data/User/History/eeedd_030224/zazz_070224/xxsxs_070224.d; 070224; 10M
/home/harodonw/.vscode-server/data/User/History/eeedd_030224/zazz_070224/xxsxs_070224.d; 070224; 10M
/home/harodonw/.vscode-server/data/User/History/cccvv_060224/zazz_070224/ssxxx_070224.c; 070224; 10M
/home/harodonw/.vscode-server/data/User/History/cccvv_060224/zazz_070224/xssss_070224.ddc; 070224; 10M
/home/harodonw/.vscode-server/data/User/History/cccvv_060224/zazz_070224/xssss_070224.ddc; 070224; 10M
/home/harodonw/.vscode-server/data/User/History/cccvv_060224/zazz_070224/sxsxxxs_070224.cdd; 070224; 10M
/home/harodonw/.vscode-server/data/User/History/cccvv_060224/zazz_070224/sxsxxxs_070224.cdd; 070224; 10M
/home/harodonw/.vscode-server/data/User/History/1e0fc65f/zazz_070224/sssxsx_070224.cd; 070224; 10M
/home/harodonw/.vscode-server/data/User/History/1e0fc65f/zazz_070224/xxsssx_070224.cc; 070224; 10M
/home/harodonw/.vscode-server/data/User/History/1e0fc65f/zazz_070224/sxsxsx_070224.d; 070224; 10M
/home/harodonw/.vscode-server/data/User/History/1e0fc65f/zazz_070224/ssssssx_070224.cd; 070224; 10M
/home/harodonw/.vscode-server/data/User/History/1e0fc65f/dedee_030224/zazz_070224/xxsxx_070224.dc; 070224; 10M
/home/harodonw/.vscode-server/data/User/History/1e0fc65f/dedee_030224/zazz_070224/sxxsxsx_070224.cd; 070224; 10M
/home/harodonw/.vscode-server/data/User/History/1e0fc65f/dedee_030224/zazz_070224/sxxsxsx_070224.cd; 070224; 10M
/home/harodonw/.vscode-server/data/User/History/1e0fc65f/dedee_030224/zazz_070224/sxxsxsx_070224.cd; 070224; 10M
/home/harodonw/.vscode-server/data/User/History/1e0fc65f/dedee_030224/zazz_070224/sxxsxsx_070224.cd; 070224; 10M
/home/harodonw/.vscode-server/data/User/History/1e0fc65f/zzaz_030224/zazz_070224/ssxxsx_070224.c; 070224; 10M
/home/harodonw/.vscode-server/data/User/History/1e0fc65f/zzaz_030224/zazz_070224/xsxsx_070224.dcd; 070224; 10M
/home/harodonw/.vscode-server/data/User/History/1e0fc65f/zzaz_030224/zazz_070224/xsxsx_070224.dcd; 070224; 10M
/home/harodonw/.vscode-server/data/User/History/1e0fc65f/zzaz_030224/zazz_070224/ssxs_070224.d; 070224; 10M
/home/harodonw/.vscode-server/data/User/History/1e0fc65f/zzaz_030224/zazz_070224/sssx_070224.cd; 070224; 10M
/home/harodonw/.vscode-server/data/User/History/1e0fc65f/eeedd_030224/zazz_070224/xsxs_070224.dd; 070224; 10M
/home/harodonw/.vscode-server/data/User/History/1e0fc65f/eeedd_030224/zazz_070224/xxxs_070224.ddc; 070224; 10M
/home/harodonw/.vscode-server/data/User/History/1e0fc65f/eeedd_030224/zazz_070224/xxxs_070224.ddc; 070224; 10M
/home/harodonw/.vscode-server/data/User/History/1e0fc65f/eeedd_030224/zazz_070224/xxxs_070224.ddc; 070224; 10M
/home/harodonw/.vscode-server/data/User/History/1e0fc65f/eeedd_030224/zazz_070224/xxsx_070224.dd; 070224; 10M
/home/harodonw/.vscode-server/data/User/History/1e0fc65f/eeedd_030224/zazz_070224/xxsx_070224.dd; 070224; 10M
/home/harodonw/.vscode-server/data/User/History/1e0fc65f/cccvv_060224/zazz_070224/xxssxs_070224.d; 070224; 10M
/home/harodonw/.vscode-server/data/User/History/1e0fc65f/cccvv_060224/zazz_070224/xxssx_070224.c; 070224; 10M
/home/harodonw/.vscode-server/data/User/History/1e0fc65f/cccvv_060224/zazz_070224/xxssx_070224.c; 070224; 10M
/home/harodonw/.vscode-server/data/User/History/1e0fc65f/cccvv_060224/zazz_070224/ssxxxxx_070224.d; 070224; 10M
/home/harodonw/.vscode-server/data/User/History/1e0fc65f/eddd_030224/zazz_070224/xsxxss_070224.ddd; 070224; 10M
/home/harodonw/.vscode-server/data/User/History/1e0fc65f/eddd_030224/zazz_070224/xxxsxss_070224.cdc; 070224; 10M
/home/harodonw/.vscode-server/data/User/History/1e0fc65f/eddd_030224/zazz_070224/ssxxssx_070224.dd; 070224; 10M
/home/harodonw/.vscode-server/data/User/History/1e0fc65f/eddd_030224/zazz_070224/xxxsxs_070224.d; 070224; 10M
/home/harodonw/.vscode-server/data/User/History/1e0fc65f/eddd_030224/zazz_070224/xssxxx_070224.d; 070224; 10M
/home/harodonw/.vscode-server/data/User/History/1e0fc65f/ddded_030224/zazz_070224/xssxxx_070224.dc; 070224; 10M
/home/harodonw/.vscode-server/data/User/History/1e0fc65f/ddded_030224/zazz_070224/xxxx_070224.ddc; 070224; 10M
/home/harodonw/.vscode-server/data/User/History/1e0fc65f/ddded_030224/zazz_070224/sssxs_070224.ddd; 070224; 10M
/home/harodonw/.vscode-server/data/User/History/1e0fc65f/ddded_030224/zazz_070224/sxssx_070224.c; 070224; 10M
/home/harodonw/.vscode-server/data/User/History/1e0fc65f/ddded_030224/zazz_070224/sxxs_070224.dc; 070224; 10M
/home/harodonw/.vscode-server/data/User/History/1e0fc65f/ddeddd_030224/zazz_070224/ssxx_070224.dcc; 070224; 10M
/home/harodonw/.vscode-server/data/User/History/1e0fc65f/ddeddd_030224/zazz_070224/xssxx_070224.d; 070224; 10M
/home/harodonw/.vscode-server/data/User/History/1e0fc65f/ddeddd_030224/zazz_070224/ssss_070224.dcc; 070224; 10M
/home/harodonw/.vscode-server/data/User/History/1e0fc65f/ddeddd_030224/zazz_070224/sssx_070224.dcc; 070224; 10M
/home/harodonw/.vscode-server/data/User/History/1e0fc65f/ddeddd_030224/zazz_070224/ssxxxs_070224.cdc; 070224; 10M
/home/harodonw/.vscode-server/data/User/History/1e0fc65f/ddeddd_030224/zazz_070224/ssxxxs_070224.cdc; 070224; 10M
/home/harodonw/.vscode-server/data/User/History/1e0fc65f/ddeddd_030224/zazz_070224/ssxxxs_070224.cdc; 070224; 10M
/home/harodonw/.vscode-server/data/User/History/1e0fc65f/dedd_030224/zazz_070224/sxxs_070224.c; 070224; 10M
/home/harodonw/.vscode-server/data/User/History/1e0fc65f/dedd_030224/zazz_070224/xxxxx_070224.c; 070224; 10M
/home/harodonw/.vscode-server/data/User/History/1e0fc65f/dedd_030224/zazz_070224/sxsxxsx_070224.cd; 070224; 10M
/home/harodonw/.vscode-server/data/User/History/1e0fc65f/dedd_030224/zazz_070224/sxsxxsx_070224.cd; 070224; 10M
/home/harodonw/.vscode-server/data/User/History/eddd_030224/zazz_070224/xsxxss_070224.cdd; 070224; 10M
/home/harodonw/.vscode-server/data/User/History/eddd_030224/zazz_070224/xsxssss_070224.dcd; 070224; 10M
/home/harodonw/.vscode-server/data/User/History/eddd_030224/zazz_070224/sxxxx_070224.c; 070224; 10M
/home/harodonw/.vscode-server/data/User/History/eddd_030224/zazz_070224/sxxxx_070224.c; 070224; 10M
/home/harodonw/.vscode-server/data/User/History/-3f552e3/zazz_070224/sxsxx_070224.cdc; 070224; 10M
/home/harodonw/.vscode-server/data/User/History/-3f552e3/zazz_070224/xxxxxx_070224.dcc; 070224; 10M
/home/harodonw/.vscode-server/data/User/History/-3f552e3/zazz_070224/xxxxxx_070224.dcc; 070224; 10M
/home/harodonw/.vscode-server/data/User/History/-3f552e3/zazz_070224/sxxx_070224.dc; 070224; 10M
/home/harodonw/.vscode-server/data/User/History/-3f552e3/zazz_070224/sxxx_070224.dc; 070224; 10M
/home/harodonw/.vscode-server/data/User/History/-3f552e3/dedee_030224/zazz_070224/sxsxsxx_070224.dc; 070224; 10M
/home/harodonw/.vscode-server/data/User/History/-3f552e3/dedee_030224/zazz_070224/ssxxss_070224.cc; 070224; 10M
/home/harodonw/.vscode-server/data/User/History/-3f552e3/dedee_030224/zazz_070224/ssxxxs_070224.dd; 070224; 10M
/home/harodonw/.vscode-server/data/User/History/-3f552e3/dedee_030224/zazz_070224/xssss_070224.d; 070224; 10M
/home/harodonw/.vscode-server/data/User/History/-3f552e3/dedee_030224/zazz_070224/xssss_070224.d; 070224; 10M
/home/harodonw/.vscode-server/data/User/History/-3f552e3/zzaz_030224/zazz_070224/sssxxx_070224.d; 070224; 10M
/home/harodonw/.vscode-server/data/User/History/-3f552e3/zzaz_030224/zazz_070224/xxxs_070224.ccc; 070224; 10M
/home/harodonw/.vscode-server/data/User/History/-3f552e3/zzaz_030224/zazz_070224/sxssx_070224.c; 070224; 10M
/home/harodonw/.vscode-server/data/User/History/-3f552e3/zzaz_030224/zazz_070224/ssxxsxx_070224.ccd; 070224; 10M
/home/harodonw/.vscode-server/data/User/History/-3f552e3/zzaz_030224/zazz_070224/sxxxs_070224.cc; 070224; 10M
/home/harodonw/.vscode-server/data/User/History/-3f552e3/eeedd_030224/zazz_070224/sssxx_070224.ccc; 070224; 10M
/home/harodonw/.vscode-server/data/User/History/-3f552e3/eeedd_030224/zazz_070224/sssxx_070224.ccc; 070224; 10M
/home/harodonw/.vscode-server/data/User/History/-3f552e3/eeedd_030224/zazz_070224/xsxsssx_070224.dcd; 070224; 10M
/home/harodonw/.vscode-server/data/User/History/-3f552e3/eeedd_030224/zazz_070224/sssx_070224.dd; 070224; 10M
/home/harodonw/.vscode-server/data/User/History/-3f552e3/eeedd_030224/zazz_070224/sssx_070224.dd; 070224; 10M
/home/harodonw/.vscode-server/data/User/History/-3f552e3/cccvv_060224/zazz_070224/ssxs_070224.ddc; 070224; 10M
/home/harodonw/.vscode-server/data/User/History/-3f552e3/cccvv_060224/zazz_070224/sxxxss_070224.cc; 070224; 10M
/home/harodonw/.vscode-server/data/User/History/-3f552e3/cccvv_060224/zazz_070224/xxssx_070224.cd; 070224; 10M
/home/harodonw/.vscode-server/data/User/History/-3f552e3/cccvv_060224/zazz_070224/xxssx_070224.cd; 070224; 10M
/home/harodonw/.vscode-server/data/User/History/-3f552e3/cccvv_060224/zazz_070224/sxxxss_070224.d; 070224; 10M
/home/harodonw/.vscode-server/data/User/History/-3f552e3/eddd_030224/zazz_070224/xssx_070224.c; 070224; 10M
/home/harodonw/.vscode-server/data/User/History/-3f552e3/eddd_030224/zazz_070224/xsssss_070224.ddc; 070224; 10M
/home/harodonw/.vscode-server/data/User/History/-3f552e3/eddd_030224/zazz_070224/ssxssxx_070224.dd; 070224; 10M
/home/harodonw/.vscode-server/data/User/History/-3f552e3/eddd_030224/zazz_070224/sssxsxx_070224.c; 070224; 10M
/home/harodonw/.vscode-server/data/User/History/-3f552e3/eddd_030224/zazz_070224/sssxsxx_070224.c; 070224; 10M
/home/harodonw/.vscode-server/data/User/History/-3f552e3/ddded_030224/zazz_070224/xxxssxs_070224.cd; 070224; 10M
/home/harodonw/.vscode-server/data/User/History/-3f552e3/ddded_030224/zazz_070224/xxxssxs_070224.cd; 070224; 10M
/home/harodonw/.vscode-server/data/User/History/-3f552e3/ddded_030224/zazz_070224/xxsxsxx_070224.c; 070224; 10M
/home/harodonw/.vscode-server/data/User/History/-3f552e3/ddded_030224/zazz_070224/ssss_070224.ddc; 070224; 10M
/home/harodonw/.vscode-server/data/User/History/-3f552e3/ddded_030224/zazz_070224/ssss_070224.ddc; 070224; 10M
/home/harodonw/.vscode-server/data/User/History/-3f552e3/ddded_030224/zazz_070224/ssss_070224.ddc; 070224; 10M
/home/harodonw/.vscode-server/data/User/History/-3f552e3/ddeddd_030224/zazz_070224/xsxssx_070224.cd; 070224; 10M
/home/harodonw/.vscode-server/data/User/History/-3f552e3/ddeddd_030224/zazz_070224/sxxs_070224.c; 070224; 10M
/home/harodonw/.vscode-server/data/User/History/-3f552e3/ddeddd_030224/zazz_070224/xssxsxx_070224.dd; 070224; 10M
/home/harodonw/.vscode-server/data/User/History/-3f552e3/ddeddd_030224/zazz_070224/xssxsxx_070224.dd; 070224; 10M
/home/harodonw/.vscode-server/data/User/History/-3f552e3/dedd_030224/zazz_070224/xssxss_070224.c; 070224; 10M
/home/harodonw/.vscode-server/data/User/History/-3f552e3/dedd_030224/zazz_070224/xsss_070224.cd; 070224; 10M
/home/harodonw/.vscode-server/data/User/History/-3f552e3/dedd_030224/zazz_070224/sxxxxx_070224.d; 070224; 10M
/home/harodonw/.vscode-server/data/User/History/-3f552e3/dedd_030224/zazz_070224/xxxsxs_070224.d; 070224; 10M
/home/harodonw/.vscode-server/data/User/History/-3f552e3/dedd_030224/zazz_070224/xssxxxs_070224.cd; 070224; 10M
/home/harodonw/.vscode-server/data/User/History/25c2547c/zazz_070224/xxsxxs_070224.c; 070224; 10M
/home/harodonw/.vscode-server/data/User/History/25c2547c/zazz_070224/xxxxxss_070224.cd; 070224; 10M
/home/harodonw/.vscode-server/data/User/History/25c2547c/zazz_070224/xxxxs_070224.cc; 070224; 10M
/home/harodonw/.vscode-server/data/User/History/25c2547c/zazz_070224/ssxsx_070224.dd; 070224; 10M
/home/harodonw/.vscode-server/data/User/History/25c2547c/zazz_070224/sxssxxx_070224.c; 070224; 10M
/home/harodonw/.vscode-server/data/User/History/25c2547c/dedee_030224/zazz_070224/xxsx_070224.d; 070224; 10M
/home/harodonw/.vscode-server/data/User/History/25c2547c/dedee_030224/zazz_070224/xsxx_070224.c; 070224; 10M
/home/harodonw/.vscode-server/data/User/History/25c2547c/dedee_030224/zazz_070224/sxxsx_070224.d; 070224; 10M
/home/harodonw/.vscode-server/data/User/History/25c2547c/dedee_030224/zazz_070224/sxssx_070224.cc; 070224; 10M
/home/harodonw/.vscode-server/data/User/History/25c2547c/dedee_030224/zazz_070224/sxsxsss_070224.dcd; 070224; 10M
/home/harodonw/.vscode-server/data/User/History/25c2547c/dedee_030224/zazz_070224/sxsxsss_070224.dcd; 070224; 10M
/home/harodonw/.vscode-server/data/User/History/25c2547c/zzaz_030224/zazz_070224/xxxs_070224.dd; 070224; 10M
/home/harodonw/.vscode-server/data/User/History/25c2547c/zzaz_030224/zazz_070224/xxxxx_070224.c; 070224; 10M
/home/harodonw/.vscode-server/data/User/History/25c2547c/zzaz_030224/zazz_070224/xxxxxs_070224.cd; 070224; 10M
/home/harodonw/.vscode-server/data/User/History/25c2547c/zzaz_030224/zazz_070224/ssxsx_070224.dd; 070224; 10M
/home/harodonw/.vscode-server/data/User/History/25c2547c/zzaz_030224/zazz_070224/ssxsx_070224.dd; 070224; 10M
/home/harodonw/.vscode-server/data/User/History/25c2547c/zzaz_030224/zazz_070224/ssxsx_070224.dd; 070224; 10M
/home/harodonw/.vscode-server/data/User/History/25c2547c/zzaz_030224/zazz_070224/ssxsx_070224.dd; 070224; 10M
/home/harodonw/.vscode-server/data/User/History/25c2547c/eeedd_030224/zazz_070224/ssxxssx_070224.ccc; 070224; 10M
/home/harodonw/.vscode-server/data/User/History/25c2547c/eeedd_030224/zazz_070224/xsxxxxs_070224.dd; 070224; 10M
/home/harodonw/.vscode-server/data/User/History/25c2547c/eeedd_030224/zazz_070224/xsxxxxs_070224.dd; 070224; 10M
/home/harodonw/.vscode-server/data/User/History/25c2547c/eeedd_030224/zazz_070224/xsxxxxs_070224.dd; 070224; 10M
/home/harodonw/.vscode-server/data/User/History/25c2547c/cccvv_060224/zazz_070224/sxxsxs_070224.dcd; 070224; 10M
/home/harodonw/.vscode-server/data/User/History/25c2547c/cccvv_060224/zazz_070224/sxxxxss_070224.d; 070224; 10M
/home/harodonw/.vscode-server/data/User/History/25c2547c/cccvv_060224/zazz_070224/sxxxxss_070224.d; 070224; 10M
/home/harodonw/.vscode-server/data/User/History/25c2547c/eddd_030224/zazz_070224/xssxxsx_070224.d; 070224; 10M
/home/harodonw/.vscode-server/data/User/History/25c2547c/eddd_030224/zazz_070224/xssxxsx_070224.d; 070224; 10M
/home/harodonw/.vscode-server/data/User/History/25c2547c/eddd_030224/zazz_070224/xssxs_070224.dd; 070224; 10M
/home/harodonw/.vscode-server/data/User/History/25c2547c/eddd_030224/zazz_070224/xssxs_070224.dd; 070224; 10M
/home/harodonw/.vscode-server/data/User/History/25c2547c/eddd_030224/zazz_070224/xsxx_070224.dc; 070224; 10M
/home/harodonw/.vscode-server/data/User/History/25c2547c/ddded_030224/zazz_070224/sxsxxss_070224.ddd; 070224; 10M
/home/harodonw/.vscode-server/data/User/History/25c2547c/ddded_030224/zazz_070224/ssxx_070224.ccc; 070224; 10M
/home/harodonw/.vscode-server/data/User/History/25c2547c/ddded_030224/zazz_070224/sxsss_070224.dd; 070224; 10M
/home/harodonw/.vscode-server/data/User/History/25c2547c/ddded_030224/zazz_070224/sssx_070224.dd; 070224; 10M
/home/harodonw/.vscode-server/data/User/History/25c2547c/ddded_030224/zazz_070224/xxxxxxx_070224.cc; 070224; 10M
/home/harodonw/.vscode-server/data/User/History/25c2547c/ddeddd_030224/zazz_070224/xxsx_070224.ccd; 070224; 10M
/home/harodonw/.vscode-server/data/User/History/25c2547c/ddeddd_030224/zazz_070224/sssxxsx_070224.cd; 070224; 10M
/home/harodonw/.vscode-server/data/User/History/25c2547c/ddeddd_030224/zazz_070224/sssxxsx_070224.cd; 070224; 10M
/home/harodonw/.vscode-server/data/User/History/25c2547c/ddeddd_030224/zazz_070224/ssxs_070224.c; 070224; 10M
/home/harodonw/.vscode-server/data/User/History/25c2547c/ddeddd_030224/zazz_070224/ssxsss_070224.dd; 070224; 10M
/home/harodonw/.vscode-server/data/User/History/25c2547c/dedd_030224/zazz_070224/sxxssx_070224.ccd; 070224; 10M
/home/harodonw/.vscode-server/data/User/History/25c2547c/dedd_030224/zazz_070224/xxssx_070224.cd; 070224; 10M
/home/harodonw/.vscode-server/data/User/History/25c2547c/dedd_030224/zazz_070224/xxsssxs_070224.d; 070224; 10M
/home/harodonw/.vscode-server/data/User/History/25c2547c/dedd_030224/zazz_070224/sxxs_070224.d; 070224; 10M
/home/harodonw/.vscode-server/data/User/History/25c2547c/dedd_030224/zazz_070224/sxssss_070224.d; 070224; 10M
/home/harodonw/.vscode-server/data/User/History/ddded_030224/zazz_070224/xxxxsx_070224.cd; 070224; 10M
/home/harodonw/.vscode-server/data/User/History/ddded_030224/zazz_070224/ssxsss_070224.d; 070224; 10M
/home/harodonw/.vscode-server/data/User/History/ddded_030224/zazz_070224/xsxssxx_070224.d; 070224; 10M
/home/harodonw/.vscode-server/data/User/History/ddded_030224/zazz_070224/ssxxsxx_070224.cdc; 070224; 10M
/home/harodonw/.vscode-server/data/User/History/ddded_030224/zazz_070224/ssxs_070224.dc; 070224; 10M
/home/harodonw/.vscode-server/data/User/History/ddeddd_030224/zazz_070224/sxxx_070224.d; 070224; 10M
/home/harodonw/.vscode-server/data/User/History/ddeddd_030224/zazz_070224/sxxx_070224.d; 070224; 10M
/home/harodonw/.vscode-server/data/User/History/ddeddd_030224/zazz_070224/xxss_070224.cd; 070224; 10M
/home/harodonw/.vscode-server/data/User/History/ddeddd_030224/zazz_070224/ssxxsxs_070224.dcd; 070224; 10M
/home/harodonw/.vscode-server/data/User/History/ddeddd_030224/zazz_070224/xxxxx_070224.d; 070224; 10M
/home/harodonw/.vscode-server/data/User/History/dedd_030224/zazz_070224/ssxsx_070224.dc; 070224; 10M
/home/harodonw/.vscode-server/data/User/History/dedd_030224/zazz_070224/xxsx_070224.cc; 070224; 10M
/home/harodonw/.vscode-server/data/User/History/dedd_030224/zazz_070224/sxss_070224.d; 070224; 10M
/home/harodonw/.vscode-server/data/User/History/dedd_030224/zazz_070224/sxss_070224.d; 070224; 10M
/home/harodonw/.vscode-server/data/User/History/dedd_030224/zazz_070224/sxxs_070224.cdd; 070224; 10M
/home/harodonw/.vscode-server/data/User/History/dedd_030224/zazz_070224/sxxs_070224.cdd; 070224; 10M
/home/harodonw/.vscode-server/data/User/History/4597d9b9/zazz_070224/xxssxss_070224.dcc; 070224; 10M
/home/harodonw/.vscode-server/data/User/History/4597d9b9/zazz_070224/xsssxs_070224.ccc; 070224; 10M
/home/harodonw/.vscode-server/data/User/History/4597d9b9/zazz_070224/ssssx_070224.ddc; 070224; 10M
/home/harodonw/.vscode-server/data/User/History/4597d9b9/zazz_070224/xssxsx_070224.cc; 070224; 10M
/home/harodonw/.vscode-server/data/User/History/4597d9b9/dedee_030224/zazz_070224/xxxxsx_070224.c; 070224; 10M
/home/harodonw/.vscode-server/data/User/History/4597d9b9/dedee_030224/zazz_070224/sssss_070224.c; 070224; 10M
/home/harodonw/.vscode-server/data/User/History/4597d9b9/dedee_030224/zazz_070224/xssxx_070224.dd; 070224; 10M
/home/harodonw/.vscode-server/data/User/History/4597d9b9/dedee_030224/zazz_070224/sxxxs_070224.dc; 070224; 10M
/home/harodonw/.vscode-server/data/User/History/4597d9b9/dedee_030224/zazz_070224/sxxxs_070224.dc; 070224; 10M
/home/harodonw/.vscode-server/data/User/History/4597d9b9/dedee_030224/zazz_070224/sxxxs_070224.dc; 070224; 10M
/home/harodonw/.vscode-server/data/User/History/4597d9b9/zzaz_030224/zazz_070224/sxsss_070224.ccc; 070224; 10M
/home/harodonw/.vscode-server/data/User/History/4597d9b9/zzaz_030224/zazz_070224/sxsxx_070224.c; 070224; 10M
/home/harodonw/.vscode-server/data/User/History/4597d9b9/zzaz_030224/zazz_070224/ssxssxx_070224.dcd; 070224; 10M
/home/harodonw/.vscode-server/data/User/History/4597d9b9/zzaz_030224/zazz_070224/sxss_070224.d; 070224; 10M
/home/harodonw/.vscode-server/data/User/History/4597d9b9/eeedd_030224/zazz_070224/sxsx_070224.d; 070224; 10M
/home/harodonw/.vscode-server/data/User/History/4597d9b9/eeedd_030224/zazz_070224/sxss_070224.cdd; 070224; 10M
/home/harodonw/.vscode-server/data/User/History/4597d9b9/eeedd_030224/zazz_070224/xssx_070224.ddc; 070224; 10M
/home/harodonw/.vscode-server/data/User/History/4597d9b9/eeedd_030224/zazz_070224/xssx_070224.ddc; 070224; 10M
/home/harodonw/.vscode-server/data/User/History/4597d9b9/eeedd_030224/zazz_070224/sxsssss_070224.c; 070224; 10M
/home/harodonw/.vscode-server/data/User/History/4597d9b9/cccvv_060224/zazz_070224/sxsxs_070224.d; 070224; 10M
/home/harodonw/.vscode-server/data/User/History/4597d9b9/cccvv_060224/zazz_070224/sxss_070224.ddc; 070224; 10M
/home/harodonw/.vscode-server/data/User/History/4597d9b9/cccvv_060224/zazz_070224/xsxxsxs_070224.ddc; 070224; 10M
/home/harodonw/.vscode-server/data/User/History/4597d9b9/cccvv_060224/zazz_070224/xsxssxs_070224.cc; 070224; 10M
/home/harodonw/.vscode-server/data/User/History/4597d9b9/cccvv_060224/zazz_070224/sssss_070224.ddc; 070224; 10M
/home/harodonw/.vscode-server/data/User/History/4597d9b9/eddd_030224/zazz_070224/xxsxsx_070224.dcc; 070224; 10M
/home/harodonw/.vscode-server/data/User/History/4597d9b9/eddd_030224/zazz_070224/ssxxxs_070224.dd; 070224; 10M
/home/harodonw/.vscode-server/data/User/History/4597d9b9/eddd_030224/zazz_070224/ssxxxs_070224.dd; 070224; 10M
/home/harodonw/.vscode-server/data/User/History/4597d9b9/eddd_030224/zazz_070224/ssssx_070224.dd; 070224; 10M
/home/harodonw/.vscode-server/data/User/History/4597d9b9/eddd_030224/zazz_070224/xxxsxx_070224.c; 070224; 10M
/home/harodonw/.vscode-server/data/User/History/4597d9b9/ddded_030224/zazz_070224/ssxxxx_070224.dcd; 070224; 10M
/home/harodonw/.vscode-server/data/User/History/4597d9b9/ddded_030224/zazz_070224/ssxxxx_070224.dcd; 070224; 10M
/home/harodonw/.vscode-server/data/User/History/4597d9b9/ddded_030224/zazz_070224/ssxxxx_070224.dcd; 070224; 10M
/home/harodonw/.vscode-server/data/User/History/4597d9b9/ddded_030224/zazz_070224/xssx_070224.dc; 070224; 10M
/home/harodonw/.vscode-server/data/User/History/4597d9b9/ddded_030224/zazz_070224/sxxxsx_070224.c; 070224; 10M
/home/harodonw/.vscode-server/data/User/History/4597d9b9/ddded_030224/zazz_070224/sxxxsx_070224.c; 070224; 10M
/home/harodonw/.vscode-server/data/User/History/4597d9b9/ddeddd_030224/zazz_070224/xxxxsxx_070224.cc; 070224; 10M
/home/harodonw/.vscode-server/data/User/History/4597d9b9/ddeddd_030224/zazz_070224/sxxxxx_070224.cc; 070224; 10M
/home/harodonw/.vscode-server/data/User/History/4597d9b9/ddeddd_030224/zazz_070224/sxxxxx_070224.cc; 070224; 10M
/home/harodonw/.vscode-server/data/User/History/4597d9b9/ddeddd_030224/zazz_070224/xssxxxs_070224.cdd; 070224; 10M
/home/harodonw/.vscode-server/data/User/History/4597d9b9/dedd_030224/zazz_070224/sxsxxxs_070224.d; 070224; 10M
/home/harodonw/.vscode-server/data/User/History/4597d9b9/dedd_030224/zazz_070224/xsxxxx_070224.d; 070224; 10M
/home/harodonw/.vscode-server/data/User/History/4597d9b9/dedd_030224/zazz_070224/sxsx_070224.c; 070224; 10M
/home/harodonw/.vscode-server/data/User/History/4597d9b9/dedd_030224/zazz_070224/xxssxx_070224.c; 070224; 10M
/home/harodonw/.vscode-server/data/User/History/4597d9b9/dedd_030224/zazz_070224/xsssxs_070224.c; 070224; 10M
/home/harodonw/.vscode-server/data/User/History/4597d9b9/dedd_030224/zazz_070224/xsssxs_070224.c; 070224; 10M
/home/harodonw/.vscode-server/data/User/History/4597d9b9/dedd_030224/zazz_070224/xsssxs_070224.c; 070224; 10M
/home/harodonw/.vscode-server/data/User/History/-78f38655/zazz_070224/sssx_070224.cd; 070224; 10M
/home/harodonw/.vscode-server/data/User/History/-78f38655/zazz_070224/sssx_070224.cd; 070224; 10M
/home/harodonw/.vscode-server/data/User/History/-78f38655/zazz_070224/sssx_070224.cd; 070224; 10M
/home/harodonw/.vscode-server/data/User/History/-78f38655/dedee_030224/zazz_070224/sssxx_070224.d; 070224; 10M
/home/harodonw/.vscode-server/data/User/History/-78f38655/dedee_030224/zazz_070224/sxxxsxs_070224.c; 070224; 10M
/home/harodonw/.vscode-server/data/User/History/-78f38655/dedee_030224/zazz_070224/sxssx_070224.d; 070224; 10M
/home/harodonw/.vscode-server/data/User/History/-78f38655/dedee_030224/zazz_070224/ssxsss_070224.cc; 070224; 10M
/home/harodonw/.vscode-server/data/User/History/-78f38655/dedee_030224/zazz_070224/sxxxss_070224.dcc; 070224; 10M
/home/harodonw/.vscode-server/data/User/History/-78f38655/dedee_030224/zazz_070224/sxxxss_070224.dcc; 070224; 10M
/home/harodonw/.vscode-server/data/User/History/-78f38655/zzaz_030224/zazz_070224/xsssx_070224.d; 070224; 10M
/home/harodonw/.vscode-server/data/User/History/-78f38655/zzaz_030224/zazz_070224/xsxsx_070224.ddc; 070224; 10M
/home/harodonw/.vscode-server/data/User/History/-78f38655/zzaz_030224/zazz_070224/xxsss_070224.dcc; 070224; 10M
/home/harodonw/.vscode-server/data/User/History/-78f38655/zzaz_030224/zazz_070224/xxsss_070224.dcc; 070224; 10M
/home/harodonw/.vscode-server/data/User/History/-78f38655/eeedd_030224/zazz_070224/sxxx_070224.d; 070224; 10M
/home/harodonw/.vscode-server/data/User/History/-78f38655/eeedd_030224/zazz_070224/sxxx_070224.d; 070224; 10M
/home/harodonw/.vscode-server/data/User/History/-78f38655/eeedd_030224/zazz_070224/ssss_070224.d; 070224; 10M
/home/harodonw/.vscode-server/data/User/History/-78f38655/eeedd_030224/zazz_070224/sxsxxsx_070224.dcc; 070224; 10M
/home/harodonw/.vscode-server/data/User/History/-78f38655/eeedd_030224/zazz_070224/xssx_070224.dd; 070224; 10M
/home/harodonw/.vscode-server/data/User/History/-78f38655/cccvv_060224/zazz_070224/xsxxsss_070224.ddd; 070224; 10M
/home/harodonw/.vscode-server/data/User/History/-78f38655/cccvv_060224/zazz_070224/xxxssx_070224.ccd; 070224; 10M
/home/harodonw/.vscode-server/data/User/History/-78f38655/cccvv_060224/zazz_070224/sssxs_070224.c; 070224; 10M
/home/harodonw/.vscode-server/data/User/History/-78f38655/cccvv_060224/zazz_070224/sssxs_070224.c; 070224; 10M
/home/harodonw/.vscode-server/data/User/History/-78f38655/cccvv_060224/zazz_070224/ssxxx_070224.d; 070224; 10M
/home/harodonw/.vscode-server/data/User/History/-78f38655/eddd_030224/zazz_070224/sssssxx_070224.dcc; 070224; 10M
/home/harodonw/.vscode-server/data/User/History/-78f38655/eddd_030224/zazz_070224/xsxsxxx_070224.ddc; 070224; 10M
/home/harodonw/.vscode-server/data/User/History/-78f38655/eddd_030224/zazz_070224/sssxxsx_070224.c; 070224; 10M
/home/harodonw/.vscode-server/data/User/History/-78f38655/eddd_030224/zazz_070224/ssxssss_070224.ddc; 070224; 10M
/home/harodonw/.vscode-server/data/User/History/-78f38655/eddd_030224/zazz_070224/sxxxx_070224.c; 070224; 10M
/home/harodonw/.vscode-server/data/User/History/-78f38655/ddded_030224/zazz_070224/xssx_070224.c; 070224; 10M
/home/harodonw/.vscode-server/data/User/History/-78f38655/ddded_030224/zazz_070224/xxssx_070224.cd; 070224; 10M
/home/harodonw/.vscode-server/data/User/History/-78f38655/ddded_030224/zazz_070224/xxxss_070224.c; 070224; 10M
/home/harodonw/.vscode-server/data/User/History/-78f38655/ddded_030224/zazz_070224/sssssxx_070224.c; 070224; 10M
/home/harodonw/.vscode-server/data/User/History/-78f38655/ddded_030224/zazz_070224/sssssxx_070224.c; 070224; 10M
/home/harodonw/.vscode-server/data/User/History/-78f38655/ddeddd_030224/zazz_070224/ssxss_070224.cc; 070224; 10M
/home/harodonw/.vscode-server/data/User/History/-78f38655/ddeddd_030224/zazz_070224/xxxxxs_070224.d; 070224; 10M
/home/harodonw/.vscode-server/data/User/History/-78f38655/ddeddd_030224/zazz_070224/ssxx_070224.d; 070224; 10M
/home/harodonw/.vscode-server/data/User/History/-78f38655/ddeddd_030224/zazz_070224/ssxx_070224.d; 070224; 10M
/home/harodonw/.vscode-server/data/User/History/-78f38655/ddeddd_030224/zazz_070224/xsss_070224.d; 070224; 10M
/home/harodonw/.vscode-server/data/User/History/-78f38655/dedd_030224/zazz_070224/sxxs_070224.d; 070224; 10M
/home/harodonw/.vscode-server/data/User/History/-78f38655/dedd_030224/zazz_070224/sxxs_070224.d; 070224; 10M
/home/harodonw/.vscode-server/data/User/History/-78f38655/dedd_030224/zazz_070224/xxsss_070224.cc; 070224; 10M
/home/harodonw/.vscode-server/data/User/History/-78f38655/dedd_030224/zazz_070224/xsxxss_070224.c; 070224; 10M
/home/harodonw/.vscode-server/data/User/History/-78f38655/dedd_030224/zazz_070224/xssx_070224.c; 070224; 10M
/home/harodonw/.vscode-server/data/User/History/-5826fd71/zazz_070224/xxxxxsx_070224.d; 070224; 10M
/home/harodonw/.vscode-server/data/User/History/-5826fd71/zazz_070224/xsxxxxs_070224.cd; 070224; 10M
/home/harodonw/.vscode-server/data/User/History/-5826fd71/zazz_070224/xxsssxs_070224.cd; 070224; 10M
/home/harodonw/.vscode-server/data/User/History/-5826fd71/zazz_070224/sxsxs_070224.d; 070224; 10M
/home/harodonw/.vscode-server/data/User/History/-5826fd71/zazz_070224/sxsxsx_070224.cd; 070224; 10M
/home/harodonw/.vscode-server/data/User/History/-5826fd71/zazz_070224/sxsxsx_070224.cd; 070224; 10M
/home/harodonw/.vscode-server/data/User/History/-5826fd71/dedee_030224/zazz_070224/xsxxsx_070224.c; 070224; 10M
/home/harodonw/.vscode-server/data/User/History/-5826fd71/dedee_030224/zazz_070224/xsxxsx_070224.c; 070224; 10M
/home/harodonw/.vscode-server/data/User/History/-5826fd71/dedee_030224/zazz_070224/xsxxsx_070224.c; 070224; 10M
/home/harodonw/.vscode-server/data/User/History/-5826fd71/dedee_030224/zazz_070224/xsxxsx_070224.c; 070224; 10M
/home/harodonw/.vscode-server/data/User/History/-5826fd71/zzaz_030224/zazz_070224/sxxsss_070224.ddc; 070224; 10M
/home/harodonw/.vscode-server/data/User/History/-5826fd71/zzaz_030224/zazz_070224/xsxs_070224.cdc; 070224; 10M
/home/harodonw/.vscode-server/data/User/History/-5826fd71/zzaz_030224/zazz_070224/xsssxss_070224.ccc; 070224; 10M
/home/harodonw/.vscode-server/data/User/History/-5826fd71/zzaz_030224/zazz_070224/xssxsx_070224.cc; 070224; 10M
/home/harodonw/.vscode-server/data/User/History/-5826fd71/zzaz_030224/zazz_070224/sxsssxs_070224.cc; 070224; 10M
/home/harodonw/.vscode-server/data/User/History/-5826fd71/eeedd_030224/zazz_070224/xxssssx_070224.d; 070224; 10M
/home/harodonw/.vscode-server/data/User/History/-5826fd71/eeedd_030224/zazz_070224/ssxsss_070224.c; 070224; 10M
/home/harodonw/.vscode-server/data/User/History/-5826fd71/eeedd_030224/zazz_070224/ssxxxs_070224.c; 070224; 10M
/home/harodonw/.vscode-server/data/User/History/-5826fd71/eeedd_030224/zazz_070224/xxsx_070224.dd; 070224; 10M
/home/harodonw/.vscode-server/data/User/History/-5826fd71/eeedd_030224/zazz_070224/xsss_070224.d; 070224; 10M
/home/harodonw/.vscode-server/data/User/History/-5826fd71/eeedd_030224/zazz_070224/xsss_070224.d; 070224; 10M
/home/harodonw/.vscode-server/data/User/History/-5826fd71/eeedd_030224/zazz_070224/xsss_070224.d; 070224; 10M
/home/harodonw/.vscode-server/data/User/History/-5826fd71/cccvv_060224/zazz_070224/sxsxx_070224.d; 070224; 10M
/home/harodonw/.vscode-server/data/User/History/-5826fd71/cccvv_060224/zazz_070224/sxsxx_070224.d; 070224; 10M
/home/harodonw/.vscode-server/data/User/History/-5826fd71/cccvv_060224/zazz_070224/sxssxxs_070224.dc; 070224; 10M
/home/harodonw/.vscode-server/data/User/History/-5826fd71/eddd_030224/zazz_070224/ssssss_070224.c; 070224; 10M
/home/harodonw/.vscode-server/data/User/History/-5826fd71/eddd_030224/zazz_070224/xxxxx_070224.cdc; 070224; 10M
/home/harodonw/.vscode-server/data/User/History/-5826fd71/eddd_030224/zazz_070224/xsxxs_070224.ddd; 070224; 10M
/home/harodonw/.vscode-server/data/User/History/-5826fd71/eddd_030224/zazz_070224/sssxs_070224.ccd; 070224; 10M
/home/harodonw/.vscode-server/data/User/History/-5826fd71/eddd_030224/zazz_070224/xsxxxss_070224.dd; 070224; 10M
/home/harodonw/.vscode-server/data/User/History/-5826fd71/eddd_030224/zazz_070224/xsxxxss_070224.dd; 070224; 10M
/home/harodonw/.vscode-server/data/User/History/-5826fd71/ddded_030224/zazz_070224/ssssx_070224.d; 070224; 10M
/home/harodonw/.vscode-server/data/User/History/-5826fd71/ddded_030224/zazz_070224/sxssxx_070224.c; 070224; 10M
/home/harodonw/.vscode-server/data/User/History/-5826fd71/ddded_030224/zazz_070224/sxsss_070224.cd; 070224; 10M
/home/harodonw/.vscode-server/data/User/History/-5826fd71/ddded_030224/zazz_070224/sxss_070224.dcd; 070224; 10M
/home/harodonw/.vscode-server/data/User/History/-5826fd71/ddeddd_030224/zazz_070224/sxsxxxx_070224.d; 070224; 10M
/home/harodonw/.vscode-server/data/User/History/-5826fd71/ddeddd_030224/zazz_070224/xssx_070224.dd; 070224; 10M
/home/harodonw/.vscode-server/data/User/History/-5826fd71/ddeddd_030224/zazz_070224/xssx_070224.dd; 070224; 10M
/home/harodonw/.vscode-server/data/User/History/-5826fd71/ddeddd_030224/zazz_070224/xssx_070224.dd; 070224; 10M
/home/harodonw/.vscode-server/data/User/History/-5826fd71/ddeddd_030224/zazz_070224/sxss_070224.cc; 070224; 10M
/home/harodonw/.vscode-server/data/User/History/-5826fd71/dedd_030224/zazz_070224/sxxx_070224.d; 070224; 10M
/home/harodonw/.vscode-server/data/User/History/-5826fd71/dedd_030224/zazz_070224/sxxsx_070224.dd; 070224; 10M
/home/harodonw/.vscode-server/data/User/History/-5826fd71/dedd_030224/zazz_070224/xsssx_070224.cdd; 070224; 10M
/home/harodonw/.vscode-server/data/User/History/-5826fd71/dedd_030224/zazz_070224/xsssx_070224.cdd; 070224; 10M
/home/harodonw/.vscode-server/data/User/History/-5826fd71/dedd_030224/zazz_070224/xsssx_070224.cdd; 070224; 10M
/home/harodonw/.vscode-server/data/User/zzaz_030224/zazz_070224/xxxs_070224.d; 070224; 10M
/home/harodonw/.vscode-server/data/User/zzaz_030224/zazz_070224/xxxxxxs_070224.c; 070224; 10M
/home/harodonw/.vscode-server/data/User/zzaz_030224/zazz_070224/sssxxsx_070224.cc; 070224; 10M
/home/harodonw/.vscode-server/data/User/zzaz_030224/zazz_070224/sssx_070224.dc; 070224; 10M
/home/harodonw/.vscode-server/data/User/zzaz_030224/zazz_070224/xssxss_070224.dcc; 070224; 10M
/home/harodonw/.vscode-server/data/User/eeedd_030224/zazz_070224/xsxxxx_070224.c; 070224; 10M
/home/harodonw/.vscode-server/data/User/eeedd_030224/zazz_070224/xsxxxx_070224.c; 070224; 10M
/home/harodonw/.vscode-server/data/User/eeedd_030224/zazz_070224/xssss_070224.cc; 070224; 10M
/home/harodonw/.vscode-server/data/User/eeedd_030224/zazz_070224/xxxxss_070224.ddd; 070224; 10M
/home/harodonw/.vscode-server/data/User/eeedd_030224/zazz_070224/xxxxxx_070224.dcc; 070224; 10M
/home/harodonw/.vscode-server/data/User/cccvv_060224/zazz_070224/xsssxss_070224.d; 070224; 10M
/home/harodonw/.vscode-server/data/User/cccvv_060224/zazz_070224/xssxx_070224.d; 070224; 10M
/home/harodonw/.vscode-server/data/User/cccvv_060224/zazz_070224/xxsssxs_070224.d; 070224; 10M
/home/harodonw/.vscode-server/data/User/cccvv_060224/zazz_070224/xsxx_070224.cd; 070224; 10M
/home/harodonw/.vscode-server/data/User/cccvv_060224/zazz_070224/xxxx_070224.cdd; 070224; 10M
/home/harodonw/.vscode-server/data/User/eddd_030224/zazz_070224/ssssxss_070224.c; 070224; 10M
/home/harodonw/.vscode-server/data/User/eddd_030224/zazz_070224/sxss_070224.cd; 070224; 10M
/home/harodonw/.vscode-server/data/User/eddd_030224/zazz_070224/sssxss_070224.c; 070224; 10M
/home/harodonw/.vscode-server/data/User/eddd_030224/zazz_070224/sxsxssx_070224.d; 070224; 10M
/home/harodonw/.vscode-server/data/User/eddd_030224/zazz_070224/sxsxssx_070224.d; 070224; 10M
/home/harodonw/.vscode-server/data/User/eddd_030224/zazz_070224/sxsxssx_070224.d; 070224; 10M
/home/harodonw/.vscode-server/data/User/workspaceStorage/zazz_070224/ssssx_070224.d; 070224; 10M
/home/harodonw/.vscode-server/data/User/workspaceStorage/zazz_070224/sxsx_070224.dd; 070224; 10M
/home/harodonw/.vscode-server/data/User/workspaceStorage/zazz_070224/xsxxsxx_070224.ddd; 070224; 10M
/home/harodonw/.vscode-server/data/User/workspaceStorage/zazz_070224/sxsx_070224.c; 070224; 10M
/home/harodonw/.vscode-server/data/User/workspaceStorage/zazz_070224/sxsx_070224.c; 070224; 10M
/home/harodonw/.vscode-server/data/User/workspaceStorage/dedee_030224/zazz_070224/ssxss_070224.c; 070224; 10M
/home/harodonw/.vscode-server/data/User/workspaceStorage/dedee_030224/zazz_070224/ssxss_070224.c; 070224; 10M
/home/harodonw/.vscode-server/data/User/workspaceStorage/dedee_030224/zazz_070224/xssx_070224.ccd; 070224; 10M
/home/harodonw/.vscode-server/data/User/workspaceStorage/dedee_030224/zazz_070224/xssx_070224.ccd; 070224; 10M
/home/harodonw/.vscode-server/data/User/workspaceStorage/f695df51a777b5d14dc7216a58968027-1/zazz_070224/sssx_070224.c; 070224; 10M
/home/harodonw/.vscode-server/data/User/workspaceStorage/f695df51a777b5d14dc7216a58968027-1/zazz_070224/xxxs_070224.dd; 070224; 10M
/home/harodonw/.vscode-server/data/User/workspaceStorage/f695df51a777b5d14dc7216a58968027-1/zazz_070224/sssx_070224.dc; 070224; 10M
/home/harodonw/.vscode-server/data/User/workspaceStorage/f695df51a777b5d14dc7216a58968027-1/zazz_070224/xsxxsx_070224.cd; 070224; 10M
/home/harodonw/.vscode-server/data/User/workspaceStorage/f695df51a777b5d14dc7216a58968027-1/zazz_070224/xxxxxs_070224.c; 070224; 10M
/home/harodonw/.vscode-server/data/User/workspaceStorage/f695df51a777b5d14dc7216a58968027-1/dedee_030224/zazz_070224/xsxssx_070224.c; 070224; 10M
/home/harodonw/.vscode-server/data/User/workspaceStorage/f695df51a777b5d14dc7216a58968027-1/dedee_030224/zazz_070224/xxxx_070224.dcc; 070224; 10M
/home/harodonw/.vscode-server/data/User/workspaceStorage/f695df51a777b5d14dc7216a58968027-1/dedee_030224/zazz_070224/xxxxs_070224.c; 070224; 10M
/home/harodonw/.vscode-server/data/User/workspaceStorage/f695df51a777b5d14dc7216a58968027-1/dedee_030224/zazz_070224/xxsxx_070224.c; 070224; 10M
/home/harodonw/.vscode-server/data/User/workspaceStorage/f695df51a777b5d14dc7216a58968027-1/dedee_030224/zazz_070224/xsxss_070224.c; 070224; 10M
/home/harodonw/.vscode-server/data/User/workspaceStorage/f695df51a777b5d14dc7216a58968027-1/zzaz_030224/zazz_070224/xsxx_070224.ccc; 070224; 10M
/home/harodonw/.vscode-server/data/User/workspaceStorage/f695df51a777b5d14dc7216a58968027-1/zzaz_030224/zazz_070224/xsxx_070224.dd; 070224; 10M
/home/harodonw/.vscode-server/data/User/workspaceStorage/f695df51a777b5d14dc7216a58968027-1/zzaz_030224/zazz_070224/sxssxs_070224.dcd; 070224; 10M
/home/harodonw/.vscode-server/data/User/workspaceStorage/f695df51a777b5d14dc7216a58968027-1/zzaz_030224/zazz_070224/xssxsx_070224.ddc; 070224; 10M
/home/harodonw/.vscode-server/data/User/workspaceStorage/f695df51a777b5d14dc7216a58968027-1/zzaz_030224/zazz_070224/xxxx_070224.d; 070224; 10M
/home/harodonw/.vscode-server/data/User/workspaceStorage/f695df51a777b5d14dc7216a58968027-1/eeedd_030224/zazz_070224/ssxxx_070224.cd; 070224; 10M
/home/harodonw/.vscode-server/data/User/workspaceStorage/f695df51a777b5d14dc7216a58968027-1/eeedd_030224/zazz_070224/ssss_070224.d; 070224; 10M
/home/harodonw/.vscode-server/data/User/workspaceStorage/f695df51a777b5d14dc7216a58968027-1/eeedd_030224/zazz_070224/sxxxss_070224.c; 070224; 10M
/home/harodonw/.vscode-server/data/User/workspaceStorage/f695df51a777b5d14dc7216a58968027-1/eeedd_030224/zazz_070224/sssx_070224.d; 070224; 10M
/home/harodonw/.vscode-server/data/User/workspaceStorage/f695df51a777b5d14dc7216a58968027-1/eeedd_030224/zazz_070224/xsxsxsx_070224.c; 070224; 10M
/home/harodonw/.vscode-server/data/User/workspaceStorage/f695df51a777b5d14dc7216a58968027-1/cccvv_060224/zazz_070224/xxxxx_070224.cc; 070224; 10M
/home/harodonw/.vscode-server/data/User/workspaceStorage/f695df51a777b5d14dc7216a58968027-1/cccvv_060224/zazz_070224/sxsx_070224.d; 070224; 10M
/home/harodonw/.vscode-server/data/User/workspaceStorage/f695df51a777b5d14dc7216a58968027-1/cccvv_060224/zazz_070224/sxsx_070224.d; 070224; 10M
/home/harodonw/.vscode-server/data/User/workspaceStorage/f695df51a777b5d14dc7216a58968027-1/cccvv_060224/zazz_070224/xxss_070224.c; 070224; 10M
/home/harodonw/.vscode-server/data/User/workspaceStorage/f695df51a777b5d14dc7216a58968027-1/cccvv_060224/zazz_070224/xxss_070224.c; 070224; 10M
/home/harodonw/.vscode-server/data/User/workspaceStorage/f695df51a777b5d14dc7216a58968027-1/eddd_030224/zazz_070224/ssss_070224.dd; 070224; 10M
/home/harodonw/.vscode-server/data/User/workspaceStorage/f695df51a777b5d14dc7216a58968027-1/eddd_030224/zazz_070224/xsxssx_070224.d; 070224; 10M
/home/harodonw/.vscode-server/data/User/workspaceStorage/f695df51a777b5d14dc7216a58968027-1/eddd_030224/zazz_070224/ssxssx_070224.c; 070224; 10M
/home/harodonw/.vscode-server/data/User/workspaceStorage/f695df51a777b5d14dc7216a58968027-1/eddd_030224/zazz_070224/sxsxx_070224.d; 070224; 10M
/home/harodonw/.vscode-server/data/User/workspaceStorage/f695df51a777b5d14dc7216a58968027-1/eddd_030224/zazz_070224/sxssx_070224.d; 070224; 10M
/home/harodonw/.vscode-server/data/User/workspaceStorage/f695df51a777b5d14dc7216a58968027-1/ddded_030224/zazz_070224/ssxx_070224.cc; 070224; 10M
/home/harodonw/.vscode-server/data/User/workspaceStorage/f695df51a777b5d14dc7216a58968027-1/ddded_030224/zazz_070224/ssxx_070224.cc; 070224; 10M
/home/harodonw/.vscode-server/data/User/workspaceStorage/f695df51a777b5d14dc7216a58968027-1/ddded_030224/zazz_070224/sxsxsxx_070224.dd; 070224; 10M
/home/harodonw/.vscode-server/data/User/workspaceStorage/f695df51a777b5d14dc7216a58968027-1/ddded_030224/zazz_070224/xxxxs_070224.cd; 070224; 10M
/home/harodonw/.vscode-server/data/User/workspaceStorage/f695df51a777b5d14dc7216a58968027-1/ddded_030224/zazz_070224/xxxxxs_070224.ccd; 070224; 10M
/home/harodonw/.vscode-server/data/User/workspaceStorage/f695df51a777b5d14dc7216a58968027-1/ddeddd_030224/zazz_070224/sxxx_070224.cd; 070224; 10M
/home/harodonw/.vscode-server/data/User/workspaceStorage/f695df51a777b5d14dc7216a58968027-1/ddeddd_030224/zazz_070224/xxxsx_070224.cc; 070224; 10M
/home/harodonw/.vscode-server/data/User/workspaceStorage/f695df51a777b5d14dc7216a58968027-1/ddeddd_030224/zazz_070224/sssxsx_070224.dcd; 070224; 10M
/home/harodonw/.vscode-server/data/User/workspaceStorage/f695df51a777b5d14dc7216a58968027-1/ddeddd_030224/zazz_070224/sssxsx_070224.dcd; 070224; 10M
/home/harodonw/.vscode-server/data/User/workspaceStorage/f695df51a777b5d14dc7216a58968027-1/ddeddd_030224/zazz_070224/sssxsx_070224.dcd; 070224; 10M
/home/harodonw/.vscode-server/data/User/workspaceStorage/f695df51a777b5d14dc7216a58968027-1/dedd_030224/zazz_070224/xxxx_070224.c; 070224; 10M
/home/harodonw/.vscode-server/data/User/workspaceStorage/f695df51a777b5d14dc7216a58968027-1/dedd_030224/zazz_070224/sxxxxx_070224.d; 070224; 10M
/home/harodonw/.vscode-server/data/User/workspaceStorage/f695df51a777b5d14dc7216a58968027-1/dedd_030224/zazz_070224/xsxsxs_070224.d; 070224; 10M
/home/harodonw/.vscode-server/data/User/workspaceStorage/f695df51a777b5d14dc7216a58968027-1/dedd_030224/zazz_070224/sxxxs_070224.dd; 070224; 10M
/home/harodonw/.vscode-server/data/User/workspaceStorage/f695df51a777b5d14dc7216a58968027-1/dedd_030224/zazz_070224/ssxsss_070224.cd; 070224; 10M
/home/harodonw/.vscode-server/data/User/workspaceStorage/f695df51a777b5d14dc7216a58968027-1/dedd_030224/zazz_070224/ssxsss_070224.cd; 070224; 10M
/home/harodonw/.vscode-server/data/User/workspaceStorage/18458f03b54f821263f32d252f6f1274/zazz_070224/sssss_070224.cd; 070224; 10M
/home/harodonw/.vscode-server/data/User/workspaceStorage/18458f03b54f821263f32d252f6f1274/zazz_070224/sxsss_070224.ddd; 070224; 10M
/home/harodonw/.vscode-server/data/User/workspaceStorage/18458f03b54f821263f32d252f6f1274/zazz_070224/sxxxs_070224.dcc; 070224; 10M
/home/harodonw/.vscode-server/data/User/workspaceStorage/18458f03b54f821263f32d252f6f1274/zazz_070224/ssss_070224.cd; 070224; 10M
/home/harodonw/.vscode-server/data/User/workspaceStorage/18458f03b54f821263f32d252f6f1274/dedee_030224/zazz_070224/xxxxs_070224.dd; 070224; 10M
/home/harodonw/.vscode-server/data/User/workspaceStorage/18458f03b54f821263f32d252f6f1274/dedee_030224/zazz_070224/xxxsxxs_070224.c; 070224; 10M
/home/harodonw/.vscode-server/data/User/workspaceStorage/18458f03b54f821263f32d252f6f1274/dedee_030224/zazz_070224/ssssx_070224.dc; 070224; 10M
/home/harodonw/.vscode-server/data/User/workspaceStorage/18458f03b54f821263f32d252f6f1274/dedee_030224/zazz_070224/sxxx_070224.c; 070224; 10M
/home/harodonw/.vscode-server/data/User/workspaceStorage/18458f03b54f821263f32d252f6f1274/dedee_030224/zazz_070224/xxxx_070224.dd; 070224; 10M
/home/harodonw/.vscode-server/data/User/workspaceStorage/18458f03b54f821263f32d252f6f1274/zzaz_030224/zazz_070224/sxxsxx_070224.ccd; 070224; 10M
/home/harodonw/.vscode-server/data/User/workspaceStorage/18458f03b54f821263f32d252f6f1274/zzaz_030224/zazz_070224/sxxsxx_070224.ccd; 070224; 10M
/home/harodonw/.vscode-server/data/User/workspaceStorage/18458f03b54f821263f32d252f6f1274/zzaz_030224/zazz_070224/xxxsxx_070224.d; 070224; 10M
/home/harodonw/.vscode-server/data/User/workspaceStorage/18458f03b54f821263f32d252f6f1274/zzaz_030224/zazz_070224/xxssxxx_070224.cd; 070224; 10M
/home/harodonw/.vscode-server/data/User/workspaceStorage/18458f03b54f821263f32d252f6f1274/zzaz_030224/zazz_070224/ssxs_070224.d; 070224; 10M
/home/harodonw/.vscode-server/data/User/workspaceStorage/18458f03b54f821263f32d252f6f1274/zzaz_030224/zazz_070224/ssxs_070224.d; 070224; 10M
/home/harodonw/.vscode-server/data/User/workspaceStorage/18458f03b54f821263f32d252f6f1274/eeedd_030224/zazz_070224/xsxxxxx_070224.cd; 070224; 10M
/home/harodonw/.vscode-server/data/User/workspaceStorage/18458f03b54f821263f32d252f6f1274/eeedd_030224/zazz_070224/ssxsxs_070224.d; 070224; 10M
/home/harodonw/.vscode-server/data/User/workspaceStorage/18458f03b54f821263f32d252f6f1274/eeedd_030224/zazz_070224/sxssss_070224.cd; 070224; 10M
/home/harodonw/.vscode-server/data/User/workspaceStorage/18458f03b54f821263f32d252f6f1274/eeedd_030224/zazz_070224/ssxxsss_070224.cc; 070224; 10M
/home/harodonw/.vscode-server/data/User/workspaceStorage/18458f03b54f821263f32d252f6f1274/eeedd_030224/zazz_070224/ssxxsss_070224.cc; 070224; 10M
/home/harodonw/.vscode-server/data/User/workspaceStorage/18458f03b54f821263f32d252f6f1274/cccvv_060224/zazz_070224/sxsx_070224.ccc; 070224; 10M
/home/harodonw/.vscode-server/data/User/workspaceStorage/18458f03b54f821263f32d252f6f1274/cccvv_060224/zazz_070224/sxxx_070224.ddc; 070224; 10M
/home/harodonw/.vscode-server/data/User/workspaceStorage/18458f03b54f821263f32d252f6f1274/cccvv_060224/zazz_070224/ssxsss_070224.ccd; 070224; 10M
/home/harodonw/.vscode-server/data/User/workspaceStorage/18458f03b54f821263f32d252f6f1274/cccvv_060224/zazz_070224/sxss_070224.cd; 070224; 10M
/home/harodonw/.vscode-server/data/User/workspaceStorage/18458f03b54f821263f32d252f6f1274/eddd_030224/zazz_070224/xssxsss_070224.dc; 070224; 10M
/home/harodonw/.vscode-server/data/User/workspaceStorage/18458f03b54f821263f32d252f6f1274/eddd_030224/zazz_070224/ssss_070224.dd; 070224; 10M
/home/harodonw/.vscode-server/data/User/workspaceStorage/18458f03b54f821263f32d252f6f1274/eddd_030224/zazz_070224/xssxss_070224.dc; 070224; 10M
/home/harodonw/.vscode-server/data/User/workspaceStorage/18458f03b54f821263f32d252f6f1274/eddd_030224/zazz_070224/sxxssx_070224.d; 070224; 10M
/home/harodonw/.vscode-server/data/User/workspaceStorage/18458f03b54f821263f32d252f6f1274/eddd_030224/zazz_070224/sxxssx_070224.d; 070224; 10M
/home/harodonw/.vscode-server/data/User/workspaceStorage/18458f03b54f821263f32d252f6f1274/ddded_030224/zazz_070224/xsssxxs_070224.d; 070224; 10M
/home/harodonw/.vscode-server/data/User/workspaceStorage/18458f03b54f821263f32d252f6f1274/ddded_030224/zazz_070224/sssxsx_070224.dcc; 070224; 10M
/home/harodonw/.vscode-server/data/User/workspaceStorage/18458f03b54f821263f32d252f6f1274/ddded_030224/zazz_070224/xxxsxss_070224.c; 070224; 10M
/home/harodonw/.vscode-server/data/User/workspaceStorage/18458f03b54f821263f32d252f6f1274/ddded_030224/zazz_070224/xssxxxx_070224.c; 070224; 10M
/home/harodonw/.vscode-server/data/User/workspaceStorage/18458f03b54f821263f32d252f6f1274/ddded_030224/zazz_070224/xxsxx_070224.ccd; 070224; 10M
/home/harodonw/.vscode-server/data/User/workspaceStorage/18458f03b54f821263f32d252f6f1274/ddeddd_030224/zazz_070224/xxsx_070224.ddd; 070224; 10M
/home/harodonw/.vscode-server/data/User/workspaceStorage/18458f03b54f821263f32d252f6f1274/ddeddd_030224/zazz_070224/sxxx_070224.cc; 070224; 10M
/home/harodonw/.vscode-server/data/User/workspaceStorage/18458f03b54f821263f32d252f6f1274/ddeddd_030224/zazz_070224/xsxss_070224.c; 070224; 10M
/home/harodonw/.vscode-server/data/User/workspaceStorage/18458f03b54f821263f32d252f6f1274/ddeddd_030224/zazz_070224/xssx_070224.ccd; 070224; 10M
/home/harodonw/.vscode-server/data/User/workspaceStorage/18458f03b54f821263f32d252f6f1274/ddeddd_030224/zazz_070224/xsssx_070224.ccd; 070224; 10M
/home/harodonw/.vscode-server/data/User/workspaceStorage/18458f03b54f821263f32d252f6f1274/dedd_030224/zazz_070224/xsxssxx_070224.cd; 070224; 10M
/home/harodonw/.vscode-server/data/User/workspaceStorage/18458f03b54f821263f32d252f6f1274/dedd_030224/zazz_070224/ssxxsxx_070224.ccc; 070224; 10M
/home/harodonw/.vscode-server/data/User/workspaceStorage/18458f03b54f821263f32d252f6f1274/dedd_030224/zazz_070224/ssxsxx_070224.cd; 070224; 10M
/home/harodonw/.vscode-server/data/User/workspaceStorage/18458f03b54f821263f32d252f6f1274/dedd_030224/zazz_070224/ssxsxx_070224.cd; 070224; 10M
/home/harodonw/.vscode-server/data/User/workspaceStorage/18458f03b54f821263f32d252f6f1274/dedd_030224/zazz_070224/xsxsss_070224.ccd; 070224; 10M
/home/harodonw/.vscode-server/data/User/workspaceStorage/e35d8f3aac737bceb5039753d2d7de7b/zazz_070224/sxxsxs_070224.dd; 070224; 10M
/home/harodonw/.vscode-server/data/User/workspaceStorage/e35d8f3aac737bceb5039753d2d7de7b/zazz_070224/sxxsxs_070224.dd; 070224; 10M
/home/harodonw/.vscode-server/data/User/workspaceStorage/e35d8f3aac737bceb5039753d2d7de7b/zazz_070224/sxxsxs_070224.dd; 070224; 10M
/home/harodonw/.vscode-server/data/User/workspaceStorage/e35d8f3aac737bceb5039753d2d7de7b/zazz_070224/sxssxsx_070224.cd; 070224; 10M
/home/harodonw/.vscode-server/data/User/workspaceStorage/e35d8f3aac737bceb5039753d2d7de7b/zazz_070224/xsxx_070224.cdd; 070224; 10M
/home/harodonw/.vscode-server/data/User/workspaceStorage/e35d8f3aac737bceb5039753d2d7de7b/dedee_030224/zazz_070224/ssxsxxx_070224.c; 070224; 10M
/home/harodonw/.vscode-server/data/User/workspaceStorage/e35d8f3aac737bceb5039753d2d7de7b/dedee_030224/zazz_070224/sxxsx_070224.d; 070224; 10M
/home/harodonw/.vscode-server/data/User/workspaceStorage/e35d8f3aac737bceb5039753d2d7de7b/dedee_030224/zazz_070224/xsxx_070224.d; 070224; 10M
/home/harodonw/.vscode-server/data/User/workspaceStorage/e35d8f3aac737bceb5039753d2d7de7b/dedee_030224/zazz_070224/ssssss_070224.dd; 070224; 10M
/home/harodonw/.vscode-server/data/User/workspaceStorage/e35d8f3aac737bceb5039753d2d7de7b/dedee_030224/zazz_070224/ssssss_070224.dd; 070224; 10M
/home/harodonw/.vscode-server/data/User/workspaceStorage/e35d8f3aac737bceb5039753d2d7de7b/zzaz_030224/zazz_070224/sxxssss_070224.dcd; 070224; 10M
/home/harodonw/.vscode-server/data/User/workspaceStorage/e35d8f3aac737bceb5039753d2d7de7b/zzaz_030224/zazz_070224/sxssxx_070224.dd; 070224; 10M
/home/harodonw/.vscode-server/data/User/workspaceStorage/e35d8f3aac737bceb5039753d2d7de7b/zzaz_030224/zazz_070224/xxxssxs_070224.cdc; 070224; 10M
/home/harodonw/.vscode-server/data/User/workspaceStorage/e35d8f3aac737bceb5039753d2d7de7b/zzaz_030224/zazz_070224/xxxx_070224.dc; 070224; 10M
/home/harodonw/.vscode-server/data/User/workspaceStorage/e35d8f3aac737bceb5039753d2d7de7b/zzaz_030224/zazz_070224/xsxss_070224.d; 070224; 10M
/home/harodonw/.vscode-server/data/User/workspaceStorage/e35d8f3aac737bceb5039753d2d7de7b/zzaz_030224/zazz_070224/xsxss_070224.d; 070224; 10M
/home/harodonw/.vscode-server/data/User/workspaceStorage/e35d8f3aac737bceb5039753d2d7de7b/eeedd_030224/zazz_070224/sxsxx_070224.cd; 070224; 10M
/home/harodonw/.vscode-server/data/User/workspaceStorage/e35d8f3aac737bceb5039753d2d7de7b/eeedd_030224/zazz_070224/xsss_070224.c; 070224; 10M
/home/harodonw/.vscode-server/data/User/workspaceStorage/e35d8f3aac737bceb5039753d2d7de7b/eeedd_030224/zazz_070224/xsss_070224.c; 070224; 10M
/home/harodonw/.vscode-server/data/User/workspaceStorage/e35d8f3aac737bceb5039753d2d7de7b/eeedd_030224/zazz_070224/xsss_070224.c; 070224; 10M
/home/harodonw/.vscode-server/data/User/workspaceStorage/e35d8f3aac737bceb5039753d2d7de7b/cccvv_060224/zazz_070224/xxssxs_070224.d; 070224; 10M
/home/harodonw/.vscode-server/data/User/workspaceStorage/e35d8f3aac737bceb5039753d2d7de7b/cccvv_060224/zazz_070224/xsxx_070224.ddc; 070224; 10M
/home/harodonw/.vscode-server/data/User/workspaceStorage/e35d8f3aac737bceb5039753d2d7de7b/cccvv_060224/zazz_070224/xsxx_070224.ddc; 070224; 10M
/home/harodonw/.vscode-server/data/User/workspaceStorage/e35d8f3aac737bceb5039753d2d7de7b/cccvv_060224/zazz_070224/xsxx_070224.ddc; 070224; 10M
/home/harodonw/.vscode-server/data/User/workspaceStorage/e35d8f3aac737bceb5039753d2d7de7b/cccvv_060224/zazz_070224/sxsx_070224.cc; 070224; 10M
/home/harodonw/.vscode-server/data/User/workspaceStorage/e35d8f3aac737bceb5039753d2d7de7b/cccvv_060224/zazz_070224/sxsx_070224.cc; 070224; 10M
/home/harodonw/.vscode-server/data/User/workspaceStorage/e35d8f3aac737bceb5039753d2d7de7b/eddd_030224/zazz_070224/sxssx_070224.ccd; 070224; 10M
/home/harodonw/.vscode-server/data/User/workspaceStorage/e35d8f3aac737bceb5039753d2d7de7b/eddd_030224/zazz_070224/sxssx_070224.ccd; 070224; 10M
/home/harodonw/.vscode-server/data/User/workspaceStorage/e35d8f3aac737bceb5039753d2d7de7b/eddd_030224/zazz_070224/sxssx_070224.ccd; 070224; 10M
/home/harodonw/.vscode-server/data/User/workspaceStorage/e35d8f3aac737bceb5039753d2d7de7b/eddd_030224/zazz_070224/sxssx_070224.ccd; 070224; 10M
/home/harodonw/.vscode-server/data/User/workspaceStorage/e35d8f3aac737bceb5039753d2d7de7b/ddded_030224/zazz_070224/xsxsxsx_070224.ddd; 070224; 10M
/home/harodonw/.vscode-server/data/User/workspaceStorage/e35d8f3aac737bceb5039753d2d7de7b/ddded_030224/zazz_070224/xsxsxx_070224.cc; 070224; 10M
/home/harodonw/.vscode-server/data/User/workspaceStorage/e35d8f3aac737bceb5039753d2d7de7b/ddded_030224/zazz_070224/xsxs_070224.d; 070224; 10M
/home/harodonw/.vscode-server/data/User/workspaceStorage/e35d8f3aac737bceb5039753d2d7de7b/ddded_030224/zazz_070224/sxssxx_070224.cc; 070224; 10M
/home/harodonw/.vscode-server/data/User/workspaceStorage/e35d8f3aac737bceb5039753d2d7de7b/ddded_030224/zazz_070224/sxxx_070224.cc; 070224; 10M
/home/harodonw/.vscode-server/data/User/workspaceStorage/e35d8f3aac737bceb5039753d2d7de7b/ddeddd_030224/zazz_070224/xsssx_070224.dd; 070224; 10M
/home/harodonw/.vscode-server/data/User/workspaceStorage/e35d8f3aac737bceb5039753d2d7de7b/ddeddd_030224/zazz_070224/sxsxsx_070224.d; 070224; 10M
/home/harodonw/.vscode-server/data/User/workspaceStorage/e35d8f3aac737bceb5039753d2d7de7b/ddeddd_030224/zazz_070224/xsxx_070224.cdd; 070224; 10M
/home/harodonw/.vscode-server/data/User/workspaceStorage/e35d8f3aac737bceb5039753d2d7de7b/ddeddd_030224/zazz_070224/xsxx_070224.cdd; 070224; 10M
/home/harodonw/.vscode-server/data/User/workspaceStorage/e35d8f3aac737bceb5039753d2d7de7b/ddeddd_030224/zazz_070224/xsxx_070224.cdd; 070224; 10M
/home/harodonw/.vscode-server/data/User/workspaceStorage/e35d8f3aac737bceb5039753d2d7de7b/dedd_030224/zazz_070224/sxxs_070224.c; 070224; 10M
/home/harodonw/.vscode-server/data/User/workspaceStorage/e35d8f3aac737bceb5039753d2d7de7b/dedd_030224/zazz_070224/xxxssss_070224.cc; 070224; 10M
/home/harodonw/.vscode-server/data/User/workspaceStorage/e35d8f3aac737bceb5039753d2d7de7b/dedd_030224/zazz_070224/xxxss_070224.cd; 070224; 10M
/home/harodonw/.vscode-server/data/User/workspaceStorage/e35d8f3aac737bceb5039753d2d7de7b/dedd_030224/zazz_070224/xssxxxx_070224.dd; 070224; 10M
/home/harodonw/.vscode-server/data/User/workspaceStorage/e35d8f3aac737bceb5039753d2d7de7b/dedd_030224/zazz_070224/xssxs_070224.ddd; 070224; 10M
/home/harodonw/.vscode-server/data/User/workspaceStorage/e35d8f3aac737bceb5039753d2d7de7b/dedd_030224/zazz_070224/xssxs_070224.ddd; 070224; 10M
/home/harodonw/.vscode-server/data/User/workspaceStorage/e35d8f3aac737bceb5039753d2d7de7b/dedd_030224/zazz_070224/xssxs_070224.ddd; 070224; 10M
/home/harodonw/.vscode-server/data/User/workspaceStorage/f695df51a777b5d14dc7216a58968027/zazz_070224/sxxs_070224.dcd; 070224; 10M
/home/harodonw/.vscode-server/data/User/workspaceStorage/f695df51a777b5d14dc7216a58968027/zazz_070224/xxxx_070224.d; 070224; 10M
/home/harodonw/.vscode-server/data/User/workspaceStorage/f695df51a777b5d14dc7216a58968027/zazz_070224/xxxx_070224.d; 070224; 10M
/home/harodonw/.vscode-server/data/User/workspaceStorage/f695df51a777b5d14dc7216a58968027/dedee_030224/zazz_070224/ssxsxs_070224.cd; 070224; 10M
/home/harodonw/.vscode-server/data/User/workspaceStorage/f695df51a777b5d14dc7216a58968027/dedee_030224/zazz_070224/ssxxxx_070224.d; 070224; 10M
/home/harodonw/.vscode-server/data/User/workspaceStorage/f695df51a777b5d14dc7216a58968027/dedee_030224/zazz_070224/ssxxxx_070224.d; 070224; 10M
/home/harodonw/.vscode-server/data/User/workspaceStorage/f695df51a777b5d14dc7216a58968027/dedee_030224/zazz_070224/ssxxxx_070224.d; 070224; 10M
/home/harodonw/.vscode-server/data/User/workspaceStorage/f695df51a777b5d14dc7216a58968027/dedee_030224/zazz_070224/ssssxx_070224.cd; 070224; 10M
/home/harodonw/.vscode-server/data/User/workspaceStorage/f695df51a777b5d14dc7216a58968027/zzaz_030224/zazz_070224/sssssx_070224.cdc; 070224; 10M
/home/harodonw/.vscode-server/data/User/workspaceStorage/f695df51a777b5d14dc7216a58968027/zzaz_030224/zazz_070224/ssxssx_070224.dcd; 070224; 10M
/home/harodonw/.vscode-server/data/User/workspaceStorage/f695df51a777b5d14dc7216a58968027/zzaz_030224/zazz_070224/ssxssx_070224.cc; 070224; 10M
/home/harodonw/.vscode-server/data/User/workspaceStorage/f695df51a777b5d14dc7216a58968027/zzaz_030224/zazz_070224/xxxxs_070224.d; 070224; 10M
/home/harodonw/.vscode-server/data/User/workspaceStorage/f695df51a777b5d14dc7216a58968027/zzaz_030224/zazz_070224/xxsxss_070224.cd; 070224; 10M
/home/harodonw/.vscode-server/data/User/workspaceStorage/f695df51a777b5d14dc7216a58968027/zzaz_030224/zazz_070224/xxsxss_070224.cd; 070224; 10M
/home/harodonw/.vscode-server/data/User/workspaceStorage/f695df51a777b5d14dc7216a58968027/zzaz_030224/zazz_070224/xxsxss_070224.cd; 070224; 10M
/home/harodonw/.vscode-server/data/User/workspaceStorage/f695df51a777b5d14dc7216a58968027/zzaz_030224/zazz_070224/xxsxss_070224.cd; 070224; 10M
/home/harodonw/.vscode-server/data/User/workspaceStorage/f695df51a777b5d14dc7216a58968027/eeedd_030224/zazz_070224/xssxxsx_070224.cd; 070224; 10M
/home/harodonw/.vscode-server/data/User/workspaceStorage/f695df51a777b5d14dc7216a58968027/eeedd_030224/zazz_070224/xsxssxs_070224.cdc; 070224; 10M
/home/harodonw/.vscode-server/data/User/workspaceStorage/f695df51a777b5d14dc7216a58968027/cccvv_060224/zazz_070224/sxsx_070224.ddd; 070224; 10M
/home/harodonw/.vscode-server/data/User/workspaceStorage/f695df51a777b5d14dc7216a58968027/cccvv_060224/zazz_070224/xxxxsss_070224.ddc; 070224; 10M
/home/harodonw/.vscode-server/data/User/workspaceStorage/f695df51a777b5d14dc7216a58968027/cccvv_060224/zazz_070224/sxsxss_070224.cd; 070224; 10M
/home/harodonw/.vscode-server/data/User/workspaceStorage/f695df51a777b5d14dc7216a58968027/cccvv_060224/zazz_070224/ssxxsx_070224.cd; 070224; 10M
/home/harodonw/.vscode-server/data/User/workspaceStorage/f695df51a777b5d14dc7216a58968027/cccvv_060224/zazz_070224/xsxs_070224.dc; 070224; 10M
/home/harodonw/.vscode-server/data/User/workspaceStorage/f695df51a777b5d14dc7216a58968027/eddd_030224/zazz_070224/sxxssxs_070224.cd; 070224; 10M
/home/harodonw/.vscode-server/data/User/workspaceStorage/f695df51a777b5d14dc7216a58968027/eddd_030224/zazz_070224/sxxssxs_070224.cd; 070224; 10M
/home/harodonw/.vscode-server/data/User/workspaceStorage/f695df51a777b5d14dc7216a58968027/eddd_030224/zazz_070224/sxsxxxx_070224.ccd; 070224; 10M
/home/harodonw/.vscode-server/data/User/workspaceStorage/f695df51a777b5d14dc7216a58968027/eddd_030224/zazz_070224/xssxxs_070224.dc; 070224; 10M
/home/harodonw/.vscode-server/data/User/workspaceStorage/f695df51a777b5d14dc7216a58968027/eddd_030224/zazz_070224/xssxxs_070224.dc; 070224; 10M
/home/harodonw/.vscode-server/data/User/workspaceStorage/f695df51a777b5d14dc7216a58968027/ddded_030224/zazz_070224/ssxxxs_070224.cc; 070224; 10M
/home/harodonw/.vscode-server/data/User/workspaceStorage/f695df51a777b5d14dc7216a58968027/ddded_030224/zazz_070224/xsss_070224.ccc; 070224; 10M
/home/harodonw/.vscode-server/data/User/workspaceStorage/f695df51a777b5d14dc7216a58968027/ddded_030224/zazz_070224/xsxx_070224.d; 070224; 10M
/home/harodonw/.vscode-server/data/User/workspaceStorage/f695df51a777b5d14dc7216a58968027/ddded_030224/zazz_070224/ssxxss_070224.dc; 070224; 10M
/home/harodonw/.vscode-server/data/User/workspaceStorage/f695df51a777b5d14dc7216a58968027/ddded_030224/zazz_070224/sssxxx_070224.cd; 070224; 10M
/home/harodonw/.vscode-server/data/User/workspaceStorage/f695df51a777b5d14dc7216a58968027/ddded_030224/zazz_070224/sssxxx_070224.cd; 070224; 10M
/home/harodonw/.vscode-server/data/User/workspaceStorage/f695df51a777b5d14dc7216a58968027/ddded_030224/zazz_070224/sssxxx_070224.cd; 070224; 10M
/home/harodonw/.vscode-server/data/User/workspaceStorage/f695df51a777b5d14dc7216a58968027/ddded_030224/zazz_070224/sssxxx_070224.cd; 070224; 10M
/home/harodonw/.vscode-server/data/User/workspaceStorage/f695df51a777b5d14dc7216a58968027/ddded_030224/zazz_070224/sssxxx_070224.cd; 070224; 10M
/home/harodonw/.vscode-server/data/User/workspaceStorage/f695df51a777b5d14dc7216a58968027/ddeddd_030224/zazz_070224/xsxs_070224.c; 070224; 10M
/home/harodonw/.vscode-server/data/User/workspaceStorage/f695df51a777b5d14dc7216a58968027/dedd_030224/zazz_070224/xxxxs_070224.ccd; 070224; 10M
/home/harodonw/.vscode-server/data/User/workspaceStorage/f695df51a777b5d14dc7216a58968027/dedd_030224/zazz_070224/sxxs_070224.ccc; 070224; 10M
/home/harodonw/.vscode-server/data/User/workspaceStorage/f695df51a777b5d14dc7216a58968027/dedd_030224/zazz_070224/sxxxxx_070224.dd; 070224; 10M
/home/harodonw/.vscode-server/data/User/workspaceStorage/f695df51a777b5d14dc7216a58968027/dedd_030224/zazz_070224/ssxx_070224.c; 070224; 10M
/home/harodonw/.vscode-server/data/User/workspaceStorage/f695df51a777b5d14dc7216a58968027/dedd_030224/zazz_070224/ssxsxs_070224.d; 070224; 10M
/home/harodonw/.vscode-server/data/User/workspaceStorage/f695df51a777b5d14dc7216a58968027/dedd_030224/zazz_070224/ssxsxs_070224.d; 070224; 10M
/home/harodonw/.vscode-server/data/User/workspaceStorage/98dd78eeb5e306c8163f26e64f99bb3d/zazz_070224/sssx_070224.d; 070224; 10M
/home/harodonw/.vscode-server/data/User/workspaceStorage/98dd78eeb5e306c8163f26e64f99bb3d/zazz_070224/xxxsxs_070224.d; 070224; 10M
/home/harodonw/.vscode-server/data/User/workspaceStorage/98dd78eeb5e306c8163f26e64f99bb3d/zazz_070224/xxxsxs_070224.d; 070224; 10M
/home/harodonw/.vscode-server/data/User/workspaceStorage/98dd78eeb5e306c8163f26e64f99bb3d/zazz_070224/sxssss_070224.ddc; 070224; 10M
/home/harodonw/.vscode-server/data/User/workspaceStorage/98dd78eeb5e306c8163f26e64f99bb3d/dedee_030224/zazz_070224/xxxsxxx_070224.cdd; 070224; 10M
/home/harodonw/.vscode-server/data/User/workspaceStorage/98dd78eeb5e306c8163f26e64f99bb3d/dedee_030224/zazz_070224/xxxx_070224.c; 070224; 10M
/home/harodonw/.vscode-server/data/User/workspaceStorage/98dd78eeb5e306c8163f26e64f99bb3d/dedee_030224/zazz_070224/xxxx_070224.c; 070224; 10M
/home/harodonw/.vscode-server/data/User/workspaceStorage/98dd78eeb5e306c8163f26e64f99bb3d/dedee_030224/zazz_070224/ssxs_070224.ccd; 070224; 10M
/home/harodonw/.vscode-server/data/User/workspaceStorage/98dd78eeb5e306c8163f26e64f99bb3d/dedee_030224/zazz_070224/xxsssxx_070224.ddd; 070224; 10M
/home/harodonw/.vscode-server/data/User/workspaceStorage/98dd78eeb5e306c8163f26e64f99bb3d/zzaz_030224/zazz_070224/xxssxss_070224.dc; 070224; 10M
/home/harodonw/.vscode-server/data/User/workspaceStorage/98dd78eeb5e306c8163f26e64f99bb3d/zzaz_030224/zazz_070224/sxsssxs_070224.dcd; 070224; 10M
/home/harodonw/.vscode-server/data/User/workspaceStorage/98dd78eeb5e306c8163f26e64f99bb3d/zzaz_030224/zazz_070224/xsss_070224.dd; 070224; 10M
/home/harodonw/.vscode-server/data/User/workspaceStorage/98dd78eeb5e306c8163f26e64f99bb3d/zzaz_030224/zazz_070224/sxsx_070224.cc; 070224; 10M
/home/harodonw/.vscode-server/data/User/workspaceStorage/98dd78eeb5e306c8163f26e64f99bb3d/zzaz_030224/zazz_070224/ssxsss_070224.cdc; 070224; 10M
/home/harodonw/.vscode-server/data/User/workspaceStorage/98dd78eeb5e306c8163f26e64f99bb3d/eeedd_030224/zazz_070224/xssxxs_070224.cd; 070224; 10M
/home/harodonw/.vscode-server/data/User/workspaceStorage/98dd78eeb5e306c8163f26e64f99bb3d/eeedd_030224/zazz_070224/xsssxx_070224.ccd; 070224; 10M
/home/harodonw/.vscode-server/data/User/workspaceStorage/98dd78eeb5e306c8163f26e64f99bb3d/eeedd_030224/zazz_070224/xsssxx_070224.ccd; 070224; 10M
/home/harodonw/.vscode-server/data/User/workspaceStorage/98dd78eeb5e306c8163f26e64f99bb3d/eeedd_030224/zazz_070224/xxxxxx_070224.dcc; 070224; 10M
/home/harodonw/.vscode-server/data/User/workspaceStorage/98dd78eeb5e306c8163f26e64f99bb3d/eeedd_030224/zazz_070224/sssx_070224.ddc; 070224; 10M
/home/harodonw/.vscode-server/data/User/workspaceStorage/98dd78eeb5e306c8163f26e64f99bb3d/cccvv_060224/zazz_070224/xssxxss_070224.ccd; 070224; 10M
/home/harodonw/.vscode-server/data/User/workspaceStorage/98dd78eeb5e306c8163f26e64f99bb3d/cccvv_060224/zazz_070224/sxsxxxs_070224.cdc; 070224; 10M
/home/harodonw/.vscode-server/data/User/workspaceStorage/98dd78eeb5e306c8163f26e64f99bb3d/cccvv_060224/zazz_070224/xxxssxs_070224.d; 070224; 10M
/home/harodonw/.vscode-server/data/User/workspaceStorage/98dd78eeb5e306c8163f26e64f99bb3d/cccvv_060224/zazz_070224/xxxxsss_070224.c; 070224; 10M
/home/harodonw/.vscode-server/data/User/workspaceStorage/98dd78eeb5e306c8163f26e64f99bb3d/cccvv_060224/zazz_070224/xxxs_070224.dcc; 070224; 10M
/home/harodonw/.vscode-server/data/User/workspaceStorage/98dd78eeb5e306c8163f26e64f99bb3d/eddd_030224/zazz_070224/ssxsxs_070224.c; 070224; 10M
/home/harodonw/.vscode-server/data/User/workspaceStorage/98dd78eeb5e306c8163f26e64f99bb3d/eddd_030224/zazz_070224/ssss_070224.ddd; 070224; 10M
/home/harodonw/.vscode-server/data/User/workspaceStorage/98dd78eeb5e306c8163f26e64f99bb3d/eddd_030224/zazz_070224/sxxxxx_070224.dd; 070224; 10M
/home/harodonw/.vscode-server/data/User/workspaceStorage/98dd78eeb5e306c8163f26e64f99bb3d/eddd_030224/zazz_070224/sxxs_070224.d; 070224; 10M
/home/harodonw/.vscode-server/data/User/workspaceStorage/98dd78eeb5e306c8163f26e64f99bb3d/eddd_030224/zazz_070224/sxxs_070224.d; 070224; 10M
/home/harodonw/.vscode-server/data/User/workspaceStorage/98dd78eeb5e306c8163f26e64f99bb3d/ddded_030224/zazz_070224/sxxx_070224.cd; 070224; 10M
/home/harodonw/.vscode-server/data/User/workspaceStorage/98dd78eeb5e306c8163f26e64f99bb3d/ddded_030224/zazz_070224/ssxssxx_070224.dc; 070224; 10M
/home/harodonw/.vscode-server/data/User/workspaceStorage/98dd78eeb5e306c8163f26e64f99bb3d/ddded_030224/zazz_070224/xsss_070224.c; 070224; 10M
/home/harodonw/.vscode-server/data/User/workspaceStorage/98dd78eeb5e306c8163f26e64f99bb3d/ddded_030224/zazz_070224/xxxx_070224.cc; 070224; 10M
/home/harodonw/.vscode-server/data/User/workspaceStorage/98dd78eeb5e306c8163f26e64f99bb3d/ddded_030224/zazz_070224/sxsss_070224.cc; 070224; 10M
/home/harodonw/.vscode-server/data/User/workspaceStorage/98dd78eeb5e306c8163f26e64f99bb3d/ddeddd_030224/zazz_070224/ssxs_070224.c; 070224; 10M
/home/harodonw/.vscode-server/data/User/workspaceStorage/98dd78eeb5e306c8163f26e64f99bb3d/ddeddd_030224/zazz_070224/sssxs_070224.c; 070224; 10M
/home/harodonw/.vscode-server/data/User/workspaceStorage/98dd78eeb5e306c8163f26e64f99bb3d/ddeddd_030224/zazz_070224/sxxssx_070224.d; 070224; 10M
/home/harodonw/.vscode-server/data/User/workspaceStorage/98dd78eeb5e306c8163f26e64f99bb3d/ddeddd_030224/zazz_070224/xxxsxxx_070224.ddc; 070224; 10M
/home/harodonw/.vscode-server/data/User/workspaceStorage/98dd78eeb5e306c8163f26e64f99bb3d/ddeddd_030224/zazz_070224/xxxxx_070224.cc; 070224; 10M
/home/harodonw/.vscode-server/data/User/workspaceStorage/98dd78eeb5e306c8163f26e64f99bb3d/dedd_030224/zazz_070224/sxsxsss_070224.dcd; 070224; 10M
/home/harodonw/.vscode-server/data/User/workspaceStorage/98dd78eeb5e306c8163f26e64f99bb3d/dedd_030224/zazz_070224/sxsxsss_070224.dcd; 070224; 10M
/home/harodonw/.vscode-server/data/User/workspaceStorage/98dd78eeb5e306c8163f26e64f99bb3d/dedd_030224/zazz_070224/ssxxx_070224.dd; 070224; 10M
/home/harodonw/.vscode-server/data/User/workspaceStorage/98dd78eeb5e306c8163f26e64f99bb3d/dedd_030224/zazz_070224/sxxxx_070224.ccc; 070224; 10M
/home/harodonw/.vscode-server/data/User/workspaceStorage/98dd78eeb5e306c8163f26e64f99bb3d/dedd_030224/zazz_070224/sxxxx_070224.ccc; 070224; 10M
/home/harodonw/.vscode-server/data/User/workspaceStorage/98dd78eeb5e306c8163f26e64f99bb3d/dedd_030224/zazz_070224/sxxxx_070224.ccc; 070224; 10M
/home/harodonw/.vscode-server/data/User/workspaceStorage/zzaz_030224/zazz_070224/xsxsss_070224.c; 070224; 10M
/home/harodonw/.vscode-server/data/User/workspaceStorage/zzaz_030224/zazz_070224/sssxx_070224.ccd; 070224; 10M
/home/harodonw/.vscode-server/data/User/workspaceStorage/zzaz_030224/zazz_070224/ssxxsx_070224.dd; 070224; 10M
/home/harodonw/.vscode-server/data/User/workspaceStorage/zzaz_030224/zazz_070224/sssx_070224.cdd; 070224; 10M
/home/harodonw/.vscode-server/data/User/workspaceStorage/eeedd_030224/zazz_070224/sssxss_070224.cdd; 070224; 10M
/home/harodonw/.vscode-server/data/User/workspaceStorage/eeedd_030224/zazz_070224/xxxxs_070224.ccd; 070224; 10M
/home/harodonw/.vscode-server/data/User/workspaceStorage/eeedd_030224/zazz_070224/xxsxss_070224.c; 070224; 10M
/home/harodonw/.vscode-server/data/User/workspaceStorage/eeedd_030224/zazz_070224/xsss_070224.ddd; 070224; 10M
/home/harodonw/.vscode-server/data/User/workspaceStorage/eeedd_030224/zazz_070224/xxxsx_070224.ccd; 070224; 10M
/home/harodonw/.vscode-server/data/User/workspaceStorage/cccvv_060224/zazz_070224/xsxsxxs_070224.ddc; 070224; 10M
/home/harodonw/.vscode-server/data/User/workspaceStorage/cccvv_060224/zazz_070224/xsxsxxs_070224.ddc; 070224; 10M
/home/harodonw/.vscode-server/data/User/workspaceStorage/cccvv_060224/zazz_070224/xxxsx_070224.ddc; 070224; 10M
/home/harodonw/.vscode-server/data/User/workspaceStorage/cccvv_060224/zazz_070224/xxxsx_070224.ddc; 070224; 10M
/home/harodonw/.vscode-server/data/User/workspaceStorage/cccvv_060224/zazz_070224/sxxsxsx_070224.ddc; 070224; 10M
/home/harodonw/.vscode-server/data/User/workspaceStorage/eddd_030224/zazz_070224/xxssx_070224.cd; 070224; 10M
/home/harodonw/.vscode-server/data/User/workspaceStorage/eddd_030224/zazz_070224/xsssxss_070224.c; 070224; 10M
/home/harodonw/.vscode-server/data/User/workspaceStorage/eddd_030224/zazz_070224/xssx_070224.dcc; 070224; 10M
/home/harodonw/.vscode-server/data/User/workspaceStorage/eddd_030224/zazz_070224/xssx_070224.dcc; 070224; 10M
/home/harodonw/.vscode-server/data/User/workspaceStorage/eddd_030224/zazz_070224/sxxs_070224.cc; 070224; 10M
/home/harodonw/.vscode-server/data/User/workspaceStorage/ddded_030224/zazz_070224/xxxx_070224.dd; 070224; 10M
/home/harodonw/.vscode-server/data/User/workspaceStorage/ddded_030224/zazz_070224/ssssxsx_070224.cc; 070224; 10M
/home/harodonw/.vscode-server/data/User/workspaceStorage/ddded_030224/zazz_070224/ssssxsx_070224.cc; 070224; 10M
/home/harodonw/.vscode-server/data/User/workspaceStorage/ddded_030224/zazz_070224/xxxsxxx_070224.ddd; 070224; 10M
/home/harodonw/.vscode-server/data/User/workspaceStorage/ddded_030224/zazz_070224/ssss_070224.d; 070224; 10M
/home/harodonw/.vscode-server/data/User/workspaceStorage/ddeddd_030224/zazz_070224/xsxss_070224.dd; 070224; 10M
/home/harodonw/.vscode-server/data/User/workspaceStorage/ddeddd_030224/zazz_070224/sxsxx_070224.c; 070224; 10M
/home/harodonw/.vscode-server/data/User/workspaceStorage/ddeddd_030224/zazz_070224/xxsxsxs_070224.d; 070224; 10M
/home/harodonw/.vscode-server/data/User/workspaceStorage/ddeddd_030224/zazz_070224/xxxs_070224.dcd; 070224; 10M
/home/harodonw/.vscode-server/data/User/workspaceStorage/ddeddd_030224/zazz_070224/xxxs_070224.dcd; 070224; 10M
/home/harodonw/.vscode-server/data/User/workspaceStorage/dedd_030224/zazz_070224/sssx_070224.cd; 070224; 10M
/home/harodonw/.vscode-server/data/User/workspaceStorage/dedd_030224/zazz_070224/xssxs_070224.dd; 070224; 10M
/home/harodonw/.vscode-server/data/User/workspaceStorage/dedd_030224/zazz_070224/xxsxsss_070224.cc; 070224; 10M
/home/harodonw/.vscode-server/data/User/workspaceStorage/dedd_030224/zazz_070224/sxxs_070224.ccc; 070224; 10M
/home/harodonw/.vscode-server/data/User/workspaceStorage/dedd_030224/zazz_070224/sssxsss_070224.cdc; 070224; 10M
/home/harodonw/.vscode-server/data/User/workspaceStorage/dedd_030224/zazz_070224/sssxsss_070224.cdc; 070224; 10M
/home/harodonw/.vscode-server/data/User/workspaceStorage/f459373e99e8d033a17bbb199152155e/zazz_070224/xxsxss_070224.dd; 070224; 10M
/home/harodonw/.vscode-server/data/User/workspaceStorage/f459373e99e8d033a17bbb199152155e/zazz_070224/xxsxss_070224.dd; 070224; 10M
/home/harodonw/.vscode-server/data/User/workspaceStorage/f459373e99e8d033a17bbb199152155e/zazz_070224/ssxssss_070224.d; 070224; 10M
/home/harodonw/.vscode-server/data/User/workspaceStorage/f459373e99e8d033a17bbb199152155e/zazz_070224/ssxssss_070224.d; 070224; 10M
/home/harodonw/.vscode-server/data/User/workspaceStorage/f459373e99e8d033a17bbb199152155e/dedee_030224/zazz_070224/xxsxss_070224.ccc; 070224; 10M
/home/harodonw/.vscode-server/data/User/workspaceStorage/f459373e99e8d033a17bbb199152155e/dedee_030224/zazz_070224/xsxssx_070224.cdc; 070224; 10M
/home/harodonw/.vscode-server/data/User/workspaceStorage/f459373e99e8d033a17bbb199152155e/dedee_030224/zazz_070224/xsxxsx_070224.dc; 070224; 10M
/home/harodonw/.vscode-server/data/User/workspaceStorage/f459373e99e8d033a17bbb199152155e/dedee_030224/zazz_070224/ssxxxss_070224.dd; 070224; 10M
/home/harodonw/.vscode-server/data/User/workspaceStorage/f459373e99e8d033a17bbb199152155e/dedee_030224/zazz_070224/sxsssx_070224.dc; 070224; 10M
/home/harodonw/.vscode-server/data/User/workspaceStorage/f459373e99e8d033a17bbb199152155e/zzaz_030224/zazz_070224/xssxx_070224.d; 070224; 10M
/home/harodonw/.vscode-server/data/User/workspaceStorage/f459373e99e8d033a17bbb199152155e/zzaz_030224/zazz_070224/xxsxx_070224.cd; 070224; 10M
/home/harodonw/.vscode-server/data/User/workspaceStorage/f459373e99e8d033a17bbb199152155e/zzaz_030224/zazz_070224/ssxss_070224.dd; 070224; 10M
/home/harodonw/.vscode-server/data/User/workspaceStorage/f459373e99e8d033a17bbb199152155e/zzaz_030224/zazz_070224/xsxxx_070224.d; 070224; 10M
/home/harodonw/.vscode-server/data/User/workspaceStorage/f459373e99e8d033a17bbb199152155e/zzaz_030224/zazz_070224/ssssssx_070224.ccd; 070224; 10M
/home/harodonw/.vscode-server/data/User/workspaceStorage/f459373e99e8d033a17bbb199152155e/eeedd_030224/zazz_070224/sssxsss_070224.ddd; 070224; 10M
/home/harodonw/.vscode-server/data/User/workspaceStorage/f459373e99e8d033a17bbb199152155e/eeedd_030224/zazz_070224/ssxx_070224.c; 070224; 10M
/home/harodonw/.vscode-server/data/User/workspaceStorage/f459373e99e8d033a17bbb199152155e/eeedd_030224/zazz_070224/xssx_070224.dcc; 070224; 10M
/home/harodonw/.vscode-server/data/User/workspaceStorage/f459373e99e8d033a17bbb199152155e/eeedd_030224/zazz_070224/xsxss_070224.ddc; 070224; 10M
/home/harodonw/.vscode-server/data/User/workspaceStorage/f459373e99e8d033a17bbb199152155e/eeedd_030224/zazz_070224/xssxx_070224.ddd; 070224; 10M
/home/harodonw/.vscode-server/data/User/workspaceStorage/f459373e99e8d033a17bbb199152155e/eeedd_030224/zazz_070224/xssxx_070224.ddd; 070224; 10M
/home/harodonw/.vscode-server/data/User/workspaceStorage/f459373e99e8d033a17bbb199152155e/cccvv_060224/zazz_070224/sssxssx_070224.c; 070224; 10M
/home/harodonw/.vscode-server/data/User/workspaceStorage/f459373e99e8d033a17bbb199152155e/cccvv_060224/zazz_070224/sxsxsss_070224.cd; 070224; 10M
/home/harodonw/.vscode-server/data/User/workspaceStorage/f459373e99e8d033a17bbb199152155e/cccvv_060224/zazz_070224/ssxx_070224.cc; 070224; 10M
/home/harodonw/.vscode-server/data/User/workspaceStorage/f459373e99e8d033a17bbb199152155e/cccvv_060224/zazz_070224/ssxx_070224.cc; 070224; 10M
/home/harodonw/.vscode-server/data/User/workspaceStorage/f459373e99e8d033a17bbb199152155e/cccvv_060224/zazz_070224/ssxx_070224.cc; 070224; 10M
/home/harodonw/.vscode-server/data/User/workspaceStorage/f459373e99e8d033a17bbb199152155e/eddd_030224/zazz_070224/xxxxsx_070224.c; 070224; 10M
/home/harodonw/.vscode-server/data/User/workspaceStorage/f459373e99e8d033a17bbb199152155e/eddd_030224/zazz_070224/xxxxsx_070224.c; 070224; 10M
/home/harodonw/.vscode-server/data/User/workspaceStorage/f459373e99e8d033a17bbb199152155e/eddd_030224/zazz_070224/xxxsss_070224.c; 070224; 10M
/home/harodonw/.vscode-server/data/User/workspaceStorage/f459373e99e8d033a17bbb199152155e/eddd_030224/zazz_070224/sxxs_070224.cc; 070224; 10M
/home/harodonw/.vscode-server/data/User/workspaceStorage/f459373e99e8d033a17bbb199152155e/ddded_030224/zazz_070224/xxsssxs_070224.cc; 070224; 10M
/home/harodonw/.vscode-server/data/User/workspaceStorage/f459373e99e8d033a17bbb199152155e/ddded_030224/zazz_070224/xxxx_070224.d; 070224; 10M
/home/harodonw/.vscode-server/data/User/workspaceStorage/f459373e99e8d033a17bbb199152155e/ddded_030224/zazz_070224/xxxx_070224.d; 070224; 10M
/home/harodonw/.vscode-server/data/User/workspaceStorage/f459373e99e8d033a17bbb199152155e/ddded_030224/zazz_070224/xsxsss_070224.c; 070224; 10M
/home/harodonw/.vscode-server/data/User/workspaceStorage/f459373e99e8d033a17bbb199152155e/ddded_030224/zazz_070224/xxxsxxs_070224.d; 070224; 10M
/home/harodonw/.vscode-server/data/User/workspaceStorage/f459373e99e8d033a17bbb199152155e/ddeddd_030224/zazz_070224/xsxs_070224.c; 070224; 10M
/home/harodonw/.vscode-server/data/User/workspaceStorage/f459373e99e8d033a17bbb199152155e/ddeddd_030224/zazz_070224/xsxs_070224.c; 070224; 10M
/home/harodonw/.vscode-server/data/User/workspaceStorage/f459373e99e8d033a17bbb199152155e/ddeddd_030224/zazz_070224/xsxsxxs_070224.c; 070224; 10M
/home/harodonw/.vscode-server/data/User/workspaceStorage/f459373e99e8d033a17bbb199152155e/ddeddd_030224/zazz_070224/sxxxx_070224.dcd; 070224; 10M
/home/harodonw/.vscode-server/data/User/workspaceStorage/f459373e99e8d033a17bbb199152155e/ddeddd_030224/zazz_070224/sxxxx_070224.dcd; 070224; 10M
/home/harodonw/.vscode-server/data/User/workspaceStorage/f459373e99e8d033a17bbb199152155e/dedd_030224/zazz_070224/ssss_070224.dc; 070224; 10M
/home/harodonw/.vscode-server/data/User/workspaceStorage/f459373e99e8d033a17bbb199152155e/dedd_030224/zazz_070224/xssss_070224.ddc; 070224; 10M
/home/harodonw/.vscode-server/data/User/workspaceStorage/f459373e99e8d033a17bbb199152155e/dedd_030224/zazz_070224/sssxxs_070224.c; 070224; 10M
/home/harodonw/.vscode-server/data/User/workspaceStorage/f459373e99e8d033a17bbb199152155e/dedd_030224/zazz_070224/sxxsxxx_070224.cc; 070224; 10M
/home/harodonw/.vscode-server/data/User/workspaceStorage/f459373e99e8d033a17bbb199152155e/dedd_030224/zazz_070224/ssxsxx_070224.ccc; 070224; 10M
/home/harodonw/.vscode-server/data/User/workspaceStorage/18458f03b54f821263f32d252f6f1274-1/zazz_070224/xsssx_070224.dc; 070224; 10M
/home/harodonw/.vscode-server/data/User/workspaceStorage/18458f03b54f821263f32d252f6f1274-1/zazz_070224/xsssx_070224.dc; 070224; 10M
/home/harodonw/.vscode-server/data/User/workspaceStorage/18458f03b54f821263f32d252f6f1274-1/zazz_070224/xssxss_070224.dd; 070224; 10M
/home/harodonw/.vscode-server/data/User/workspaceStorage/18458f03b54f821263f32d252f6f1274-1/zazz_070224/xsss_070224.dc; 070224; 10M
/home/harodonw/.vscode-server/data/User/workspaceStorage/18458f03b54f821263f32d252f6f1274-1/zazz_070224/xsxx_070224.c; 070224; 10M
/home/harodonw/.vscode-server/data/User/workspaceStorage/18458f03b54f821263f32d252f6f1274-1/dedee_030224/zazz_070224/xsxsss_070224.c; 070224; 10M
/home/harodonw/.vscode-server/data/User/workspaceStorage/18458f03b54f821263f32d252f6f1274-1/dedee_030224/zazz_070224/xsxsss_070224.c; 070224; 10M
/home/harodonw/.vscode-server/data/User/workspaceStorage/18458f03b54f821263f32d252f6f1274-1/dedee_030224/zazz_070224/xsxsxss_070224.ccd; 070224; 10M
/home/harodonw/.vscode-server/data/User/workspaceStorage/18458f03b54f821263f32d252f6f1274-1/dedee_030224/zazz_070224/xxxs_070224.cc; 070224; 10M
/home/harodonw/.vscode-server/data/User/workspaceStorage/18458f03b54f821263f32d252f6f1274-1/dedee_030224/zazz_070224/ssxxxx_070224.cd; 070224; 10M
/home/harodonw/.vscode-server/data/User/workspaceStorage/18458f03b54f821263f32d252f6f1274-1/zzaz_030224/zazz_070224/xxsxss_070224.d; 070224; 10M
/home/harodonw/.vscode-server/data/User/workspaceStorage/18458f03b54f821263f32d252f6f1274-1/zzaz_030224/zazz_070224/xxsxxs_070224.ddd; 070224; 10M
/home/harodonw/.vscode-server/data/User/workspaceStorage/18458f03b54f821263f32d252f6f1274-1/zzaz_030224/zazz_070224/xxsxxs_070224.ddd; 070224; 10M
/home/harodonw/.vscode-server/data/User/workspaceStorage/18458f03b54f821263f32d252f6f1274-1/zzaz_030224/zazz_070224/xxssssx_070224.d; 070224; 10M
/home/harodonw/.vscode-server/data/User/workspaceStorage/18458f03b54f821263f32d252f6f1274-1/zzaz_030224/zazz_070224/xxxxxs_070224.cc; 070224; 10M
/home/harodonw/.vscode-server/data/User/workspaceStorage/18458f03b54f821263f32d252f6f1274-1/eeedd_030224/zazz_070224/xssss_070224.ddc; 070224; 10M
/home/harodonw/.vscode-server/data/User/workspaceStorage/18458f03b54f821263f32d252f6f1274-1/eeedd_030224/zazz_070224/xxxss_070224.c; 070224; 10M
/home/harodonw/.vscode-server/data/User/workspaceStorage/18458f03b54f821263f32d252f6f1274-1/eeedd_030224/zazz_070224/xxxss_070224.c; 070224; 10M
/home/harodonw/.vscode-server/data/User/workspaceStorage/18458f03b54f821263f32d252f6f1274-1/eeedd_030224/zazz_070224/xxxss_070224.c; 070224; 10M
/home/harodonw/.vscode-server/data/User/workspaceStorage/18458f03b54f821263f32d252f6f1274-1/eeedd_030224/zazz_070224/ssxsxs_070224.c; 070224; 10M
/home/harodonw/.vscode-server/data/User/workspaceStorage/18458f03b54f821263f32d252f6f1274-1/eeedd_030224/zazz_070224/ssxsxs_070224.c; 070224; 10M
/home/harodonw/.vscode-server/data/User/workspaceStorage/18458f03b54f821263f32d252f6f1274-1/cccvv_060224/zazz_070224/sxxx_070224.c; 070224; 10M
/home/harodonw/.vscode-server/data/User/workspaceStorage/18458f03b54f821263f32d252f6f1274-1/cccvv_060224/zazz_070224/sxxx_070224.c; 070224; 10M
/home/harodonw/.vscode-server/data/User/workspaceStorage/18458f03b54f821263f32d252f6f1274-1/cccvv_060224/zazz_070224/ssxsx_070224.cc; 070224; 10M
/home/harodonw/.vscode-server/data/User/workspaceStorage/18458f03b54f821263f32d252f6f1274-1/cccvv_060224/zazz_070224/sxxxxs_070224.d; 070224; 10M
/home/harodonw/.vscode-server/data/User/workspaceStorage/18458f03b54f821263f32d252f6f1274-1/eddd_030224/zazz_070224/sssxs_070224.dd; 070224; 10M
/home/harodonw/.vscode-server/data/User/workspaceStorage/18458f03b54f821263f32d252f6f1274-1/eddd_030224/zazz_070224/xxxsx_070224.c; 070224; 10M
/home/harodonw/.vscode-server/data/User/workspaceStorage/18458f03b54f821263f32d252f6f1274-1/eddd_030224/zazz_070224/xxxxxs_070224.ddd; 070224; 10M
/home/harodonw/.vscode-server/data/User/workspaceStorage/18458f03b54f821263f32d252f6f1274-1/eddd_030224/zazz_070224/xxxxxs_070224.ddd; 070224; 10M
/home/harodonw/.vscode-server/data/User/workspaceStorage/18458f03b54f821263f32d252f6f1274-1/eddd_030224/zazz_070224/xxxxxs_070224.ddd; 070224; 10M
/home/harodonw/.vscode-server/data/User/workspaceStorage/18458f03b54f821263f32d252f6f1274-1/eddd_030224/zazz_070224/xxxxxs_070224.ddd; 070224; 10M
/home/harodonw/.vscode-server/data/User/workspaceStorage/18458f03b54f821263f32d252f6f1274-1/ddded_030224/zazz_070224/sxssxx_070224.cdd; 070224; 10M
/home/harodonw/.vscode-server/data/User/workspaceStorage/18458f03b54f821263f32d252f6f1274-1/ddded_030224/zazz_070224/xxsxs_070224.ddd; 070224; 10M
/home/harodonw/.vscode-server/data/User/workspaceStorage/18458f03b54f821263f32d252f6f1274-1/ddded_030224/zazz_070224/xxssxx_070224.d; 070224; 10M
/home/harodonw/.vscode-server/data/User/workspaceStorage/18458f03b54f821263f32d252f6f1274-1/ddded_030224/zazz_070224/ssxsxs_070224.d; 070224; 10M
/home/harodonw/.vscode-server/data/User/workspaceStorage/18458f03b54f821263f32d252f6f1274-1/ddeddd_030224/zazz_070224/sssss_070224.c; 070224; 10M
/home/harodonw/.vscode-server/data/User/workspaceStorage/18458f03b54f821263f32d252f6f1274-1/ddeddd_030224/zazz_070224/ssxxxx_070224.cc; 070224; 10M
/home/harodonw/.vscode-server/data/User/workspaceStorage/18458f03b54f821263f32d252f6f1274-1/ddeddd_030224/zazz_070224/sxxsxs_070224.d; 070224; 10M
/home/harodonw/.vscode-server/data/User/workspaceStorage/18458f03b54f821263f32d252f6f1274-1/ddeddd_030224/zazz_070224/xxssx_070224.cd; 070224; 10M
/home/harodonw/.vscode-server/data/User/workspaceStorage/18458f03b54f821263f32d252f6f1274-1/ddeddd_030224/zazz_070224/xxssx_070224.cd; 070224; 10M
/home/harodonw/.vscode-server/data/User/workspaceStorage/18458f03b54f821263f32d252f6f1274-1/ddeddd_030224/zazz_070224/xxssx_070224.cd; 070224; 10M
/home/harodonw/.vscode-server/data/User/workspaceStorage/18458f03b54f821263f32d252f6f1274-1/dedd_030224/zazz_070224/sxssxx_070224.ddc; 070224; 10M
/home/harodonw/.vscode-server/data/User/workspaceStorage/18458f03b54f821263f32d252f6f1274-1/dedd_030224/zazz_070224/ssxxx_070224.cd; 070224; 10M
/home/harodonw/.vscode-server/data/User/workspaceStorage/18458f03b54f821263f32d252f6f1274-1/dedd_030224/zazz_070224/ssxxx_070224.cd; 070224; 10M
/home/harodonw/.vscode-server/data/User/workspaceStorage/18458f03b54f821263f32d252f6f1274-1/dedd_030224/zazz_070224/sxxss_070224.ddd; 070224; 10M
/home/harodonw/.vscode-server/data/User/ddded_030224/zazz_070224/xsxsss_070224.c; 070224; 10M
/home/harodonw/.vscode-server/data/User/ddded_030224/zazz_070224/xxxssx_070224.ccd; 070224; 10M
/home/harodonw/.vscode-server/data/User/ddded_030224/zazz_070224/xxxssx_070224.ccd; 070224; 10M
/home/harodonw/.vscode-server/data/User/ddded_030224/zazz_070224/xxxssx_070224.ccd; 070224; 10M
/home/harodonw/.vscode-server/data/User/ddded_030224/zazz_070224/xsxxxx_070224.dcd; 070224; 10M
/home/harodonw/.vscode-server/data/User/ddeddd_030224/zazz_070224/sxxsxx_070224.d; 070224; 10M
/home/harodonw/.vscode-server/data/User/ddeddd_030224/zazz_070224/xxsx_070224.d; 070224; 10M
/home/harodonw/.vscode-server/data/User/ddeddd_030224/zazz_070224/sxxxsxs_070224.cdd; 070224; 10M
/home/harodonw/.vscode-server/data/User/ddeddd_030224/zazz_070224/xsxsssx_070224.dc; 070224; 10M
/home/harodonw/.vscode-server/data/User/ddeddd_030224/zazz_070224/xsxsssx_070224.dc; 070224; 10M
/home/harodonw/.vscode-server/data/User/ddeddd_030224/zazz_070224/xsxsssx_070224.dc; 070224; 10M
/home/harodonw/.vscode-server/data/User/dedd_030224/zazz_070224/xxsss_070224.d; 070224; 10M
/home/harodonw/.vscode-server/data/User/dedd_030224/zazz_070224/xxsss_070224.d; 070224; 10M
/home/harodonw/.vscode-server/data/User/dedd_030224/zazz_070224/sxxxxs_070224.d; 070224; 10M
/home/harodonw/.vscode-server/data/User/dedd_030224/zazz_070224/xxxs_070224.c; 070224; 10M
/home/harodonw/.vscode-server/data/User/globalStorage/zazz_070224/xxxx_070224.d; 070224; 10M
/home/harodonw/.vscode-server/data/User/globalStorage/zazz_070224/sxsxsx_070224.dc; 070224; 10M
/home/harodonw/.vscode-server/data/User/globalStorage/zazz_070224/sxsxsx_070224.dc; 070224; 10M
/home/harodonw/.vscode-server/data/User/globalStorage/zazz_070224/xssxsxs_070224.dcc; 070224; 10M
/home/harodonw/.vscode-server/data/User/globalStorage/zazz_070224/xssxsxs_070224.dcc; 070224; 10M
/home/harodonw/.vscode-server/data/User/globalStorage/zazz_070224/xssxsxs_070224.dcc; 070224; 10M
/home/harodonw/.vscode-server/data/User/globalStorage/dedee_030224/zazz_070224/xsxxxx_070224.d; 070224; 10M
/home/harodonw/.vscode-server/data/User/globalStorage/dedee_030224/zazz_070224/xsxsxxx_070224.dcd; 070224; 10M
/home/harodonw/.vscode-server/data/User/globalStorage/dedee_030224/zazz_070224/ssssssx_070224.c; 070224; 10M
/home/harodonw/.vscode-server/data/User/globalStorage/dedee_030224/zazz_070224/ssssssx_070224.c; 070224; 10M
/home/harodonw/.vscode-server/data/User/globalStorage/vscode.json-language-features/zazz_070224/xssxsxx_070224.c; 070224; 10M
/home/harodonw/.vscode-server/data/User/globalStorage/vscode.json-language-features/zazz_070224/xssxsxx_070224.c; 070224; 10M
/home/harodonw/.vscode-server/data/User/globalStorage/vscode.json-language-features/zazz_070224/xssxsxx_070224.c; 070224; 10M
/home/harodonw/.vscode-server/data/User/globalStorage/vscode.json-language-features/zazz_070224/xsxss_070224.dcd; 070224; 10M
/home/harodonw/.vscode-server/data/User/globalStorage/vscode.json-language-features/zazz_070224/xxsxs_070224.cc; 070224; 10M
/home/harodonw/.vscode-server/data/User/globalStorage/vscode.json-language-features/dedee_030224/zazz_070224/xxxs_070224.c; 070224; 10M
/home/harodonw/.vscode-server/data/User/globalStorage/vscode.json-language-features/dedee_030224/zazz_070224/xxxs_070224.c; 070224; 10M
/home/harodonw/.vscode-server/data/User/globalStorage/vscode.json-language-features/dedee_030224/zazz_070224/xxxs_070224.c; 070224; 10M
/home/harodonw/.vscode-server/data/User/globalStorage/vscode.json-language-features/dedee_030224/zazz_070224/xssx_070224.cd; 070224; 10M
/home/harodonw/.vscode-server/data/User/globalStorage/vscode.json-language-features/dedee_030224/zazz_070224/xxxss_070224.c; 070224; 10M
/home/harodonw/.vscode-server/data/User/globalStorage/vscode.json-language-features/zzaz_030224/zazz_070224/xsxssxx_070224.d; 070224; 10M
/home/harodonw/.vscode-server/data/User/globalStorage/vscode.json-language-features/zzaz_030224/zazz_070224/xsxssxx_070224.d; 070224; 10M
/home/harodonw/.vscode-server/data/User/globalStorage/vscode.json-language-features/zzaz_030224/zazz_070224/xxxsssx_070224.d; 070224; 10M
/home/harodonw/.vscode-server/data/User/globalStorage/vscode.json-language-features/zzaz_030224/zazz_070224/xxssxxx_070224.dd; 070224; 10M
/home/harodonw/.vscode-server/data/User/globalStorage/vscode.json-language-features/zzaz_030224/zazz_070224/xxssxxx_070224.dd; 070224; 10M
/home/harodonw/.vscode-server/data/User/globalStorage/vscode.json-language-features/zzaz_030224/zazz_070224/xxssxxx_070224.dd; 070224; 10M
/home/harodonw/.vscode-server/data/User/globalStorage/vscode.json-language-features/eeedd_030224/zazz_070224/sssssx_070224.d; 070224; 10M
/home/harodonw/.vscode-server/data/User/globalStorage/vscode.json-language-features/eeedd_030224/zazz_070224/sssssx_070224.d; 070224; 10M
/home/harodonw/.vscode-server/data/User/globalStorage/vscode.json-language-features/eeedd_030224/zazz_070224/sssssxx_070224.ccd; 070224; 10M
/home/harodonw/.vscode-server/data/User/globalStorage/vscode.json-language-features/eeedd_030224/zazz_070224/xxsx_070224.dcc; 070224; 10M
/home/harodonw/.vscode-server/data/User/globalStorage/vscode.json-language-features/cccvv_060224/zazz_070224/xssxss_070224.dcd; 070224; 10M
/home/harodonw/.vscode-server/data/User/globalStorage/vscode.json-language-features/cccvv_060224/zazz_070224/xxsss_070224.cd; 070224; 10M
/home/harodonw/.vscode-server/data/User/globalStorage/vscode.json-language-features/cccvv_060224/zazz_070224/xssxxsx_070224.ccd; 070224; 10M
/home/harodonw/.vscode-server/data/User/globalStorage/vscode.json-language-features/cccvv_060224/zazz_070224/xsxx_070224.cc; 070224; 10M
/home/harodonw/.vscode-server/data/User/globalStorage/vscode.json-language-features/cccvv_060224/zazz_070224/sssss_070224.ddc; 070224; 10M
/home/harodonw/.vscode-server/data/User/globalStorage/vscode.json-language-features/eddd_030224/zazz_070224/xssx_070224.ccc; 070224; 10M
/home/harodonw/.vscode-server/data/User/globalStorage/vscode.json-language-features/eddd_030224/zazz_070224/sxsxxx_070224.d; 070224; 10M
/home/harodonw/.vscode-server/data/User/globalStorage/vscode.json-language-features/eddd_030224/zazz_070224/xsxxxss_070224.c; 070224; 10M
/home/harodonw/.vscode-server/data/User/globalStorage/vscode.json-language-features/eddd_030224/zazz_070224/ssxs_070224.dcc; 070224; 10M
/home/harodonw/.vscode-server/data/User/globalStorage/vscode.json-language-features/eddd_030224/zazz_070224/xssxs_070224.c; 070224; 10M
/home/harodonw/.vscode-server/data/User/globalStorage/vscode.json-language-features/ddded_030224/zazz_070224/sxsxxx_070224.ccd; 070224; 10M
/home/harodonw/.vscode-server/data/User/globalStorage/vscode.json-language-features/ddded_030224/zazz_070224/sxsxxx_070224.ccd; 070224; 10M
/home/harodonw/.vscode-server/data/User/globalStorage/vscode.json-language-features/ddded_030224/zazz_070224/sxsxxx_070224.ccd; 070224; 10M
/home/harodonw/.vscode-server/data/User/globalStorage/vscode.json-language-features/ddded_030224/zazz_070224/xxssx_070224.dd; 070224; 10M
/home/harodonw/.vscode-server/data/User/globalStorage/vscode.json-language-features/ddded_030224/zazz_070224/xxxsxx_070224.cd; 070224; 10M
/home/harodonw/.vscode-server/data/User/globalStorage/vscode.json-language-features/ddeddd_030224/zazz_070224/xxsxxs_070224.d; 070224; 10M
/home/harodonw/.vscode-server/data/User/globalStorage/vscode.json-language-features/ddeddd_030224/zazz_070224/xxsxxs_070224.d; 070224; 10M
/home/harodonw/.vscode-server/data/User/globalStorage/vscode.json-language-features/ddeddd_030224/zazz_070224/ssxxxs_070224.c; 070224; 10M
/home/harodonw/.vscode-server/data/User/globalStorage/vscode.json-language-features/ddeddd_030224/zazz_070224/xxssxxx_070224.ccc; 070224; 10M
/home/harodonw/.vscode-server/data/User/globalStorage/vscode.json-language-features/ddeddd_030224/zazz_070224/xxssxxx_070224.ccc; 070224; 10M
/home/harodonw/.vscode-server/data/User/globalStorage/vscode.json-language-features/json-schema-cache/zazz_070224/sxssssx_070224.c; 070224; 10M
/home/harodonw/.vscode-server/data/User/globalStorage/vscode.json-language-features/json-schema-cache/zazz_070224/xxssx_070224.dd; 070224; 10M
/home/harodonw/.vscode-server/data/User/globalStorage/vscode.json-language-features/json-schema-cache/zazz_070224/xxssx_070224.dd; 070224; 10M
/home/harodonw/.vscode-server/data/User/globalStorage/vscode.json-language-features/json-schema-cache/zazz_070224/ssxsssx_070224.dcd; 070224; 10M
/home/harodonw/.vscode-server/data/User/globalStorage/vscode.json-language-features/json-schema-cache/zazz_070224/sxsssxs_070224.cdd; 070224; 10M
/home/harodonw/.vscode-server/data/User/globalStorage/vscode.json-language-features/json-schema-cache/dedee_030224/zazz_070224/sssxs_070224.d; 070224; 10M
/home/harodonw/.vscode-server/data/User/globalStorage/vscode.json-language-features/json-schema-cache/dedee_030224/zazz_070224/xsxxx_070224.c; 070224; 10M
/home/harodonw/.vscode-server/data/User/globalStorage/vscode.json-language-features/json-schema-cache/dedee_030224/zazz_070224/xxss_070224.ccd; 070224; 10M
/home/harodonw/.vscode-server/data/User/globalStorage/vscode.json-language-features/json-schema-cache/dedee_030224/zazz_070224/xxss_070224.ccd; 070224; 10M
/home/harodonw/.vscode-server/data/User/globalStorage/vscode.json-language-features/json-schema-cache/dedee_030224/zazz_070224/ssssxsx_070224.ccd; 070224; 10M
/home/harodonw/.vscode-server/data/User/globalStorage/vscode.json-language-features/json-schema-cache/zzaz_030224/zazz_070224/xsxssx_070224.dd; 070224; 10M
/home/harodonw/.vscode-server/data/User/globalStorage/vscode.json-language-features/json-schema-cache/zzaz_030224/zazz_070224/xsxxxxs_070224.dcc; 070224; 10M
/home/harodonw/.vscode-server/data/User/globalStorage/vscode.json-language-features/json-schema-cache/zzaz_030224/zazz_070224/xsxxxxs_070224.dcc; 070224; 10M
/home/harodonw/.vscode-server/data/User/globalStorage/vscode.json-language-features/json-schema-cache/zzaz_030224/zazz_070224/xsxxxxs_070224.dcc; 070224; 10M
/home/harodonw/.vscode-server/data/User/globalStorage/vscode.json-language-features/json-schema-cache/zzaz_030224/zazz_070224/ssxx_070224.ccc; 070224; 10M
/home/harodonw/.vscode-server/data/User/globalStorage/vscode.json-language-features/json-schema-cache/zzaz_030224/zazz_070224/ssxx_070224.ccc; 070224; 10M
/home/harodonw/.vscode-server/data/User/globalStorage/vscode.json-language-features/json-schema-cache/eeedd_030224/zazz_070224/ssxsxx_070224.d; 070224; 10M
/home/harodonw/.vscode-server/data/User/globalStorage/vscode.json-language-features/json-schema-cache/eeedd_030224/zazz_070224/ssxsxx_070224.d; 070224; 10M
/home/harodonw/.vscode-server/data/User/globalStorage/vscode.json-language-features/json-schema-cache/eeedd_030224/zazz_070224/sssxss_070224.dd; 070224; 10M
/home/harodonw/.vscode-server/data/User/globalStorage/vscode.json-language-features/json-schema-cache/eeedd_030224/zazz_070224/xxxsx_070224.d; 070224; 10M
/home/harodonw/.vscode-server/data/User/globalStorage/vscode.json-language-features/json-schema-cache/cccvv_060224/zazz_070224/xxsx_070224.dd; 070224; 10M
/home/harodonw/.vscode-server/data/User/globalStorage/vscode.json-language-features/json-schema-cache/cccvv_060224/zazz_070224/xxsx_070224.dd; 070224; 10M
/home/harodonw/.vscode-server/data/User/globalStorage/vscode.json-language-features/json-schema-cache/cccvv_060224/zazz_070224/sxxx_070224.cd; 070224; 10M
/home/harodonw/.vscode-server/data/User/globalStorage/vscode.json-language-features/json-schema-cache/cccvv_060224/zazz_070224/sxsssxx_070224.cdc; 070224; 10M
/home/harodonw/.vscode-server/data/User/globalStorage/vscode.json-language-features/json-schema-cache/cccvv_060224/zazz_070224/sxsssxx_070224.cdc; 070224; 10M
/home/harodonw/.vscode-server/data/User/globalStorage/vscode.json-language-features/json-schema-cache/eddd_030224/zazz_070224/xsss_070224.c; 070224; 10M
/home/harodonw/.vscode-server/data/User/globalStorage/vscode.json-language-features/json-schema-cache/eddd_030224/zazz_070224/xsxss_070224.ddc; 070224; 10M
/home/harodonw/.vscode-server/data/User/globalStorage/vscode.json-language-features/json-schema-cache/eddd_030224/zazz_070224/xsxss_070224.ddc; 070224; 10M
/home/harodonw/.vscode-server/data/User/globalStorage/vscode.json-language-features/json-schema-cache/eddd_030224/zazz_070224/sxsxxs_070224.dd; 070224; 10M
/home/harodonw/.vscode-server/data/User/globalStorage/vscode.json-language-features/json-schema-cache/eddd_030224/zazz_070224/xxxxsxx_070224.cc; 070224; 10M
/home/harodonw/.vscode-server/data/User/globalStorage/vscode.json-language-features/json-schema-cache/ddded_030224/zazz_070224/ssssx_070224.dc; 070224; 10M
/home/harodonw/.vscode-server/data/User/globalStorage/vscode.json-language-features/json-schema-cache/ddded_030224/zazz_070224/xssssx_070224.ddd; 070224; 10M
/home/harodonw/.vscode-server/data/User/globalStorage/vscode.json-language-features/json-schema-cache/ddded_030224/zazz_070224/xsss_070224.d; 070224; 10M
/home/harodonw/.vscode-server/data/User/globalStorage/vscode.json-language-features/json-schema-cache/ddded_030224/zazz_070224/xsss_070224.d; 070224; 10M
/home/harodonw/.vscode-server/data/User/globalStorage/vscode.json-language-features/json-schema-cache/ddded_030224/zazz_070224/xsss_070224.d; 070224; 10M
/home/harodonw/.vscode-server/data/User/globalStorage/vscode.json-language-features/json-schema-cache/ddded_030224/zazz_070224/xsss_070224.d; 070224; 10M
/home/harodonw/.vscode-server/data/User/globalStorage/vscode.json-language-features/json-schema-cache/ddeddd_030224/zazz_070224/ssxssss_070224.dd; 070224; 10M
/home/harodonw/.vscode-server/data/User/globalStorage/vscode.json-language-features/json-schema-cache/ddeddd_030224/zazz_070224/xxxsx_070224.d; 070224; 10M
/home/harodonw/.vscode-server/data/User/globalStorage/vscode.json-language-features/json-schema-cache/ddeddd_030224/zazz_070224/sxsss_070224.dcd; 070224; 10M
/home/harodonw/.vscode-server/data/User/globalStorage/vscode.json-language-features/json-schema-cache/ddeddd_030224/zazz_070224/xxxxxsx_070224.d; 070224; 10M
/home/harodonw/.vscode-server/data/User/globalStorage/vscode.json-language-features/json-schema-cache/dedd_030224/zazz_070224/xsxxxxs_070224.dc; 070224; 10M
/home/harodonw/.vscode-server/data/User/globalStorage/vscode.json-language-features/json-schema-cache/dedd_030224/zazz_070224/sxsx_070224.d; 070224; 10M
/home/harodonw/.vscode-server/data/User/globalStorage/vscode.json-language-features/json-schema-cache/dedd_030224/zazz_070224/sxsx_070224.d; 070224; 10M
/home/harodonw/.vscode-server/data/User/globalStorage/vscode.json-language-features/json-schema-cache/dedd_030224/zazz_070224/sxsx_070224.d; 070224; 10M
/home/harodonw/.vscode-server/data/User/globalStorage/vscode.json-language-features/json-schema-cache/dedd_030224/zazz_070224/sxsx_070224.d; 070224; 10M
/home/harodonw/.vscode-server/data/User/globalStorage/vscode.json-language-features/json-schema-cache/dedd_030224/zazz_070224/sxsx_070224.d; 070224; 10M
/home/harodonw/.vscode-server/data/User/globalStorage/vscode.json-language-features/dedd_030224/zazz_070224/xsssssx_070224.c; 070224; 10M
/home/harodonw/.vscode-server/data/User/globalStorage/vscode.json-language-features/dedd_030224/zazz_070224/ssxsxss_070224.c; 070224; 10M
/home/harodonw/.vscode-server/data/User/globalStorage/vscode.json-language-features/dedd_030224/zazz_070224/xsss_070224.cc; 070224; 10M
/home/harodonw/.vscode-server/data/User/globalStorage/vscode.json-language-features/dedd_030224/zazz_070224/ssxx_070224.dd; 070224; 10M
/home/harodonw/.vscode-server/data/User/globalStorage/zzaz_030224/zazz_070224/xxsx_070224.cd; 070224; 10M
/home/harodonw/.vscode-server/data/User/globalStorage/zzaz_030224/zazz_070224/xsxs_070224.cd; 070224; 10M
/home/harodonw/.vscode-server/data/User/globalStorage/zzaz_030224/zazz_070224/xsxssxx_070224.c; 070224; 10M
/home/harodonw/.vscode-server/data/User/globalStorage/zzaz_030224/zazz_070224/xsxssxx_070224.c; 070224; 10M
/home/harodonw/.vscode-server/data/User/globalStorage/zzaz_030224/zazz_070224/xxxxxss_070224.dd; 070224; 10M
/home/harodonw/.vscode-server/data/User/globalStorage/eeedd_030224/zazz_070224/xxxs_070224.c; 070224; 10M
/home/harodonw/.vscode-server/data/User/globalStorage/eeedd_030224/zazz_070224/xxxs_070224.c; 070224; 10M
/home/harodonw/.vscode-server/data/User/globalStorage/eeedd_030224/zazz_070224/xxxs_070224.c; 070224; 10M
/home/harodonw/.vscode-server/data/User/globalStorage/eeedd_030224/zazz_070224/xsxxx_070224.d; 070224; 10M
/home/harodonw/.vscode-server/data/User/globalStorage/eeedd_030224/zazz_070224/xxsss_070224.cdd; 070224; 10M
/home/harodonw/.vscode-server/data/User/globalStorage/cccvv_060224/zazz_070224/ssxsxxx_070224.ddc; 070224; 10M
/home/harodonw/.vscode-server/data/User/globalStorage/cccvv_060224/zazz_070224/ssxsxxx_070224.ddc; 070224; 10M
/home/harodonw/.vscode-server/data/User/globalStorage/cccvv_060224/zazz_070224/ssxss_070224.dd; 070224; 10M
/home/harodonw/.vscode-server/data/User/globalStorage/cccvv_060224/zazz_070224/xxsxxxs_070224.cc; 070224; 10M
/home/harodonw/.vscode-server/data/User/globalStorage/cccvv_060224/zazz_070224/xxsxs_070224.c; 070224; 10M
/home/harodonw/.vscode-server/data/User/globalStorage/cccvv_060224/zazz_070224/xxsxs_070224.c; 070224; 10M
/home/harodonw/.vscode-server/data/User/globalStorage/eddd_030224/zazz_070224/xxxss_070224.ddd; 070224; 10M
/home/harodonw/.vscode-server/data/User/globalStorage/eddd_030224/zazz_070224/ssxssxs_070224.d; 070224; 10M
/home/harodonw/.vscode-server/data/User/globalStorage/eddd_030224/zazz_070224/xxxsxxx_070224.dd; 070224; 10M
/home/harodonw/.vscode-server/data/User/globalStorage/eddd_030224/zazz_070224/xxxs_070224.ddc; 070224; 10M
/home/harodonw/.vscode-server/data/User/globalStorage/ddded_030224/zazz_070224/sssxxxx_070224.cd; 070224; 10M
/home/harodonw/.vscode-server/data/User/globalStorage/ddded_030224/zazz_070224/xxsx_070224.d; 070224; 10M
/home/harodonw/.vscode-server/data/User/globalStorage/ddded_030224/zazz_070224/ssxs_070224.c; 070224; 10M
/home/harodonw/.vscode-server/data/User/globalStorage/ddded_030224/zazz_070224/ssxs_070224.c; 070224; 10M
/home/harodonw/.vscode-server/data/User/globalStorage/ddded_030224/zazz_070224/ssss_070224.cc; 070224; 10M
/home/harodonw/.vscode-server/data/User/globalStorage/ddded_030224/zazz_070224/ssss_070224.cc; 070224; 10M
/home/harodonw/.vscode-server/data/User/globalStorage/ddeddd_030224/zazz_070224/sssss_070224.cd; 070224; 10M
/home/harodonw/.vscode-server/data/User/globalStorage/ddeddd_030224/zazz_070224/sssss_070224.cd; 070224; 10M
/home/harodonw/.vscode-server/data/User/globalStorage/ddeddd_030224/zazz_070224/xxsxsss_070224.dc; 070224; 10M
/home/harodonw/.vscode-server/data/User/globalStorage/ddeddd_030224/zazz_070224/sxxxxx_070224.dcc; 070224; 10M
/home/harodonw/.vscode-server/data/User/globalStorage/ddeddd_030224/zazz_070224/sxxxxx_070224.dcc; 070224; 10M
/home/harodonw/.vscode-server/data/User/globalStorage/ddeddd_030224/zazz_070224/sxxxxx_070224.dcc; 070224; 10M
/home/harodonw/.vscode-server/data/User/globalStorage/dedd_030224/zazz_070224/sxxssxs_070224.c; 070224; 10M
/home/harodonw/.vscode-server/data/User/globalStorage/dedd_030224/zazz_070224/sxxssxs_070224.c; 070224; 10M
/home/harodonw/.vscode-server/data/User/globalStorage/dedd_030224/zazz_070224/xssxsxs_070224.dcd; 070224; 10M
/home/harodonw/.vscode-server/data/User/globalStorage/dedd_030224/zazz_070224/xssxsxs_070224.dcd; 070224; 10M
/home/harodonw/.vscode-server/data/CachedProfilesData/zazz_070224/xssss_070224.c; 070224; 10M
/home/harodonw/.vscode-server/data/CachedProfilesData/zazz_070224/ssxssx_070224.d; 070224; 10M
/home/harodonw/.vscode-server/data/CachedProfilesData/zazz_070224/ssxssx_070224.d; 070224; 10M
/home/harodonw/.vscode-server/data/CachedProfilesData/zazz_070224/sxxxsxs_070224.cdc; 070224; 10M
/home/harodonw/.vscode-server/data/CachedProfilesData/zazz_070224/sxxxsxs_070224.cdc; 070224; 10M
/home/harodonw/.vscode-server/data/CachedProfilesData/zazz_070224/sxxxsxs_070224.cdc; 070224; 10M
/home/harodonw/.vscode-server/data/CachedProfilesData/dedee_030224/zazz_070224/xxssx_070224.ccc; 070224; 10M
/home/harodonw/.vscode-server/data/CachedProfilesData/dedee_030224/zazz_070224/xxssx_070224.ccc; 070224; 10M
/home/harodonw/.vscode-server/data/CachedProfilesData/dedee_030224/zazz_070224/xsxxs_070224.cc; 070224; 10M
/home/harodonw/.vscode-server/data/CachedProfilesData/dedee_030224/zazz_070224/xsxxs_070224.cc; 070224; 10M
/home/harodonw/.vscode-server/data/CachedProfilesData/__default__profile__/zazz_070224/xxsxss_070224.dc; 070224; 10M
/home/harodonw/.vscode-server/data/CachedProfilesData/__default__profile__/zazz_070224/sssxx_070224.c; 070224; 10M
/home/harodonw/.vscode-server/data/CachedProfilesData/__default__profile__/zazz_070224/xxxxsx_070224.cc; 070224; 10M
/home/harodonw/.vscode-server/data/CachedProfilesData/__default__profile__/zazz_070224/xsxxx_070224.ccd; 070224; 10M
/home/harodonw/.vscode-server/data/CachedProfilesData/__default__profile__/zazz_070224/xsxxx_070224.ccd; 070224; 10M
/home/harodonw/.vscode-server/data/CachedProfilesData/__default__profile__/dedee_030224/zazz_070224/ssxsx_070224.cc; 070224; 10M
/home/harodonw/.vscode-server/data/CachedProfilesData/__default__profile__/dedee_030224/zazz_070224/sxxsx_070224.ddc; 070224; 10M
/home/harodonw/.vscode-server/data/CachedProfilesData/__default__profile__/dedee_030224/zazz_070224/sxssx_070224.ddd; 070224; 10M
/home/harodonw/.vscode-server/data/CachedProfilesData/__default__profile__/dedee_030224/zazz_070224/sssxssx_070224.dd; 070224; 10M
/home/harodonw/.vscode-server/data/CachedProfilesData/__default__profile__/zzaz_030224/zazz_070224/sxxs_070224.cc; 070224; 10M
/home/harodonw/.vscode-server/data/CachedProfilesData/__default__profile__/zzaz_030224/zazz_070224/sxxx_070224.cd; 070224; 10M
/home/harodonw/.vscode-server/data/CachedProfilesData/__default__profile__/zzaz_030224/zazz_070224/ssxsx_070224.cd; 070224; 10M
/home/harodonw/.vscode-server/data/CachedProfilesData/__default__profile__/zzaz_030224/zazz_070224/ssxsx_070224.cd; 070224; 10M
/home/harodonw/.vscode-server/data/CachedProfilesData/__default__profile__/zzaz_030224/zazz_070224/sssxss_070224.cdc; 070224; 10M
/home/harodonw/.vscode-server/data/CachedProfilesData/__default__profile__/eeedd_030224/zazz_070224/xxxx_070224.c; 070224; 10M
/home/harodonw/.vscode-server/data/CachedProfilesData/__default__profile__/eeedd_030224/zazz_070224/xxsxsxs_070224.cd; 070224; 10M
/home/harodonw/.vscode-server/data/CachedProfilesData/__default__profile__/eeedd_030224/zazz_070224/sssss_070224.dcd; 070224; 10M
/home/harodonw/.vscode-server/data/CachedProfilesData/__default__profile__/eeedd_030224/zazz_070224/sxsxssx_070224.dd; 070224; 10M
/home/harodonw/.vscode-server/data/CachedProfilesData/__default__profile__/eeedd_030224/zazz_070224/xxxsx_070224.cc; 070224; 10M
/home/harodonw/.vscode-server/data/CachedProfilesData/__default__profile__/cccvv_060224/zazz_070224/sxxs_070224.dc; 070224; 10M
/home/harodonw/.vscode-server/data/CachedProfilesData/__default__profile__/cccvv_060224/zazz_070224/xsxssx_070224.dcd; 070224; 10M
/home/harodonw/.vscode-server/data/CachedProfilesData/__default__profile__/cccvv_060224/zazz_070224/ssxxxxx_070224.c; 070224; 10M
/home/harodonw/.vscode-server/data/CachedProfilesData/__default__profile__/cccvv_060224/zazz_070224/sxsxsx_070224.c; 070224; 10M
/home/harodonw/.vscode-server/data/CachedProfilesData/__default__profile__/cccvv_060224/zazz_070224/sxsxsx_070224.c; 070224; 10M
/home/harodonw/.vscode-server/data/CachedProfilesData/__default__profile__/eddd_030224/zazz_070224/xsxs_070224.c; 070224; 10M
/home/harodonw/.vscode-server/data/CachedProfilesData/__default__profile__/eddd_030224/zazz_070224/xsxxsxx_070224.dcc; 070224; 10M
/home/harodonw/.vscode-server/data/CachedProfilesData/__default__profile__/eddd_030224/zazz_070224/xsxxssx_070224.dc; 070224; 10M
/home/harodonw/.vscode-server/data/CachedProfilesData/__default__profile__/eddd_030224/zazz_070224/xsxxssx_070224.dc; 070224; 10M
/home/harodonw/.vscode-server/data/CachedProfilesData/__default__profile__/eddd_030224/zazz_070224/xsssxsx_070224.dcd; 070224; 10M
/home/harodonw/.vscode-server/data/CachedProfilesData/__default__profile__/eddd_030224/zazz_070224/xsssxsx_070224.dcd; 070224; 10M
/home/harodonw/.vscode-server/data/CachedProfilesData/__default__profile__/eddd_030224/zazz_070224/xsssxsx_070224.dcd; 070224; 10M
/home/harodonw/.vscode-server/data/CachedProfilesData/__default__profile__/ddded_030224/zazz_070224/sxxxxs_070224.cc; 070224; 10M
/home/harodonw/.vscode-server/data/CachedProfilesData/__default__profile__/ddded_030224/zazz_070224/xssxs_070224.cd; 070224; 10M
/home/harodonw/.vscode-server/data/CachedProfilesData/__default__profile__/ddded_030224/zazz_070224/ssxssx_070224.d; 070224; 10M
/home/harodonw/.vscode-server/data/CachedProfilesData/__default__profile__/ddeddd_030224/zazz_070224/xxxxss_070224.d; 070224; 10M
/home/harodonw/.vscode-server/data/CachedProfilesData/__default__profile__/ddeddd_030224/zazz_070224/xssxs_070224.d; 070224; 10M
/home/harodonw/.vscode-server/data/CachedProfilesData/__default__profile__/ddeddd_030224/zazz_070224/xssxs_070224.d; 070224; 10M
/home/harodonw/.vscode-server/data/CachedProfilesData/__default__profile__/ddeddd_030224/zazz_070224/xxxx_070224.cc; 070224; 10M
/home/harodonw/.vscode-server/data/CachedProfilesData/__default__profile__/ddeddd_030224/zazz_070224/sxsx_070224.c; 070224; 10M
/home/harodonw/.vscode-server/data/CachedProfilesData/__default__profile__/dedd_030224/zazz_070224/xsxx_070224.ccc; 070224; 10M
/home/harodonw/.vscode-server/data/CachedProfilesData/__default__profile__/dedd_030224/zazz_070224/xsxs_070224.c; 070224; 10M
/home/harodonw/.vscode-server/data/CachedProfilesData/__default__profile__/dedd_030224/zazz_070224/xxxsxxs_070224.ddd; 070224; 10M
/home/harodonw/.vscode-server/data/CachedProfilesData/__default__profile__/dedd_030224/zazz_070224/ssxsxx_070224.dc; 070224; 10M
/home/harodonw/.vscode-server/data/CachedProfilesData/__default__profile__/dedd_030224/zazz_070224/xsssxxs_070224.ddc; 070224; 10M
/home/harodonw/.vscode-server/data/CachedProfilesData/__default__profile__/dedd_030224/zazz_070224/xsssxxs_070224.ddc; 070224; 10M
/home/harodonw/.vscode-server/data/CachedProfilesData/zzaz_030224/zazz_070224/sxxs_070224.cc; 070224; 10M
/home/harodonw/.vscode-server/data/CachedProfilesData/zzaz_030224/zazz_070224/sxsxss_070224.cd; 070224; 10M
/home/harodonw/.vscode-server/data/CachedProfilesData/zzaz_030224/zazz_070224/sxxsx_070224.cc; 070224; 10M
/home/harodonw/.vscode-server/data/CachedProfilesData/zzaz_030224/zazz_070224/xsss_070224.dd; 070224; 10M
/home/harodonw/.vscode-server/data/CachedProfilesData/zzaz_030224/zazz_070224/xsss_070224.dd; 070224; 10M
/home/harodonw/.vscode-server/data/CachedProfilesData/eeedd_030224/zazz_070224/sxsx_070224.d; 070224; 10M
/home/harodonw/.vscode-server/data/CachedProfilesData/eeedd_030224/zazz_070224/sxssxxx_070224.c; 070224; 10M
/home/harodonw/.vscode-server/data/CachedProfilesData/eeedd_030224/zazz_070224/sxssxxx_070224.c; 070224; 10M
/home/harodonw/.vscode-server/data/CachedProfilesData/eeedd_030224/zazz_070224/sxxs_070224.cdd; 070224; 10M
/home/harodonw/.vscode-server/data/CachedProfilesData/cccvv_060224/zazz_070224/sxsx_070224.c; 070224; 10M
/home/harodonw/.vscode-server/data/CachedProfilesData/cccvv_060224/zazz_070224/xsssx_070224.c; 070224; 10M
/home/harodonw/.vscode-server/data/CachedProfilesData/cccvv_060224/zazz_070224/xsxxxs_070224.d; 070224; 10M
/home/harodonw/.vscode-server/data/CachedProfilesData/cccvv_060224/zazz_070224/ssxxs_070224.d; 070224; 10M
/home/harodonw/.vscode-server/data/CachedProfilesData/cccvv_060224/zazz_070224/ssxxs_070224.d; 070224; 10M
/home/harodonw/.vscode-server/data/CachedProfilesData/cccvv_060224/zazz_070224/ssxxs_070224.d; 070224; 10M
/home/harodonw/.vscode-server/data/CachedProfilesData/eddd_030224/zazz_070224/sssxx_070224.d; 070224; 10M
/home/harodonw/.vscode-server/data/CachedProfilesData/eddd_030224/zazz_070224/sxsxxxx_070224.dc; 070224; 10M
/home/harodonw/.vscode-server/data/CachedProfilesData/eddd_030224/zazz_070224/sxsxxxx_070224.dc; 070224; 10M
/home/harodonw/.vscode-server/data/CachedProfilesData/eddd_030224/zazz_070224/xsxsxss_070224.d; 070224; 10M
/home/harodonw/.vscode-server/data/CachedProfilesData/ddded_030224/zazz_070224/ssxsx_070224.dd; 070224; 10M
/home/harodonw/.vscode-server/data/CachedProfilesData/ddded_030224/zazz_070224/ssxsx_070224.dd; 070224; 10M
/home/harodonw/.vscode-server/data/CachedProfilesData/ddded_030224/zazz_070224/xsxssx_070224.c; 070224; 10M
/home/harodonw/.vscode-server/data/CachedProfilesData/ddded_030224/zazz_070224/ssxx_070224.dcc; 070224; 10M
/home/harodonw/.vscode-server/data/CachedProfilesData/ddded_030224/zazz_070224/ssssx_070224.dcc; 070224; 10M
/home/harodonw/.vscode-server/data/CachedProfilesData/ddeddd_030224/zazz_070224/xsxxss_070224.cd; 070224; 10M
/home/harodonw/.vscode-server/data/CachedProfilesData/ddeddd_030224/zazz_070224/ssssx_070224.d; 070224; 10M
/home/harodonw/.vscode-server/data/CachedProfilesData/ddeddd_030224/zazz_070224/ssssx_070224.d; 070224; 10M
/home/harodonw/.vscode-server/data/CachedProfilesData/ddeddd_030224/zazz_070224/xxxxxss_070224.d; 070224; 10M
/home/harodonw/.vscode-server/data/CachedProfilesData/ddeddd_030224/zazz_070224/xxxxxss_070224.d; 070224; 10M
/home/harodonw/.vscode-server/data/CachedProfilesData/ddeddd_030224/zazz_070224/xxxxxss_070224.d; 070224; 10M
/home/harodonw/.vscode-server/data/CachedProfilesData/ddeddd_030224/zazz_070224/xxxxxss_070224.d; 070224; 10M
/home/harodonw/.vscode-server/data/CachedProfilesData/dedd_030224/zazz_070224/sxxxs_070224.cc; 070224; 10M
/home/harodonw/.vscode-server/data/CachedProfilesData/dedd_030224/zazz_070224/ssxsss_070224.dd; 070224; 10M
/home/harodonw/.vscode-server/data/CachedProfilesData/dedd_030224/zazz_070224/xxssxss_070224.d; 070224; 10M
/home/harodonw/.vscode-server/data/CachedProfilesData/dedd_030224/zazz_070224/xxssxss_070224.d; 070224; 10M
/home/harodonw/.vscode-server/data/CachedProfilesData/dedd_030224/zazz_070224/xxssxss_070224.d; 070224; 10M
/home/harodonw/.vscode-server/data/logs/zazz_070224/sxsxss_070224.ddc; 070224; 10M
/home/harodonw/.vscode-server/data/logs/zazz_070224/xxxx_070224.c; 070224; 10M
/home/harodonw/.vscode-server/data/logs/zazz_070224/ssssss_070224.cdd; 070224; 10M
/home/harodonw/.vscode-server/data/logs/zazz_070224/ssssss_070224.cdd; 070224; 10M
/home/harodonw/.vscode-server/data/logs/20240131T135449/zazz_070224/sssxxx_070224.cd; 070224; 10M
/home/harodonw/.vscode-server/data/logs/20240131T135449/zazz_070224/ssss_070224.ddc; 070224; 10M
/home/harodonw/.vscode-server/data/logs/20240131T135449/zazz_070224/xxssss_070224.ccc; 070224; 10M
/home/harodonw/.vscode-server/data/logs/20240131T135449/zazz_070224/xxssss_070224.ccc; 070224; 10M
/home/harodonw/.vscode-server/data/logs/20240131T135449/dedee_030224/zazz_070224/sssxxxx_070224.dc; 070224; 10M
/home/harodonw/.vscode-server/data/logs/20240131T135449/dedee_030224/zazz_070224/xxssxs_070224.cdc; 070224; 10M
/home/harodonw/.vscode-server/data/logs/20240131T135449/dedee_030224/zazz_070224/ssssx_070224.cd; 070224; 10M
/home/harodonw/.vscode-server/data/logs/20240131T135449/dedee_030224/zazz_070224/ssssx_070224.cd; 070224; 10M
/home/harodonw/.vscode-server/data/logs/20240131T135449/dedee_030224/zazz_070224/ssxsxs_070224.cdc; 070224; 10M
/home/harodonw/.vscode-server/data/logs/20240131T135449/exthost1/zazz_070224/xsxss_070224.d; 070224; 10M
/home/harodonw/.vscode-server/data/logs/20240131T135449/exthost1/zazz_070224/ssss_070224.d; 070224; 10M
/home/harodonw/.vscode-server/data/logs/20240131T135449/exthost1/zazz_070224/xxssxss_070224.d; 070224; 10M
/home/harodonw/.vscode-server/data/logs/20240131T135449/exthost1/zazz_070224/xxsxsxs_070224.c; 070224; 10M
/home/harodonw/.vscode-server/data/logs/20240131T135449/exthost1/zazz_070224/sssxssx_070224.cc; 070224; 10M
/home/harodonw/.vscode-server/data/logs/20240131T135449/exthost1/dedee_030224/zazz_070224/ssxx_070224.cd; 070224; 10M
/home/harodonw/.vscode-server/data/logs/20240131T135449/exthost1/dedee_030224/zazz_070224/xsxsssx_070224.ccc; 070224; 10M
/home/harodonw/.vscode-server/data/logs/20240131T135449/exthost1/dedee_030224/zazz_070224/xsxsssx_070224.ccc; 070224; 10M
/home/harodonw/.vscode-server/data/logs/20240131T135449/exthost1/dedee_030224/zazz_070224/ssxxxx_070224.dcd; 070224; 10M
/home/harodonw/.vscode-server/data/logs/20240131T135449/exthost1/dedee_030224/zazz_070224/ssxsx_070224.cc; 070224; 10M
/home/harodonw/.vscode-server/data/logs/20240131T135449/exthost1/vscode.git/zazz_070224/sxssssx_070224.d; 070224; 10M
/home/harodonw/.vscode-server/data/logs/20240131T135449/exthost1/vscode.git/zazz_070224/xssxxx_070224.c; 070224; 10M
/home/harodonw/.vscode-server/data/logs/20240131T135449/exthost1/vscode.git/zazz_070224/xxsss_070224.dcd; 070224; 10M
/home/harodonw/.vscode-server/data/logs/20240131T135449/exthost1/vscode.git/zazz_070224/xxsss_070224.dcd; 070224; 10M
/home/harodonw/.vscode-server/data/logs/20240131T135449/exthost1/vscode.git/zazz_070224/xssx_070224.c; 070224; 10M
/home/harodonw/.vscode-server/data/logs/20240131T135449/exthost1/vscode.git/dedee_030224/zazz_070224/xsssxx_070224.cd; 070224; 10M
/home/harodonw/.vscode-server/data/logs/20240131T135449/exthost1/vscode.git/dedee_030224/zazz_070224/xsss_070224.dcd; 070224; 10M
/home/harodonw/.vscode-server/data/logs/20240131T135449/exthost1/vscode.git/dedee_030224/zazz_070224/xsss_070224.dcd; 070224; 10M
/home/harodonw/.vscode-server/data/logs/20240131T135449/exthost1/vscode.git/dedee_030224/zazz_070224/sxssxsx_070224.d; 070224; 10M
/home/harodonw/.vscode-server/data/logs/20240131T135449/exthost1/vscode.git/dedee_030224/zazz_070224/xxssx_070224.ddc; 070224; 10M
/home/harodonw/.vscode-server/data/logs/20240131T135449/exthost1/vscode.git/dedee_030224/zazz_070224/xxssx_070224.ddc; 070224; 10M
/home/harodonw/.vscode-server/data/logs/20240131T135449/exthost1/vscode.git/eddd_030224/zazz_070224/sxxsx_070224.dcd; 070224; 10M
/home/harodonw/.vscode-server/data/logs/20240131T135449/exthost1/vscode.git/eddd_030224/zazz_070224/xsssxx_070224.ddc; 070224; 10M
/home/harodonw/.vscode-server/data/logs/20240131T135449/exthost1/vscode.git/eddd_030224/zazz_070224/xsssxx_070224.ddc; 070224; 10M
/home/harodonw/.vscode-server/data/logs/20240131T135449/exthost1/vscode.git/eddd_030224/zazz_070224/ssssxss_070224.cd; 070224; 10M
/home/harodonw/.vscode-server/data/logs/20240131T135449/exthost1/vscode.git/ddded_030224/zazz_070224/ssxxx_070224.d; 070224; 10M
/home/harodonw/.vscode-server/data/logs/20240131T135449/exthost1/vscode.git/ddded_030224/zazz_070224/sssxxs_070224.dd; 070224; 10M
/home/harodonw/.vscode-server/data/logs/20240131T135449/exthost1/vscode.git/ddded_030224/zazz_070224/sssxxs_070224.dd; 070224; 10M
/home/harodonw/.vscode-server/data/logs/20240131T135449/exthost1/vscode.git/ddded_030224/zazz_070224/sssxxs_070224.dd; 070224; 10M
/home/harodonw/.vscode-server/data/logs/20240131T135449/exthost1/vscode.git/ddded_030224/zazz_070224/sssxxs_070224.dd; 070224; 10M
/home/harodonw/.vscode-server/data/logs/20240131T135449/exthost1/vscode.git/ddeddd_030224/zazz_070224/xxsxxx_070224.d; 070224; 10M
/home/harodonw/.vscode-server/data/logs/20240131T135449/exthost1/vscode.git/ddeddd_030224/zazz_070224/xsxx_070224.cdd; 070224; 10M
/home/harodonw/.vscode-server/data/logs/20240131T135449/exthost1/vscode.git/ddeddd_030224/zazz_070224/xssxxs_070224.cd; 070224; 10M
/home/harodonw/.vscode-server/data/logs/20240131T135449/exthost1/vscode.git/ddeddd_030224/zazz_070224/sxsx_070224.dd; 070224; 10M
/home/harodonw/.vscode-server/data/logs/20240131T135449/exthost1/vscode.git/ddeddd_030224/zazz_070224/sxsxxs_070224.cdc; 070224; 10M
/home/harodonw/.vscode-server/data/logs/20240131T135449/exthost1/eddd_030224/zazz_070224/sxsssxs_070224.cc; 070224; 10M
/home/harodonw/.vscode-server/data/logs/20240131T135449/exthost1/eddd_030224/zazz_070224/xsxssxs_070224.c; 070224; 10M
/home/harodonw/.vscode-server/data/logs/20240131T135449/exthost1/eddd_030224/zazz_070224/xxxssxs_070224.cc; 070224; 10M
/home/harodonw/.vscode-server/data/logs/20240131T135449/exthost1/eddd_030224/zazz_070224/ssxs_070224.dc; 070224; 10M
/home/harodonw/.vscode-server/data/logs/20240131T135449/exthost1/eddd_030224/zazz_070224/xsxxss_070224.d; 070224; 10M
/home/harodonw/.vscode-server/data/logs/20240131T135449/exthost1/eddd_030224/zazz_070224/xsxxss_070224.d; 070224; 10M
/home/harodonw/.vscode-server/data/logs/20240131T135449/exthost1/vscode.github/zazz_070224/ssxsxs_070224.dc; 070224; 10M
/home/harodonw/.vscode-server/data/logs/20240131T135449/exthost1/vscode.github/zazz_070224/sxsss_070224.c; 070224; 10M
/home/harodonw/.vscode-server/data/logs/20240131T135449/exthost1/vscode.github/zazz_070224/ssxsss_070224.ddd; 070224; 10M
/home/harodonw/.vscode-server/data/logs/20240131T135449/exthost1/vscode.github/zazz_070224/xsxxsx_070224.d; 070224; 10M
/home/harodonw/.vscode-server/data/logs/20240131T135449/exthost1/vscode.github/dedee_030224/zazz_070224/xsxsx_070224.cdd; 070224; 10M
/home/harodonw/.vscode-server/data/logs/20240131T135449/exthost1/vscode.github/dedee_030224/zazz_070224/xsxss_070224.c; 070224; 10M
/home/harodonw/.vscode-server/data/logs/20240131T135449/exthost1/vscode.github/dedee_030224/zazz_070224/xsxss_070224.c; 070224; 10M
/home/harodonw/.vscode-server/data/logs/20240131T135449/exthost1/vscode.github/dedee_030224/zazz_070224/xxxss_070224.ccd; 070224; 10M
/home/harodonw/.vscode-server/data/logs/20240131T135449/exthost1/vscode.github/dedee_030224/zazz_070224/xxxxxxx_070224.c; 070224; 10M
/home/harodonw/.vscode-server/data/logs/20240131T135449/exthost1/vscode.github/eddd_030224/zazz_070224/xxsxsxs_070224.cdd; 070224; 10M
/home/harodonw/.vscode-server/data/logs/20240131T135449/exthost1/vscode.github/eddd_030224/zazz_070224/xxxsx_070224.dd; 070224; 10M
/home/harodonw/.vscode-server/data/logs/20240131T135449/exthost1/vscode.github/eddd_030224/zazz_070224/xxxsx_070224.dd; 070224; 10M
/home/harodonw/.vscode-server/data/logs/20240131T135449/exthost1/vscode.github/eddd_030224/zazz_070224/ssssssx_070224.dcd; 070224; 10M
/home/harodonw/.vscode-server/data/logs/20240131T135449/exthost1/vscode.github/eddd_030224/zazz_070224/ssssssx_070224.dcd; 070224; 10M
/home/harodonw/.vscode-server/data/logs/20240131T135449/exthost1/vscode.github/ddded_030224/zazz_070224/sssxxx_070224.cdd; 070224; 10M
/home/harodonw/.vscode-server/data/logs/20240131T135449/exthost1/vscode.github/ddded_030224/zazz_070224/sssxxx_070224.cdd; 070224; 10M
/home/harodonw/.vscode-server/data/logs/20240131T135449/exthost1/vscode.github/ddded_030224/zazz_070224/sssxxx_070224.cdd; 070224; 10M
/home/harodonw/.vscode-server/data/logs/20240131T135449/exthost1/vscode.github/ddded_030224/zazz_070224/ssxx_070224.d; 070224; 10M
/home/harodonw/.vscode-server/data/logs/20240131T135449/exthost1/vscode.github/ddded_030224/zazz_070224/ssxss_070224.dcc; 070224; 10M
/home/harodonw/.vscode-server/data/logs/20240131T135449/exthost1/vscode.github/ddeddd_030224/zazz_070224/xxss_070224.cc; 070224; 10M
/home/harodonw/.vscode-server/data/logs/20240131T135449/exthost1/vscode.github/ddeddd_030224/zazz_070224/xsssxs_070224.cd; 070224; 10M
/home/harodonw/.vscode-server/data/logs/20240131T135449/exthost1/vscode.github/ddeddd_030224/zazz_070224/xsssxs_070224.cd; 070224; 10M
/home/harodonw/.vscode-server/data/logs/20240131T135449/exthost1/vscode.github/ddeddd_030224/zazz_070224/xsxxxs_070224.cd; 070224; 10M
/home/harodonw/.vscode-server/data/logs/20240131T135449/exthost1/vscode.github/ddeddd_030224/zazz_070224/sxsxss_070224.d; 070224; 10M
/home/harodonw/.vscode-server/data/logs/20240131T135449/exthost1/ddded_030224/zazz_070224/xsxsx_070224.c; 070224; 10M
/home/harodonw/.vscode-server/data/logs/20240131T135449/exthost1/ddded_030224/zazz_070224/sssss_070224.d; 070224; 10M
/home/harodonw/.vscode-server/data/logs/20240131T135449/exthost1/ddded_030224/zazz_070224/xsxxss_070224.dd; 070224; 10M
/home/harodonw/.vscode-server/data/logs/20240131T135449/exthost1/ddded_030224/zazz_070224/xxxssx_070224.c; 070224; 10M
/home/harodonw/.vscode-server/data/logs/20240131T135449/exthost1/ddded_030224/zazz_070224/xxxssx_070224.c; 070224; 10M
/home/harodonw/.vscode-server/data/logs/20240131T135449/exthost1/ddded_030224/zazz_070224/xxxssx_070224.c; 070224; 10M
/home/harodonw/.vscode-server/data/logs/20240131T135449/exthost1/ddded_030224/zazz_070224/xxxssx_070224.c; 070224; 10M
/home/harodonw/.vscode-server/data/logs/20240131T135449/exthost1/ddeddd_030224/zazz_070224/sxxx_070224.dcc; 070224; 10M
/home/harodonw/.vscode-server/data/logs/20240131T135449/exthost1/ddeddd_030224/zazz_070224/sxxx_070224.dcc; 070224; 10M
/home/harodonw/.vscode-server/data/logs/20240131T135449/exthost1/ddeddd_030224/zazz_070224/sssx_070224.c; 070224; 10M
/home/harodonw/.vscode-server/data/logs/20240131T135449/exthost1/dedd_030224/zazz_070224/xxxs_070224.c; 070224; 10M
/home/harodonw/.vscode-server/data/logs/20240131T135449/exthost1/dedd_030224/zazz_070224/xxsssxx_070224.ddd; 070224; 10M
/home/harodonw/.vscode-server/data/logs/20240131T135449/exthost1/dedd_030224/zazz_070224/sxssxx_070224.dc; 070224; 10M
/home/harodonw/.vscode-server/data/logs/20240131T135449/exthost1/dedd_030224/zazz_070224/sxssxx_070224.dc; 070224; 10M
/home/harodonw/.vscode-server/data/logs/20240131T135449/exthost1/dedd_030224/zazz_070224/sxssxx_070224.dc; 070224; 10M
/home/harodonw/.vscode-server/data/logs/20240131T135449/exthost1/dedd_030224/zazz_070224/sxssxx_070224.dc; 070224; 10M
/home/harodonw/.vscode-server/data/logs/20240131T135449/exthost2/zazz_070224/sxxxxs_070224.dcc; 070224; 10M
/home/harodonw/.vscode-server/data/logs/20240131T135449/exthost2/zazz_070224/sxssss_070224.c; 070224; 10M
/home/harodonw/.vscode-server/data/logs/20240131T135449/exthost2/zazz_070224/sxssss_070224.c; 070224; 10M
/home/harodonw/.vscode-server/data/logs/20240131T135449/exthost2/zazz_070224/ssssss_070224.d; 070224; 10M
/home/harodonw/.vscode-server/data/logs/20240131T135449/exthost2/dedee_030224/zazz_070224/xxsx_070224.dcc; 070224; 10M
/home/harodonw/.vscode-server/data/logs/20240131T135449/exthost2/dedee_030224/zazz_070224/xxxx_070224.d; 070224; 10M
/home/harodonw/.vscode-server/data/logs/20240131T135449/exthost2/dedee_030224/zazz_070224/sxsxssx_070224.cdd; 070224; 10M
/home/harodonw/.vscode-server/data/logs/20240131T135449/exthost2/dedee_030224/zazz_070224/xsxs_070224.cdd; 070224; 10M
/home/harodonw/.vscode-server/data/logs/20240131T135449/exthost2/dedee_030224/zazz_070224/ssxssss_070224.ddd; 070224; 10M
/home/harodonw/.vscode-server/data/logs/20240131T135449/exthost2/vscode.git/zazz_070224/xxxssss_070224.ddd; 070224; 10M
/home/harodonw/.vscode-server/data/logs/20240131T135449/exthost2/vscode.git/zazz_070224/xsxx_070224.dcc; 070224; 10M
/home/harodonw/.vscode-server/data/logs/20240131T135449/exthost2/vscode.git/zazz_070224/xsxx_070224.dcc; 070224; 10M
/home/harodonw/.vscode-server/data/logs/20240131T135449/exthost2/vscode.git/zazz_070224/xxsxs_070224.c; 070224; 10M
/home/harodonw/.vscode-server/data/logs/20240131T135449/exthost2/vscode.git/zazz_070224/sssxx_070224.d; 070224; 10M
/home/harodonw/.vscode-server/data/logs/20240131T135449/exthost2/vscode.git/zazz_070224/sssxx_070224.d; 070224; 10M
/home/harodonw/.vscode-server/data/logs/20240131T135449/exthost2/vscode.git/zazz_070224/sssxx_070224.d; 070224; 10M
/home/harodonw/.vscode-server/data/logs/20240131T135449/exthost2/vscode.git/dedee_030224/zazz_070224/sxxs_070224.d; 070224; 10M
/home/harodonw/.vscode-server/data/logs/20240131T135449/exthost2/vscode.git/dedee_030224/zazz_070224/sxssxxs_070224.c; 070224; 10M
/home/harodonw/.vscode-server/data/logs/20240131T135449/exthost2/vscode.git/dedee_030224/zazz_070224/ssss_070224.cd; 070224; 10M
/home/harodonw/.vscode-server/data/logs/20240131T135449/exthost2/vscode.git/eddd_030224/zazz_070224/sxxsxxx_070224.c; 070224; 10M
/home/harodonw/.vscode-server/data/logs/20240131T135449/exthost2/vscode.git/eddd_030224/zazz_070224/sxsssxs_070224.d; 070224; 10M
/home/harodonw/.vscode-server/data/logs/20240131T135449/exthost2/vscode.git/eddd_030224/zazz_070224/ssxs_070224.cd; 070224; 10M
/home/harodonw/.vscode-server/data/logs/20240131T135449/exthost2/vscode.git/eddd_030224/zazz_070224/sxssssx_070224.cdc; 070224; 10M
/home/harodonw/.vscode-server/data/logs/20240131T135449/exthost2/vscode.git/eddd_030224/zazz_070224/xxxssxx_070224.c; 070224; 10M
/home/harodonw/.vscode-server/data/logs/20240131T135449/exthost2/vscode.git/ddded_030224/zazz_070224/ssxs_070224.cc; 070224; 10M
/home/harodonw/.vscode-server/data/logs/20240131T135449/exthost2/vscode.git/ddded_030224/zazz_070224/xsxsxs_070224.d; 070224; 10M
/home/harodonw/.vscode-server/data/logs/20240131T135449/exthost2/vscode.git/ddded_030224/zazz_070224/xsxsxs_070224.d; 070224; 10M
/home/harodonw/.vscode-server/data/logs/20240131T135449/exthost2/vscode.git/ddded_030224/zazz_070224/sxsss_070224.d; 070224; 10M
/home/harodonw/.vscode-server/data/logs/20240131T135449/exthost2/vscode.git/ddded_030224/zazz_070224/sxxx_070224.dcc; 070224; 10M
/home/harodonw/.vscode-server/data/logs/20240131T135449/exthost2/vscode.git/ddeddd_030224/zazz_070224/ssxs_070224.d; 070224; 10M
/home/harodonw/.vscode-server/data/logs/20240131T135449/exthost2/vscode.git/ddeddd_030224/zazz_070224/ssxs_070224.d; 070224; 10M
/home/harodonw/.vscode-server/data/logs/20240131T135449/exthost2/vscode.git/ddeddd_030224/zazz_070224/ssxs_070224.d; 070224; 10M
/home/harodonw/.vscode-server/data/logs/20240131T135449/exthost2/vscode.git/ddeddd_030224/zazz_070224/sxsxsxs_070224.ccd; 070224; 10M
/home/harodonw/.vscode-server/data/logs/20240131T135449/exthost2/vscode.git/ddeddd_030224/zazz_070224/sxsxsxs_070224.ccd; 070224; 10M
/home/harodonw/.vscode-server/data/logs/20240131T135449/exthost2/eddd_030224/zazz_070224/xxsss_070224.dd; 070224; 10M
/home/harodonw/.vscode-server/data/logs/20240131T135449/exthost2/eddd_030224/zazz_070224/xxsss_070224.dd; 070224; 10M
/home/harodonw/.vscode-server/data/logs/20240131T135449/exthost2/eddd_030224/zazz_070224/xxxsxs_070224.cc; 070224; 10M
/home/harodonw/.vscode-server/data/logs/20240131T135449/exthost2/eddd_030224/zazz_070224/sxxxsxs_070224.dcd; 070224; 10M
/home/harodonw/.vscode-server/data/logs/20240131T135449/exthost2/eddd_030224/zazz_070224/xssss_070224.ccd; 070224; 10M
/home/harodonw/.vscode-server/data/logs/20240131T135449/exthost2/vscode.github/zazz_070224/xxxss_070224.cd; 070224; 10M
/home/harodonw/.vscode-server/data/logs/20240131T135449/exthost2/vscode.github/zazz_070224/xsxxx_070224.ccc; 070224; 10M
/home/harodonw/.vscode-server/data/logs/20240131T135449/exthost2/vscode.github/zazz_070224/sxxx_070224.cc; 070224; 10M
/home/harodonw/.vscode-server/data/logs/20240131T135449/exthost2/vscode.github/zazz_070224/sssxss_070224.dd; 070224; 10M
/home/harodonw/.vscode-server/data/logs/20240131T135449/exthost2/vscode.github/zazz_070224/sssxss_070224.dd; 070224; 10M
/home/harodonw/.vscode-server/data/logs/20240131T135449/exthost2/vscode.github/dedee_030224/zazz_070224/sxxxsxs_070224.c; 070224; 10M
/home/harodonw/.vscode-server/data/logs/20240131T135449/exthost2/vscode.github/dedee_030224/zazz_070224/sxxxsxs_070224.c; 070224; 10M
/home/harodonw/.vscode-server/data/logs/20240131T135449/exthost2/vscode.github/dedee_030224/zazz_070224/xsxs_070224.cdc; 070224; 10M
/home/harodonw/.vscode-server/data/logs/20240131T135449/exthost2/vscode.github/dedee_030224/zazz_070224/xsxs_070224.cdc; 070224; 10M
/home/harodonw/.vscode-server/data/logs/20240131T135449/exthost2/vscode.github/dedee_030224/zazz_070224/ssxx_070224.d; 070224; 10M
/home/harodonw/.vscode-server/data/logs/20240131T135449/exthost2/vscode.github/eddd_030224/zazz_070224/sxssxx_070224.d; 070224; 10M
/home/harodonw/.vscode-server/data/logs/20240131T135449/exthost2/vscode.github/eddd_030224/zazz_070224/xxsssss_070224.cc; 070224; 10M
/home/harodonw/.vscode-server/data/logs/20240131T135449/exthost2/vscode.github/eddd_030224/zazz_070224/xxsss_070224.c; 070224; 10M
/home/harodonw/.vscode-server/data/logs/20240131T135449/exthost2/vscode.github/eddd_030224/zazz_070224/ssxx_070224.d; 070224; 10M
/home/harodonw/.vscode-server/data/logs/20240131T135449/exthost2/vscode.github/eddd_030224/zazz_070224/xxsxx_070224.cdd; 070224; 10M
/home/harodonw/.vscode-server/data/logs/20240131T135449/exthost2/vscode.github/ddded_030224/zazz_070224/sxxxs_070224.cc; 070224; 10M
/home/harodonw/.vscode-server/data/logs/20240131T135449/exthost2/vscode.github/ddded_030224/zazz_070224/sxxs_070224.cd; 070224; 10M
/home/harodonw/.vscode-server/data/logs/20240131T135449/exthost2/vscode.github/ddded_030224/zazz_070224/xxxsssx_070224.c; 070224; 10M
/home/harodonw/.vscode-server/data/logs/20240131T135449/exthost2/vscode.github/ddded_030224/zazz_070224/sxxxxss_070224.dc; 070224; 10M
/home/harodonw/.vscode-server/data/logs/20240131T135449/exthost2/vscode.github/ddded_030224/zazz_070224/sxxxxss_070224.dc; 070224; 10M
/home/harodonw/.vscode-server/data/logs/20240131T135449/exthost2/vscode.github/ddeddd_030224/zazz_070224/xssxx_070224.dcd; 070224; 10M
/home/harodonw/.vscode-server/data/logs/20240131T135449/exthost2/vscode.github/ddeddd_030224/zazz_070224/xssxx_070224.dcd; 070224; 10M
/home/harodonw/.vscode-server/data/logs/20240131T135449/exthost2/vscode.github/ddeddd_030224/zazz_070224/xssxx_070224.dcd; 070224; 10M
/home/harodonw/.vscode-server/data/logs/20240131T135449/exthost2/vscode.github/ddeddd_030224/zazz_070224/xsxs_070224.cc; 070224; 10M
/home/harodonw/.vscode-server/data/logs/20240131T135449/exthost2/vscode.github/ddeddd_030224/zazz_070224/xsxs_070224.cc; 070224; 10M
/home/harodonw/.vscode-server/data/logs/20240131T135449/exthost2/ddded_030224/zazz_070224/ssxxxxx_070224.ddc; 070224; 10M
/home/harodonw/.vscode-server/data/logs/20240131T135449/exthost2/ddded_030224/zazz_070224/sssx_070224.cdc; 070224; 10M
/home/harodonw/.vscode-server/data/logs/20240131T135449/exthost2/ddded_030224/zazz_070224/xxxs_070224.dcd; 070224; 10M
/home/harodonw/.vscode-server/data/logs/20240131T135449/exthost2/ddded_030224/zazz_070224/sxxssx_070224.d; 070224; 10M
/home/harodonw/.vscode-server/data/logs/20240131T135449/exthost2/ddded_030224/zazz_070224/sxxssx_070224.d; 070224; 10M
/home/harodonw/.vscode-server/data/logs/20240131T135449/exthost2/ddeddd_030224/zazz_070224/ssss_070224.c; 070224; 10M
/home/harodonw/.vscode-server/data/logs/20240131T135449/exthost2/ddeddd_030224/zazz_070224/xsxss_070224.dcd; 070224; 10M
/home/harodonw/.vscode-server/data/logs/20240131T135449/exthost2/ddeddd_030224/zazz_070224/xxsss_070224.cd; 070224; 10M
/home/harodonw/.vscode-server/data/logs/20240131T135449/exthost2/ddeddd_030224/zazz_070224/ssxxxss_070224.cc; 070224; 10M
/home/harodonw/.vscode-server/data/logs/20240131T135449/exthost2/ddeddd_030224/zazz_070224/ssxxxss_070224.cc; 070224; 10M
/home/harodonw/.vscode-server/data/logs/20240131T135449/eeedd_030224/zazz_070224/xxsssxs_070224.d; 070224; 10M
/home/harodonw/.vscode-server/data/logs/20240131T135449/eeedd_030224/zazz_070224/xsxx_070224.dc; 070224; 10M
/home/harodonw/.vscode-server/data/logs/20240131T135449/eeedd_030224/zazz_070224/xsxx_070224.dc; 070224; 10M
/home/harodonw/.vscode-server/data/logs/20240131T135449/eeedd_030224/zazz_070224/xsxx_070224.dc; 070224; 10M
/home/harodonw/.vscode-server/data/logs/20240131T135449/eeedd_030224/zazz_070224/xxxsxx_070224.cdc; 070224; 10M
/home/harodonw/.vscode-server/data/logs/20240131T135449/exthost3/zazz_070224/xxxsxx_070224.dd; 070224; 10M
/home/harodonw/.vscode-server/data/logs/20240131T135449/exthost3/zazz_070224/xxxsx_070224.dcd; 070224; 10M
/home/harodonw/.vscode-server/data/logs/20240131T135449/exthost3/zazz_070224/xxssxx_070224.ccc; 070224; 10M
/home/harodonw/.vscode-server/data/logs/20240131T135449/exthost3/zazz_070224/sxxxsx_070224.dd; 070224; 10M
/home/harodonw/.vscode-server/data/logs/20240131T135449/exthost3/zazz_070224/xxxxxxx_070224.dcc; 070224; 10M
/home/harodonw/.vscode-server/data/logs/20240131T135449/exthost3/dedee_030224/zazz_070224/ssxxsx_070224.ccd; 070224; 10M
/home/harodonw/.vscode-server/data/logs/20240131T135449/exthost3/dedee_030224/zazz_070224/xsss_070224.dcc; 070224; 10M
/home/harodonw/.vscode-server/data/logs/20240131T135449/exthost3/dedee_030224/zazz_070224/ssss_070224.c; 070224; 10M
/home/harodonw/.vscode-server/data/logs/20240131T135449/exthost3/dedee_030224/zazz_070224/xxxssxx_070224.cc; 070224; 10M
/home/harodonw/.vscode-server/data/logs/20240131T135449/exthost3/dedee_030224/zazz_070224/xsssxx_070224.cc; 070224; 10M
/home/harodonw/.vscode-server/data/logs/20240131T135449/exthost3/dedee_030224/zazz_070224/xsssxx_070224.cc; 070224; 10M
/home/harodonw/.vscode-server/data/logs/20240131T135449/exthost3/dedee_030224/zazz_070224/xsssxx_070224.cc; 070224; 10M
/home/harodonw/.vscode-server/data/logs/20240131T135449/exthost3/vscode.git/zazz_070224/sxsssx_070224.c; 070224; 10M
/home/harodonw/.vscode-server/data/logs/20240131T135449/exthost3/vscode.git/zazz_070224/sxsssx_070224.c; 070224; 10M
/home/harodonw/.vscode-server/data/logs/20240131T135449/exthost3/vscode.git/zazz_070224/xxsxss_070224.d; 070224; 10M
/home/harodonw/.vscode-server/data/logs/20240131T135449/exthost3/vscode.git/dedee_030224/zazz_070224/sxxxs_070224.c; 070224; 10M
/home/harodonw/.vscode-server/data/logs/20240131T135449/exthost3/vscode.git/dedee_030224/zazz_070224/xxssx_070224.cd; 070224; 10M
/home/harodonw/.vscode-server/data/logs/20240131T135449/exthost3/vscode.git/dedee_030224/zazz_070224/sxssxsx_070224.ccc; 070224; 10M
/home/harodonw/.vscode-server/data/logs/20240131T135449/exthost3/vscode.git/dedee_030224/zazz_070224/xxsx_070224.ccc; 070224; 10M
/home/harodonw/.vscode-server/data/logs/20240131T135449/exthost3/vscode.git/dedee_030224/zazz_070224/xxsx_070224.ccc; 070224; 10M
/home/harodonw/.vscode-server/data/logs/20240131T135449/exthost3/vscode.git/ddeddd_030224/zazz_070224/xsxxsss_070224.cd; 070224; 10M
/home/harodonw/.vscode-server/data/logs/20240131T135449/exthost3/vscode.git/ddeddd_030224/zazz_070224/sxss_070224.cdc; 070224; 10M
/home/harodonw/.vscode-server/data/logs/20240131T135449/exthost3/vscode.git/ddeddd_030224/zazz_070224/sxss_070224.cdc; 070224; 10M
/home/harodonw/.vscode-server/data/logs/20240131T135449/exthost3/vscode.git/ddeddd_030224/zazz_070224/sxss_070224.cdc; 070224; 10M
/home/harodonw/.vscode-server/data/logs/20240131T135449/exthost3/vscode.git/ddeddd_030224/zazz_070224/sxsxs_070224.ccd; 070224; 10M
/home/harodonw/.vscode-server/data/logs/20240131T135449/exthost3/vscode.github/zazz_070224/ssxsx_070224.ddd; 070224; 10M
/home/harodonw/.vscode-server/data/logs/20240131T135449/exthost3/vscode.github/zazz_070224/sssxss_070224.cd; 070224; 10M
/home/harodonw/.vscode-server/data/logs/20240131T135449/exthost3/vscode.github/zazz_070224/sxsss_070224.ccd; 070224; 10M
/home/harodonw/.vscode-server/data/logs/20240131T135449/exthost3/vscode.github/zazz_070224/sxss_070224.ccc; 070224; 10M
/home/harodonw/.vscode-server/data/logs/20240131T135449/exthost3/vscode.github/zazz_070224/ssxxs_070224.cc; 070224; 10M
/home/harodonw/.vscode-server/data/logs/20240131T135449/exthost3/vscode.github/dedee_030224/zazz_070224/sssxs_070224.ddd; 070224; 10M
/home/harodonw/.vscode-server/data/logs/20240131T135449/exthost3/vscode.github/dedee_030224/zazz_070224/ssssxxx_070224.c; 070224; 10M
/home/harodonw/.vscode-server/data/logs/20240131T135449/exthost3/vscode.github/dedee_030224/zazz_070224/sssss_070224.cc; 070224; 10M
/home/harodonw/.vscode-server/data/logs/20240131T135449/exthost3/vscode.github/dedee_030224/zazz_070224/sxxs_070224.c; 070224; 10M
/home/harodonw/.vscode-server/data/logs/20240131T135449/exthost3/vscode.github/dedee_030224/zazz_070224/sxxs_070224.c; 070224; 10M
/home/harodonw/.vscode-server/data/logs/20240131T135449/exthost3/vscode.github/dedee_030224/zazz_070224/sxxs_070224.c; 070224; 10M
/home/harodonw/.vscode-server/data/logs/20240131T135449/exthost3/vscode.github/ddeddd_030224/zazz_070224/xssxxs_070224.ddc; 070224; 10M
/home/harodonw/.vscode-server/data/logs/20240131T135449/exthost3/vscode.github/ddeddd_030224/zazz_070224/sssssx_070224.ccd; 070224; 10M
/home/harodonw/.vscode-server/data/logs/20240131T135449/exthost3/vscode.github/ddeddd_030224/zazz_070224/sssssx_070224.ccd; 070224; 10M
/home/harodonw/.vscode-server/data/logs/20240131T135449/exthost3/vscode.github/ddeddd_030224/zazz_070224/sssssx_070224.ccd; 070224; 10M
/home/harodonw/.vscode-server/data/logs/20240131T135449/exthost3/ddeddd_030224/zazz_070224/xssxs_070224.ccd; 070224; 10M
/home/harodonw/.vscode-server/data/logs/20240131T135449/exthost3/ddeddd_030224/zazz_070224/ssss_070224.d; 070224; 10M
/home/harodonw/.vscode-server/data/logs/20240131T135449/exthost3/ddeddd_030224/zazz_070224/ssss_070224.d; 070224; 10M
/home/harodonw/.vscode-server/data/logs/20240131T135449/exthost3/ddeddd_030224/zazz_070224/ssss_070224.d; 070224; 10M
/home/harodonw/.vscode-server/data/logs/20240131T135449/exthost3/ddeddd_030224/zazz_070224/xxssxs_070224.c; 070224; 10M
/home/harodonw/.vscode-server/data/logs/20240131T135449/exthost3/ddeddd_030224/zazz_070224/xxssxs_070224.c; 070224; 10M
/home/harodonw/.vscode-server/data/logs/20240131T135449/eddd_030224/zazz_070224/sssssxs_070224.c; 070224; 10M
/home/harodonw/.vscode-server/data/logs/20240131T135449/eddd_030224/zazz_070224/xxxx_070224.cdd; 070224; 10M
/home/harodonw/.vscode-server/data/logs/20240131T135449/eddd_030224/zazz_070224/xxxx_070224.cdd; 070224; 10M
/home/harodonw/.vscode-server/data/logs/20240131T135449/eddd_030224/zazz_070224/sxxs_070224.d; 070224; 10M
/home/harodonw/.vscode-server/data/logs/20240131T135449/ddded_030224/zazz_070224/sxsxsss_070224.c; 070224; 10M
/home/harodonw/.vscode-server/data/logs/20240131T135449/ddded_030224/zazz_070224/xxsxx_070224.c; 070224; 10M
/home/harodonw/.vscode-server/data/logs/20240131T135449/ddded_030224/zazz_070224/sxss_070224.d; 070224; 10M
/home/harodonw/.vscode-server/data/logs/20240131T135449/ddded_030224/zazz_070224/sxxsssx_070224.d; 070224; 10M
/home/harodonw/.vscode-server/data/logs/20240131T135449/ddded_030224/zazz_070224/xxsx_070224.d; 070224; 10M
/home/harodonw/.vscode-server/data/logs/20240131T135449/ddeddd_030224/zazz_070224/xsxx_070224.dc; 070224; 10M
/home/harodonw/.vscode-server/data/logs/20240131T135449/ddeddd_030224/zazz_070224/xxsx_070224.c; 070224; 10M
/home/harodonw/.vscode-server/data/logs/20240131T135449/ddeddd_030224/zazz_070224/ssxxxsx_070224.cdc; 070224; 10M
/home/harodonw/.vscode-server/data/logs/20240131T135449/ddeddd_030224/zazz_070224/ssxxxsx_070224.cdc; 070224; 10M
/home/harodonw/.vscode-server/data/logs/20240131T135449/ddeddd_030224/zazz_070224/xxxx_070224.dd; 070224; 10M
/home/harodonw/.vscode-server/data/logs/20240131T135449/ddeddd_030224/zazz_070224/xxxx_070224.dd; 070224; 10M
/home/harodonw/.vscode-server/data/logs/20240131T135449/dedd_030224/zazz_070224/sxss_070224.ddc; 070224; 10M
/home/harodonw/.vscode-server/data/logs/20240131T135449/dedd_030224/zazz_070224/sxss_070224.ddc; 070224; 10M
/home/harodonw/.vscode-server/data/logs/20240131T135449/dedd_030224/zazz_070224/ssxxsss_070224.ddc; 070224; 10M
/home/harodonw/.vscode-server/data/logs/20240131T135449/dedd_030224/zazz_070224/xssx_070224.cc; 070224; 10M
/home/harodonw/.vscode-server/data/logs/20240202T212210/zazz_070224/xxss_070224.cc; 070224; 10M
/home/harodonw/.vscode-server/data/logs/20240202T212210/zazz_070224/xxsxxx_070224.ccc; 070224; 10M
/home/harodonw/.vscode-server/data/logs/20240202T212210/zazz_070224/xxsxxx_070224.ccc; 070224; 10M
/home/harodonw/.vscode-server/data/logs/20240202T212210/zazz_070224/sxxx_070224.d; 070224; 10M
/home/harodonw/.vscode-server/data/logs/20240202T212210/zazz_070224/ssxsx_070224.dc; 070224; 10M
/home/harodonw/.vscode-server/data/logs/20240202T212210/zazz_070224/ssxsx_070224.dc; 070224; 10M
/home/harodonw/.vscode-server/data/logs/20240202T212210/zazz_070224/ssxsx_070224.dc; 070224; 10M
/home/harodonw/.vscode-server/data/logs/20240202T212210/dedee_030224/zazz_070224/ssxx_070224.dd; 070224; 10M
/home/harodonw/.vscode-server/data/logs/20240202T212210/dedee_030224/zazz_070224/xssxx_070224.dcd; 070224; 10M
/home/harodonw/.vscode-server/data/logs/20240202T212210/dedee_030224/zazz_070224/sssxs_070224.dd; 070224; 10M
/home/harodonw/.vscode-server/data/logs/20240202T212210/exthost1/zazz_070224/sssxx_070224.cdc; 070224; 10M
/home/harodonw/.vscode-server/data/logs/20240202T212210/exthost1/zazz_070224/sxxxs_070224.ddc; 070224; 10M
/home/harodonw/.vscode-server/data/logs/20240202T212210/exthost1/zazz_070224/sxxxs_070224.ddc; 070224; 10M
/home/harodonw/.vscode-server/data/logs/20240202T212210/exthost1/zazz_070224/sssx_070224.dcc; 070224; 10M
/home/harodonw/.vscode-server/data/logs/20240202T212210/exthost1/zazz_070224/xxxssss_070224.ccc; 070224; 10M
/home/harodonw/.vscode-server/data/logs/20240202T212210/exthost1/dedee_030224/zazz_070224/ssssxxx_070224.cdd; 070224; 10M
/home/harodonw/.vscode-server/data/logs/20240202T212210/exthost1/dedee_030224/zazz_070224/sssx_070224.cc; 070224; 10M
/home/harodonw/.vscode-server/data/logs/20240202T212210/exthost1/dedee_030224/zazz_070224/ssxss_070224.cc; 070224; 10M
/home/harodonw/.vscode-server/data/logs/20240202T212210/exthost1/dedee_030224/zazz_070224/sxssxxx_070224.c; 070224; 10M
/home/harodonw/.vscode-server/data/logs/20240202T212210/exthost1/dedee_030224/zazz_070224/sxssxxx_070224.c; 070224; 10M
/home/harodonw/.vscode-server/data/logs/20240202T212210/exthost1/vscode.git/zazz_070224/xsxxssx_070224.cd; 070224; 10M
/home/harodonw/.vscode-server/data/logs/20240202T212210/exthost1/vscode.git/zazz_070224/sxsxs_070224.cc; 070224; 10M
/home/harodonw/.vscode-server/data/logs/20240202T212210/exthost1/vscode.git/zazz_070224/sxsxs_070224.cc; 070224; 10M
/home/harodonw/.vscode-server/data/logs/20240202T212210/exthost1/vscode.git/zazz_070224/xssssx_070224.dc; 070224; 10M
/home/harodonw/.vscode-server/data/logs/20240202T212210/exthost1/vscode.git/zazz_070224/sxxxxx_070224.d; 070224; 10M
/home/harodonw/.vscode-server/data/logs/20240202T212210/exthost1/vscode.git/zazz_070224/sxxxxx_070224.d; 070224; 10M
/home/harodonw/.vscode-server/data/logs/20240202T212210/exthost1/vscode.git/dedee_030224/zazz_070224/xxsxxxx_070224.dd; 070224; 10M
/home/harodonw/.vscode-server/data/logs/20240202T212210/exthost1/vscode.git/dedee_030224/zazz_070224/xxsxs_070224.dd; 070224; 10M
/home/harodonw/.vscode-server/data/logs/20240202T212210/exthost1/vscode.git/dedee_030224/zazz_070224/xxxss_070224.ddc; 070224; 10M
/home/harodonw/.vscode-server/data/logs/20240202T212210/exthost1/vscode.git/dedee_030224/zazz_070224/sssxxsx_070224.c; 070224; 10M
/home/harodonw/.vscode-server/data/logs/20240202T212210/exthost1/vscode.git/ddeddd_030224/zazz_070224/ssssxxx_070224.cdc; 070224; 10M
/home/harodonw/.vscode-server/data/logs/20240202T212210/exthost1/vscode.git/ddeddd_030224/zazz_070224/ssssxxx_070224.cdc; 070224; 10M
/home/harodonw/.vscode-server/data/logs/20240202T212210/exthost1/vscode.git/ddeddd_030224/zazz_070224/sxsssxs_070224.dc; 070224; 10M
/home/harodonw/.vscode-server/data/logs/20240202T212210/exthost1/vscode.git/ddeddd_030224/zazz_070224/ssxsxx_070224.cd; 070224; 10M
/home/harodonw/.vscode-server/data/logs/20240202T212210/exthost1/vscode.git/ddeddd_030224/zazz_070224/ssxsxx_070224.cd; 070224; 10M
/home/harodonw/.vscode-server/data/logs/20240202T212210/exthost1/vscode.github/zazz_070224/sxxssxx_070224.ddd; 070224; 10M
/home/harodonw/.vscode-server/data/logs/20240202T212210/exthost1/vscode.github/zazz_070224/sxxssxx_070224.ddd; 070224; 10M
/home/harodonw/.vscode-server/data/logs/20240202T212210/exthost1/vscode.github/zazz_070224/sxxssxx_070224.ddd; 070224; 10M
/home/harodonw/.vscode-server/data/logs/20240202T212210/exthost1/vscode.github/zazz_070224/xxssxxx_070224.ddd; 070224; 10M
/home/harodonw/.vscode-server/data/logs/20240202T212210/exthost1/vscode.github/zazz_070224/xxssxxx_070224.ddd; 070224; 10M
/home/harodonw/.vscode-server/data/logs/20240202T212210/exthost1/vscode.github/zazz_070224/xxssxxx_070224.ddd; 070224; 10M
/home/harodonw/.vscode-server/data/logs/20240202T212210/exthost1/vscode.github/zazz_070224/xxssxxx_070224.ddd; 070224; 10M
/home/harodonw/.vscode-server/data/logs/20240202T212210/exthost1/vscode.github/dedee_030224/zazz_070224/xxsssss_070224.c; 070224; 10M
/home/harodonw/.vscode-server/data/logs/20240202T212210/exthost1/vscode.github/dedee_030224/zazz_070224/sxxx_070224.cc; 070224; 10M
/home/harodonw/.vscode-server/data/logs/20240202T212210/exthost1/vscode.github/dedee_030224/zazz_070224/sxxsss_070224.d; 070224; 10M
/home/harodonw/.vscode-server/data/logs/20240202T212210/exthost1/vscode.github/ddeddd_030224/zazz_070224/xxss_070224.ddc; 070224; 10M
/home/harodonw/.vscode-server/data/logs/20240202T212210/exthost1/vscode.github/ddeddd_030224/zazz_070224/ssxx_070224.dc; 070224; 10M
/home/harodonw/.vscode-server/data/logs/20240202T212210/exthost1/vscode.github/ddeddd_030224/zazz_070224/sxxsx_070224.ccc; 070224; 10M
/home/harodonw/.vscode-server/data/logs/20240202T212210/exthost1/vscode.github/ddeddd_030224/zazz_070224/sxxx_070224.cd; 070224; 10M
/home/harodonw/.vscode-server/data/logs/20240202T212210/exthost1/vscode.github/ddeddd_030224/zazz_070224/xxsssxs_070224.dc; 070224; 10M
/home/harodonw/.vscode-server/data/logs/20240202T212210/exthost1/ddeddd_030224/zazz_070224/xxxxsx_070224.dcc; 070224; 10M
/home/harodonw/.vscode-server/data/logs/20240202T212210/exthost1/ddeddd_030224/zazz_070224/sxxssss_070224.cdc; 070224; 10M
/home/harodonw/.vscode-server/data/logs/20240202T212210/exthost1/ddeddd_030224/zazz_070224/xxsssxx_070224.ddc; 070224; 10M
/home/harodonw/.vscode-server/data/logs/20240202T212210/exthost1/ddeddd_030224/zazz_070224/sxsss_070224.dd; 070224; 10M
/home/harodonw/.vscode-server/data/logs/20240202T212210/exthost1/ddeddd_030224/zazz_070224/sxxxxs_070224.dd; 070224; 10M
/home/harodonw/.vscode-server/data/logs/20240202T212210/exthost1/ddeddd_030224/zazz_070224/sxxxxs_070224.dd; 070224; 10M
/home/harodonw/.vscode-server/data/logs/20240202T212210/ddeddd_030224/zazz_070224/ssxxssx_070224.c; 070224; 10M
/home/harodonw/.vscode-server/data/logs/20240202T212210/ddeddd_030224/zazz_070224/ssxxssx_070224.c; 070224; 10M
/home/harodonw/.vscode-server/data/logs/20240202T212210/ddeddd_030224/zazz_070224/xsxxssx_070224.c; 070224; 10M
/home/harodonw/.vscode-server/data/logs/20240202T212210/ddeddd_030224/zazz_070224/sxsxxx_070224.c; 070224; 10M
/home/harodonw/.vscode-server/data/logs/20240203T053829/zazz_070224/xxxss_070224.ccc; 070224; 10M
/home/harodonw/.vscode-server/data/logs/20240203T053829/zazz_070224/sxsxs_070224.dcc; 070224; 10M
/home/harodonw/.vscode-server/data/logs/20240203T053829/zazz_070224/ssxx_070224.ddc; 070224; 10M
/home/harodonw/.vscode-server/data/logs/20240203T053829/zazz_070224/ssxx_070224.ddc; 070224; 10M
/home/harodonw/.vscode-server/data/logs/20240203T053829/zazz_070224/ssxx_070224.ddc; 070224; 10M
/home/harodonw/.vscode-server/data/logs/20240203T053829/exthost7/zazz_070224/xxxx_070224.cc; 070224; 10M
/home/harodonw/.vscode-server/data/logs/20240203T053829/exthost7/zazz_070224/xxxx_070224.cc; 070224; 10M
/home/harodonw/.vscode-server/data/logs/20240203T053829/exthost7/zazz_070224/xxsxxs_070224.dc; 070224; 10M
/home/harodonw/.vscode-server/data/logs/20240203T053829/exthost7/zazz_070224/xsxx_070224.d; 070224; 10M
/home/harodonw/.vscode-server/data/logs/20240203T053829/exthost7/zazz_070224/ssxx_070224.ddd; 070224; 10M
/home/harodonw/.vscode-server/data/logs/20240203T053829/exthost7/dedee_030224/zazz_070224/sssxxsx_070224.d; 070224; 10M
/home/harodonw/.vscode-server/data/logs/20240203T053829/exthost7/dedee_030224/zazz_070224/sssxxsx_070224.d; 070224; 10M
/home/harodonw/.vscode-server/data/logs/20240203T053829/exthost7/dedee_030224/zazz_070224/sssxxsx_070224.d; 070224; 10M
/home/harodonw/.vscode-server/data/logs/20240203T053829/exthost7/dedee_030224/zazz_070224/sxxsx_070224.ccd; 070224; 10M
/home/harodonw/.vscode-server/data/logs/20240203T053829/exthost7/dedee_030224/zazz_070224/sxss_070224.cdd; 070224; 10M
/home/harodonw/.vscode-server/data/logs/20240203T053829/exthost7/vscode.git/zazz_070224/ssxsxs_070224.dc; 070224; 10M
/home/harodonw/.vscode-server/data/logs/20240203T053829/exthost7/vscode.git/zazz_070224/sxsss_070224.cd; 070224; 10M
/home/harodonw/.vscode-server/data/logs/20240203T053829/exthost7/vscode.git/zazz_070224/xxxxsx_070224.ccd; 070224; 10M
/home/harodonw/.vscode-server/data/logs/20240203T053829/exthost7/vscode.git/zazz_070224/xxxss_070224.d; 070224; 10M
/home/harodonw/.vscode-server/data/logs/20240203T053829/exthost7/vscode.git/zazz_070224/sxssx_070224.dd; 070224; 10M
/home/harodonw/.vscode-server/data/logs/20240203T053829/exthost7/vscode.git/dedee_030224/zazz_070224/xxxsxx_070224.dc; 070224; 10M
/home/harodonw/.vscode-server/data/logs/20240203T053829/exthost7/vscode.git/dedee_030224/zazz_070224/sxsssxx_070224.dd; 070224; 10M
/home/harodonw/.vscode-server/data/logs/20240203T053829/exthost7/vscode.git/dedee_030224/zazz_070224/xsxs_070224.dc; 070224; 10M
/home/harodonw/.vscode-server/data/logs/20240203T053829/exthost7/vscode.git/dedee_030224/zazz_070224/sxssx_070224.d; 070224; 10M
/home/harodonw/.vscode-server/data/logs/20240203T053829/exthost7/vscode.git/dedee_030224/zazz_070224/xsss_070224.d; 070224; 10M
/home/harodonw/.vscode-server/data/logs/20240203T053829/exthost7/vscode.git/ddeddd_030224/zazz_070224/sxxsss_070224.c; 070224; 10M
/home/harodonw/.vscode-server/data/logs/20240203T053829/exthost7/vscode.git/ddeddd_030224/zazz_070224/sxxsss_070224.c; 070224; 10M
/home/harodonw/.vscode-server/data/logs/20240203T053829/exthost7/vscode.git/ddeddd_030224/zazz_070224/ssxx_070224.d; 070224; 10M
/home/harodonw/.vscode-server/data/logs/20240203T053829/exthost7/vscode.git/ddeddd_030224/zazz_070224/ssxx_070224.d; 070224; 10M
/home/harodonw/.vscode-server/data/logs/20240203T053829/exthost7/vscode.git/ddeddd_030224/zazz_070224/xxxxxs_070224.c; 070224; 10M
/home/harodonw/.vscode-server/data/logs/20240203T053829/exthost7/vscode.github/zazz_070224/xxxxx_070224.dc; 070224; 10M
/home/harodonw/.vscode-server/data/logs/20240203T053829/exthost7/vscode.github/zazz_070224/sxssxs_070224.ddc; 070224; 10M
/home/harodonw/.vscode-server/data/logs/20240203T053829/exthost7/vscode.github/zazz_070224/ssxsss_070224.d; 070224; 10M
/home/harodonw/.vscode-server/data/logs/20240203T053829/exthost7/vscode.github/zazz_070224/ssxsss_070224.d; 070224; 10M
/home/harodonw/.vscode-server/data/logs/20240203T053829/exthost7/vscode.github/zazz_070224/xsxs_070224.c; 070224; 10M
/home/harodonw/.vscode-server/data/logs/20240203T053829/exthost7/vscode.github/dedee_030224/zazz_070224/xxsxxsx_070224.d; 070224; 10M
/home/harodonw/.vscode-server/data/logs/20240203T053829/exthost7/vscode.github/dedee_030224/zazz_070224/xsxs_070224.d; 070224; 10M
/home/harodonw/.vscode-server/data/logs/20240203T053829/exthost7/vscode.github/dedee_030224/zazz_070224/xsxs_070224.d; 070224; 10M
/home/harodonw/.vscode-server/data/logs/20240203T053829/exthost7/vscode.github/dedee_030224/zazz_070224/xsxs_070224.d; 070224; 10M
/home/harodonw/.vscode-server/data/logs/20240203T053829/exthost7/vscode.github/dedee_030224/zazz_070224/xsxs_070224.d; 070224; 10M
/home/harodonw/.vscode-server/data/logs/20240203T053829/exthost7/vscode.github/ddeddd_030224/zazz_070224/xxss_070224.dd; 070224; 10M
/home/harodonw/.vscode-server/data/logs/20240203T053829/exthost7/vscode.github/ddeddd_030224/zazz_070224/xxss_070224.dd; 070224; 10M
/home/harodonw/.vscode-server/data/logs/20240203T053829/exthost7/vscode.github/ddeddd_030224/zazz_070224/xxxssx_070224.d; 070224; 10M
/home/harodonw/.vscode-server/data/logs/20240203T053829/exthost7/vscode.github/ddeddd_030224/zazz_070224/xxxxxs_070224.c; 070224; 10M
/home/harodonw/.vscode-server/data/logs/20240203T053829/exthost7/vscode.github/ddeddd_030224/zazz_070224/sxss_070224.cc; 070224; 10M
/home/harodonw/.vscode-server/data/logs/20240203T053829/exthost7/ddeddd_030224/zazz_070224/sxxxsxx_070224.cc; 070224; 10M
/home/harodonw/.vscode-server/data/logs/20240203T053829/exthost7/ddeddd_030224/zazz_070224/sxxxsxx_070224.cc; 070224; 10M
/home/harodonw/.vscode-server/data/logs/20240203T053829/exthost7/ddeddd_030224/zazz_070224/xxxsx_070224.dc; 070224; 10M
/home/harodonw/.vscode-server/data/logs/20240203T053829/exthost7/ddeddd_030224/zazz_070224/sxxsssx_070224.c; 070224; 10M
/home/harodonw/.vscode-server/data/logs/20240203T053829/exthost7/ddeddd_030224/zazz_070224/sxssxxx_070224.dcc; 070224; 10M
/home/harodonw/.vscode-server/data/logs/20240203T053829/dedee_030224/zazz_070224/xxxs_070224.ccd; 070224; 10M
/home/harodonw/.vscode-server/data/logs/20240203T053829/dedee_030224/zazz_070224/sxxx_070224.cdd; 070224; 10M
/home/harodonw/.vscode-server/data/logs/20240203T053829/dedee_030224/zazz_070224/sxsx_070224.d; 070224; 10M
/home/harodonw/.vscode-server/data/logs/20240203T053829/dedee_030224/zazz_070224/ssxss_070224.dd; 070224; 10M
/home/harodonw/.vscode-server/data/logs/20240203T053829/dedee_030224/zazz_070224/ssxss_070224.dd; 070224; 10M
/home/harodonw/.vscode-server/data/logs/20240203T053829/exthost6/zazz_070224/sxssss_070224.cdc; 070224; 10M
/home/harodonw/.vscode-server/data/logs/20240203T053829/exthost6/zazz_070224/xssxs_070224.ddd; 070224; 10M
/home/harodonw/.vscode-server/data/logs/20240203T053829/exthost6/zazz_070224/xssxsx_070224.dc; 070224; 10M
/home/harodonw/.vscode-server/data/logs/20240203T053829/exthost6/zazz_070224/xsssx_070224.ccd; 070224; 10M
/home/harodonw/.vscode-server/data/logs/20240203T053829/exthost6/zazz_070224/sssxxsx_070224.ccd; 070224; 10M
/home/harodonw/.vscode-server/data/logs/20240203T053829/exthost6/dedee_030224/zazz_070224/xsxsx_070224.cdd; 070224; 10M
/home/harodonw/.vscode-server/data/logs/20240203T053829/exthost6/dedee_030224/zazz_070224/xsxsx_070224.cdd; 070224; 10M
/home/harodonw/.vscode-server/data/logs/20240203T053829/exthost6/dedee_030224/zazz_070224/ssxxxs_070224.d; 070224; 10M
/home/harodonw/.vscode-server/data/logs/20240203T053829/exthost6/dedee_030224/zazz_070224/ssxxxs_070224.d; 070224; 10M
/home/harodonw/.vscode-server/data/logs/20240203T053829/exthost6/dedee_030224/zazz_070224/sssx_070224.ddd; 070224; 10M
/home/harodonw/.vscode-server/data/logs/20240203T053829/exthost6/vscode.git/zazz_070224/xxsssxs_070224.cdd; 070224; 10M
/home/harodonw/.vscode-server/data/logs/20240203T053829/exthost6/vscode.git/zazz_070224/xsxsssx_070224.dd; 070224; 10M
/home/harodonw/.vscode-server/data/logs/20240203T053829/exthost6/vscode.git/zazz_070224/ssxxx_070224.cdc; 070224; 10M
/home/harodonw/.vscode-server/data/logs/20240203T053829/exthost6/vscode.git/zazz_070224/xsxxx_070224.d; 070224; 10M
/home/harodonw/.vscode-server/data/logs/20240203T053829/exthost6/vscode.git/zazz_070224/sssss_070224.ccd; 070224; 10M
/home/harodonw/.vscode-server/data/logs/20240203T053829/exthost6/vscode.git/dedee_030224/zazz_070224/xxsxsx_070224.dd; 070224; 10M
/home/harodonw/.vscode-server/data/logs/20240203T053829/exthost6/vscode.git/dedee_030224/zazz_070224/xsxxxx_070224.cd; 070224; 10M
/home/harodonw/.vscode-server/data/logs/20240203T053829/exthost6/vscode.git/dedee_030224/zazz_070224/xsxxxx_070224.cd; 070224; 10M
/home/harodonw/.vscode-server/data/logs/20240203T053829/exthost6/vscode.git/dedee_030224/zazz_070224/xsxxxx_070224.cd; 070224; 10M
/home/harodonw/.vscode-server/data/logs/20240203T053829/exthost6/vscode.git/dedee_030224/zazz_070224/xsxxxx_070224.cd; 070224; 10M
/home/harodonw/.vscode-server/data/logs/20240203T053829/exthost6/vscode.git/ddeddd_030224/zazz_070224/sxxss_070224.dc; 070224; 10M
/home/harodonw/.vscode-server/data/logs/20240203T053829/exthost6/vscode.git/ddeddd_030224/zazz_070224/xxsxsxs_070224.cdc; 070224; 10M
/home/harodonw/.vscode-server/data/logs/20240203T053829/exthost6/vscode.git/ddeddd_030224/zazz_070224/xxxxsx_070224.dc; 070224; 10M
/home/harodonw/.vscode-server/data/logs/20240203T053829/exthost6/vscode.git/ddeddd_030224/zazz_070224/sssssx_070224.c; 070224; 10M
/home/harodonw/.vscode-server/data/logs/20240203T053829/exthost6/vscode.git/ddeddd_030224/zazz_070224/sssssx_070224.c; 070224; 10M
/home/harodonw/.vscode-server/data/logs/20240203T053829/exthost6/vscode.git/ddeddd_030224/zazz_070224/sssssx_070224.c; 070224; 10M
/home/harodonw/.vscode-server/data/logs/20240203T053829/exthost6/vscode.github/zazz_070224/sssxx_070224.ddc; 070224; 10M
/home/harodonw/.vscode-server/data/logs/20240203T053829/exthost6/vscode.github/zazz_070224/xsssxxs_070224.cdc; 070224; 10M
/home/harodonw/.vscode-server/data/logs/20240203T053829/exthost6/vscode.github/zazz_070224/sssssxs_070224.dd; 070224; 10M
/home/harodonw/.vscode-server/data/logs/20240203T053829/exthost6/vscode.github/zazz_070224/sxxx_070224.ccd; 070224; 10M
/home/harodonw/.vscode-server/data/logs/20240203T053829/exthost6/vscode.github/zazz_070224/sxxx_070224.ccd; 070224; 10M
/home/harodonw/.vscode-server/data/logs/20240203T053829/exthost6/vscode.github/zazz_070224/sxxx_070224.ccd; 070224; 10M
/home/harodonw/.vscode-server/data/logs/20240203T053829/exthost6/vscode.github/dedee_030224/zazz_070224/ssss_070224.c; 070224; 10M
/home/harodonw/.vscode-server/data/logs/20240203T053829/exthost6/vscode.github/dedee_030224/zazz_070224/sxssss_070224.d; 070224; 10M
/home/harodonw/.vscode-server/data/logs/20240203T053829/exthost6/vscode.github/dedee_030224/zazz_070224/xxssxs_070224.d; 070224; 10M
/home/harodonw/.vscode-server/data/logs/20240203T053829/exthost6/vscode.github/ddeddd_030224/zazz_070224/ssxxsxx_070224.cc; 070224; 10M
/home/harodonw/.vscode-server/data/logs/20240203T053829/exthost6/vscode.github/ddeddd_030224/zazz_070224/xssx_070224.dd; 070224; 10M
/home/harodonw/.vscode-server/data/logs/20240203T053829/exthost6/vscode.github/ddeddd_030224/zazz_070224/xsxxxs_070224.dc; 070224; 10M
/home/harodonw/.vscode-server/data/logs/20240203T053829/exthost6/vscode.github/ddeddd_030224/zazz_070224/xxxxs_070224.cd; 070224; 10M
/home/harodonw/.vscode-server/data/logs/20240203T053829/exthost6/vscode.github/ddeddd_030224/zazz_070224/sxssxxx_070224.dc; 070224; 10M
/home/harodonw/.vscode-server/data/logs/20240203T053829/exthost6/vscode.github/ddeddd_030224/zazz_070224/sxssxxx_070224.dc; 070224; 10M
/home/harodonw/.vscode-server/data/logs/20240203T053829/exthost6/ddeddd_030224/zazz_070224/ssxs_070224.d; 070224; 10M
/home/harodonw/.vscode-server/data/logs/20240203T053829/exthost6/ddeddd_030224/zazz_070224/sssss_070224.cdd; 070224; 10M
/home/harodonw/.vscode-server/data/logs/20240203T053829/exthost6/ddeddd_030224/zazz_070224/xxxxsxx_070224.c; 070224; 10M
/home/harodonw/.vscode-server/data/logs/20240203T053829/exthost6/ddeddd_030224/zazz_070224/sxssss_070224.cd; 070224; 10M
/home/harodonw/.vscode-server/data/logs/20240203T053829/exthost1/zazz_070224/xssssx_070224.cc; 070224; 10M
/home/harodonw/.vscode-server/data/logs/20240203T053829/exthost1/zazz_070224/sxsx_070224.ddd; 070224; 10M
/home/harodonw/.vscode-server/data/logs/20240203T053829/exthost1/zazz_070224/sxssss_070224.dcc; 070224; 10M
/home/harodonw/.vscode-server/data/logs/20240203T053829/exthost1/zazz_070224/sxssxss_070224.cc; 070224; 10M
/home/harodonw/.vscode-server/data/logs/20240203T053829/exthost1/zazz_070224/sxssxss_070224.cc; 070224; 10M
/home/harodonw/.vscode-server/data/logs/20240203T053829/exthost1/dedee_030224/zazz_070224/xxssx_070224.cdc; 070224; 10M
/home/harodonw/.vscode-server/data/logs/20240203T053829/exthost1/dedee_030224/zazz_070224/xxssx_070224.cdc; 070224; 10M
/home/harodonw/.vscode-server/data/logs/20240203T053829/exthost1/dedee_030224/zazz_070224/ssssxxs_070224.dcd; 070224; 10M
/home/harodonw/.vscode-server/data/logs/20240203T053829/exthost1/dedee_030224/zazz_070224/sxxxxs_070224.cc; 070224; 10M
/home/harodonw/.vscode-server/data/logs/20240203T053829/exthost1/dedee_030224/zazz_070224/sxxxxs_070224.cc; 070224; 10M
/home/harodonw/.vscode-server/data/logs/20240203T053829/exthost1/vscode.git/zazz_070224/xsxs_070224.dc; 070224; 10M
/home/harodonw/.vscode-server/data/logs/20240203T053829/exthost1/vscode.git/zazz_070224/xxsss_070224.c; 070224; 10M
/home/harodonw/.vscode-server/data/logs/20240203T053829/exthost1/vscode.git/zazz_070224/ssssxxx_070224.dc; 070224; 10M
/home/harodonw/.vscode-server/data/logs/20240203T053829/exthost1/vscode.git/zazz_070224/xxxxxx_070224.dcc; 070224; 10M
/home/harodonw/.vscode-server/data/logs/20240203T053829/exthost1/vscode.git/zazz_070224/ssxx_070224.cdc; 070224; 10M
/home/harodonw/.vscode-server/data/logs/20240203T053829/exthost1/vscode.git/dedee_030224/zazz_070224/ssssx_070224.c; 070224; 10M
/home/harodonw/.vscode-server/data/logs/20240203T053829/exthost1/vscode.git/dedee_030224/zazz_070224/ssssx_070224.c; 070224; 10M
/home/harodonw/.vscode-server/data/logs/20240203T053829/exthost1/vscode.git/dedee_030224/zazz_070224/sxsx_070224.d; 070224; 10M
/home/harodonw/.vscode-server/data/logs/20240203T053829/exthost1/vscode.git/dedee_030224/zazz_070224/xsxx_070224.ddd; 070224; 10M
/home/harodonw/.vscode-server/data/logs/20240203T053829/exthost1/vscode.git/dedee_030224/zazz_070224/sxxxss_070224.cdd; 070224; 10M
/home/harodonw/.vscode-server/data/logs/20240203T053829/exthost1/vscode.git/ddeddd_030224/zazz_070224/xxxxxxs_070224.cc; 070224; 10M
/home/harodonw/.vscode-server/data/logs/20240203T053829/exthost1/vscode.git/ddeddd_030224/zazz_070224/xxxx_070224.c; 070224; 10M
/home/harodonw/.vscode-server/data/logs/20240203T053829/exthost1/vscode.git/ddeddd_030224/zazz_070224/sxxs_070224.dcd; 070224; 10M
/home/harodonw/.vscode-server/data/logs/20240203T053829/exthost1/vscode.git/ddeddd_030224/zazz_070224/sxxs_070224.dcd; 070224; 10M
/home/harodonw/.vscode-server/data/logs/20240203T053829/exthost1/vscode.git/ddeddd_030224/zazz_070224/sxxs_070224.dcd; 070224; 10M
/home/harodonw/.vscode-server/data/logs/20240203T053829/exthost1/vscode.github/zazz_070224/ssxxxss_070224.c; 070224; 10M
/home/harodonw/.vscode-server/data/logs/20240203T053829/exthost1/vscode.github/zazz_070224/ssxxsxs_070224.d; 070224; 10M
/home/harodonw/.vscode-server/data/logs/20240203T053829/exthost1/vscode.github/zazz_070224/ssxxxss_070224.d; 070224; 10M
/home/harodonw/.vscode-server/data/logs/20240203T053829/exthost1/vscode.github/zazz_070224/ssxxxs_070224.cc; 070224; 10M
/home/harodonw/.vscode-server/data/logs/20240203T053829/exthost1/vscode.github/zazz_070224/sxxsx_070224.cdc; 070224; 10M
/home/harodonw/.vscode-server/data/logs/20240203T053829/exthost1/vscode.github/zazz_070224/sxxsx_070224.cdc; 070224; 10M
/home/harodonw/.vscode-server/data/logs/20240203T053829/exthost1/vscode.github/dedee_030224/zazz_070224/ssxxss_070224.d; 070224; 10M
/home/harodonw/.vscode-server/data/logs/20240203T053829/exthost1/vscode.github/dedee_030224/zazz_070224/ssxxss_070224.d; 070224; 10M
/home/harodonw/.vscode-server/data/logs/20240203T053829/exthost1/vscode.github/dedee_030224/zazz_070224/sssxxsx_070224.cd; 070224; 10M
/home/harodonw/.vscode-server/data/logs/20240203T053829/exthost1/vscode.github/dedee_030224/zazz_070224/ssss_070224.cd; 070224; 10M
/home/harodonw/.vscode-server/data/logs/20240203T053829/exthost1/vscode.github/ddeddd_030224/zazz_070224/xxsxx_070224.ddc; 070224; 10M
/home/harodonw/.vscode-server/data/logs/20240203T053829/exthost1/vscode.github/ddeddd_030224/zazz_070224/ssssxss_070224.dd; 070224; 10M
/home/harodonw/.vscode-server/data/logs/20240203T053829/exthost1/vscode.github/ddeddd_030224/zazz_070224/xxxx_070224.c; 070224; 10M
/home/harodonw/.vscode-server/data/logs/20240203T053829/exthost1/vscode.github/ddeddd_030224/zazz_070224/ssxx_070224.d; 070224; 10M
/home/harodonw/.vscode-server/data/logs/20240203T053829/exthost1/vscode.github/ddeddd_030224/zazz_070224/ssxx_070224.d; 070224; 10M
/home/harodonw/.vscode-server/data/logs/20240203T053829/exthost1/vscode.github/ddeddd_030224/zazz_070224/ssxx_070224.d; 070224; 10M
/home/harodonw/.vscode-server/data/logs/20240203T053829/exthost1/ddeddd_030224/zazz_070224/sxxs_070224.cdd; 070224; 10M
/home/harodonw/.vscode-server/data/logs/20240203T053829/exthost1/ddeddd_030224/zazz_070224/xsxsxx_070224.cd; 070224; 10M
/home/harodonw/.vscode-server/data/logs/20240203T053829/exthost1/ddeddd_030224/zazz_070224/xsxsxx_070224.cd; 070224; 10M
/home/harodonw/.vscode-server/data/logs/20240203T053829/exthost1/ddeddd_030224/zazz_070224/sxxx_070224.c; 070224; 10M
/home/harodonw/.vscode-server/data/logs/20240203T053829/exthost1/ddeddd_030224/zazz_070224/sxxx_070224.c; 070224; 10M
/home/harodonw/.vscode-server/data/logs/20240203T053829/exthost5/zazz_070224/ssxxx_070224.ccd; 070224; 10M
/home/harodonw/.vscode-server/data/logs/20240203T053829/exthost5/zazz_070224/sssxsss_070224.ccd; 070224; 10M
/home/harodonw/.vscode-server/data/logs/20240203T053829/exthost5/zazz_070224/xxss_070224.cdc; 070224; 10M
/home/harodonw/.vscode-server/data/logs/20240203T053829/exthost5/zazz_070224/xsssxxx_070224.dcd; 070224; 10M
/home/harodonw/.vscode-server/data/logs/20240203T053829/exthost5/dedee_030224/zazz_070224/xxsxsx_070224.ddc; 070224; 10M
/home/harodonw/.vscode-server/data/logs/20240203T053829/exthost5/dedee_030224/zazz_070224/xxxxx_070224.c; 070224; 10M
/home/harodonw/.vscode-server/data/logs/20240203T053829/exthost5/dedee_030224/zazz_070224/xxxxx_070224.c; 070224; 10M
/home/harodonw/.vscode-server/data/logs/20240203T053829/exthost5/dedee_030224/zazz_070224/xxsxs_070224.dd; 070224; 10M
/home/harodonw/.vscode-server/data/logs/20240203T053829/exthost5/dedee_030224/zazz_070224/xxxx_070224.d; 070224; 10M
/home/harodonw/.vscode-server/data/logs/20240203T053829/exthost5/vscode.git/zazz_070224/xxssxs_070224.dcc; 070224; 10M
/home/harodonw/.vscode-server/data/logs/20240203T053829/exthost5/vscode.git/zazz_070224/xxssxs_070224.dcc; 070224; 10M
/home/harodonw/.vscode-server/data/logs/20240203T053829/exthost5/vscode.git/zazz_070224/xxss_070224.d; 070224; 10M
/home/harodonw/.vscode-server/data/logs/20240203T053829/exthost5/vscode.git/zazz_070224/ssxs_070224.dc; 070224; 10M
/home/harodonw/.vscode-server/data/logs/20240203T053829/exthost5/vscode.git/zazz_070224/xxxsss_070224.ccc; 070224; 10M
/home/harodonw/.vscode-server/data/logs/20240203T053829/exthost5/vscode.git/dedee_030224/zazz_070224/xsxss_070224.dd; 070224; 10M
/home/harodonw/.vscode-server/data/logs/20240203T053829/exthost5/vscode.git/dedee_030224/zazz_070224/ssxs_070224.cc; 070224; 10M
/home/harodonw/.vscode-server/data/logs/20240203T053829/exthost5/vscode.git/dedee_030224/zazz_070224/ssxs_070224.cc; 070224; 10M
/home/harodonw/.vscode-server/data/logs/20240203T053829/exthost5/vscode.git/dedee_030224/zazz_070224/ssxs_070224.cc; 070224; 10M
/home/harodonw/.vscode-server/data/logs/20240203T053829/exthost5/vscode.git/dedee_030224/zazz_070224/ssxsx_070224.c; 070224; 10M
/home/harodonw/.vscode-server/data/logs/20240203T053829/exthost5/vscode.git/ddeddd_030224/zazz_070224/sxssssx_070224.dd; 070224; 10M
/home/harodonw/.vscode-server/data/logs/20240203T053829/exthost5/vscode.git/ddeddd_030224/zazz_070224/sxssssx_070224.dd; 070224; 10M
/home/harodonw/.vscode-server/data/logs/20240203T053829/exthost5/vscode.git/ddeddd_030224/zazz_070224/sssx_070224.ddc; 070224; 10M
/home/harodonw/.vscode-server/data/logs/20240203T053829/exthost5/vscode.git/ddeddd_030224/zazz_070224/sxxs_070224.cc; 070224; 10M
/home/harodonw/.vscode-server/data/logs/20240203T053829/exthost5/vscode.git/ddeddd_030224/zazz_070224/sxxxxss_070224.cc; 070224; 10M
/home/harodonw/.vscode-server/data/logs/20240203T053829/exthost5/vscode.github/zazz_070224/sxssxs_070224.cc; 070224; 10M
/home/harodonw/.vscode-server/data/logs/20240203T053829/exthost5/vscode.github/zazz_070224/ssxx_070224.c; 070224; 10M
/home/harodonw/.vscode-server/data/logs/20240203T053829/exthost5/vscode.github/zazz_070224/xssxs_070224.cc; 070224; 10M
/home/harodonw/.vscode-server/data/logs/20240203T053829/exthost5/vscode.github/zazz_070224/xsxsx_070224.ccd; 070224; 10M
/home/harodonw/.vscode-server/data/logs/20240203T053829/exthost5/vscode.github/zazz_070224/xsxs_070224.ccd; 070224; 10M
/home/harodonw/.vscode-server/data/logs/20240203T053829/exthost5/vscode.github/zazz_070224/xsxs_070224.ccd; 070224; 10M
/home/harodonw/.vscode-server/data/logs/20240203T053829/exthost5/vscode.github/dedee_030224/zazz_070224/xxxx_070224.d; 070224; 10M
/home/harodonw/.vscode-server/data/logs/20240203T053829/exthost5/vscode.github/dedee_030224/zazz_070224/sxxsxsx_070224.dd; 070224; 10M
/home/harodonw/.vscode-server/data/logs/20240203T053829/exthost5/vscode.github/dedee_030224/zazz_070224/xxsxxxs_070224.ddd; 070224; 10M
/home/harodonw/.vscode-server/data/logs/20240203T053829/exthost5/vscode.github/dedee_030224/zazz_070224/xxxxxsx_070224.ccd; 070224; 10M
/home/harodonw/.vscode-server/data/logs/20240203T053829/exthost5/vscode.github/ddeddd_030224/zazz_070224/ssxxsxs_070224.dc; 070224; 10M
/home/harodonw/.vscode-server/data/logs/20240203T053829/exthost5/vscode.github/ddeddd_030224/zazz_070224/xxsxs_070224.ddd; 070224; 10M
/home/harodonw/.vscode-server/data/logs/20240203T053829/exthost5/vscode.github/ddeddd_030224/zazz_070224/xxssssx_070224.dd; 070224; 10M
/home/harodonw/.vscode-server/data/logs/20240203T053829/exthost5/vscode.github/ddeddd_030224/zazz_070224/xsxsxss_070224.d; 070224; 10M
/home/harodonw/.vscode-server/data/logs/20240203T053829/exthost5/vscode.github/ddeddd_030224/zazz_070224/xsss_070224.d; 070224; 10M
/home/harodonw/.vscode-server/data/logs/20240203T053829/exthost5/ddeddd_030224/zazz_070224/sxxxss_070224.dcc; 070224; 10M
/home/harodonw/.vscode-server/data/logs/20240203T053829/exthost5/ddeddd_030224/zazz_070224/sxxx_070224.c; 070224; 10M
/home/harodonw/.vscode-server/data/logs/20240203T053829/exthost5/ddeddd_030224/zazz_070224/sxxsxss_070224.cc; 070224; 10M
/home/harodonw/.vscode-server/data/logs/20240203T053829/exthost5/ddeddd_030224/zazz_070224/xxxxsxx_070224.dd; 070224; 10M
/home/harodonw/.vscode-server/data/logs/20240203T053829/exthost5/ddeddd_030224/zazz_070224/sxsss_070224.c; 070224; 10M
/home/harodonw/.vscode-server/data/logs/20240203T053829/exthost5/ddeddd_030224/zazz_070224/sxsss_070224.c; 070224; 10M
/home/harodonw/.vscode-server/data/logs/20240203T053829/exthost2/zazz_070224/xxsxxx_070224.c; 070224; 10M
/home/harodonw/.vscode-server/data/logs/20240203T053829/exthost2/zazz_070224/sxxxxs_070224.dcd; 070224; 10M
/home/harodonw/.vscode-server/data/logs/20240203T053829/exthost2/zazz_070224/sxxxxs_070224.dcd; 070224; 10M
/home/harodonw/.vscode-server/data/logs/20240203T053829/exthost2/zazz_070224/xxxx_070224.dd; 070224; 10M
/home/harodonw/.vscode-server/data/logs/20240203T053829/exthost2/dedee_030224/zazz_070224/sxssxx_070224.dd; 070224; 10M
/home/harodonw/.vscode-server/data/logs/20240203T053829/exthost2/dedee_030224/zazz_070224/sssxx_070224.c; 070224; 10M
/home/harodonw/.vscode-server/data/logs/20240203T053829/exthost2/dedee_030224/zazz_070224/sssxx_070224.c; 070224; 10M
/home/harodonw/.vscode-server/data/logs/20240203T053829/exthost2/dedee_030224/zazz_070224/xsssxxx_070224.c; 070224; 10M
/home/harodonw/.vscode-server/data/logs/20240203T053829/exthost2/dedee_030224/zazz_070224/xxsx_070224.d; 070224; 10M
/home/harodonw/.vscode-server/data/logs/20240203T053829/exthost2/dedee_030224/zazz_070224/xxsx_070224.d; 070224; 10M
/home/harodonw/.vscode-server/data/logs/20240203T053829/exthost2/vscode.git/zazz_070224/xxxxxxx_070224.dd; 070224; 10M
/home/harodonw/.vscode-server/data/logs/20240203T053829/exthost2/vscode.git/zazz_070224/ssxssx_070224.dc; 070224; 10M
/home/harodonw/.vscode-server/data/logs/20240203T053829/exthost2/vscode.git/zazz_070224/ssxxsxs_070224.d; 070224; 10M
/home/harodonw/.vscode-server/data/logs/20240203T053829/exthost2/vscode.git/zazz_070224/ssxxsxs_070224.d; 070224; 10M
/home/harodonw/.vscode-server/data/logs/20240203T053829/exthost2/vscode.git/dedee_030224/zazz_070224/ssss_070224.c; 070224; 10M
/home/harodonw/.vscode-server/data/logs/20240203T053829/exthost2/vscode.git/dedee_030224/zazz_070224/ssss_070224.c; 070224; 10M
/home/harodonw/.vscode-server/data/logs/20240203T053829/exthost2/vscode.git/dedee_030224/zazz_070224/ssxssxs_070224.ddc; 070224; 10M
/home/harodonw/.vscode-server/data/logs/20240203T053829/exthost2/vscode.git/dedee_030224/zazz_070224/xsssx_070224.c; 070224; 10M
/home/harodonw/.vscode-server/data/logs/20240203T053829/exthost2/vscode.git/dedee_030224/zazz_070224/sxxsxss_070224.d; 070224; 10M
/home/harodonw/.vscode-server/data/logs/20240203T053829/exthost2/vscode.git/ddeddd_030224/zazz_070224/xxxxss_070224.c; 070224; 10M
/home/harodonw/.vscode-server/data/logs/20240203T053829/exthost2/vscode.git/ddeddd_030224/zazz_070224/xxsssx_070224.c; 070224; 10M
/home/harodonw/.vscode-server/data/logs/20240203T053829/exthost2/vscode.git/ddeddd_030224/zazz_070224/ssssx_070224.d; 070224; 10M
/home/harodonw/.vscode-server/data/logs/20240203T053829/exthost2/vscode.git/ddeddd_030224/zazz_070224/ssxxs_070224.d; 070224; 10M
/home/harodonw/.vscode-server/data/logs/20240203T053829/exthost2/vscode.git/ddeddd_030224/zazz_070224/ssxxs_070224.d; 070224; 10M
/home/harodonw/.vscode-server/data/logs/20240203T053829/exthost2/vscode.github/zazz_070224/xssx_070224.cd; 070224; 10M
/home/harodonw/.vscode-server/data/logs/20240203T053829/exthost2/vscode.github/zazz_070224/sxss_070224.cd; 070224; 10M
/home/harodonw/.vscode-server/data/logs/20240203T053829/exthost2/vscode.github/zazz_070224/sxxss_070224.dcd; 070224; 10M
/home/harodonw/.vscode-server/data/logs/20240203T053829/exthost2/vscode.github/zazz_070224/xsxsxsx_070224.cc; 070224; 10M
/home/harodonw/.vscode-server/data/logs/20240203T053829/exthost2/vscode.github/zazz_070224/xsxsxsx_070224.cc; 070224; 10M
/home/harodonw/.vscode-server/data/logs/20240203T053829/exthost2/vscode.github/dedee_030224/zazz_070224/sxsssxx_070224.dcd; 070224; 10M
/home/harodonw/.vscode-server/data/logs/20240203T053829/exthost2/vscode.github/dedee_030224/zazz_070224/xxxssxx_070224.cd; 070224; 10M
/home/harodonw/.vscode-server/data/logs/20240203T053829/exthost2/vscode.github/dedee_030224/zazz_070224/xxxxsxs_070224.dcd; 070224; 10M
/home/harodonw/.vscode-server/data/logs/20240203T053829/exthost2/vscode.github/dedee_030224/zazz_070224/xssx_070224.c; 070224; 10M
/home/harodonw/.vscode-server/data/logs/20240203T053829/exthost2/vscode.github/dedee_030224/zazz_070224/sxsssx_070224.d; 070224; 10M
/home/harodonw/.vscode-server/data/logs/20240203T053829/exthost2/vscode.github/ddeddd_030224/zazz_070224/sxsxs_070224.dcc; 070224; 10M
/home/harodonw/.vscode-server/data/logs/20240203T053829/exthost2/vscode.github/ddeddd_030224/zazz_070224/sxsxs_070224.dcc; 070224; 10M
/home/harodonw/.vscode-server/data/logs/20240203T053829/exthost2/vscode.github/ddeddd_030224/zazz_070224/xssx_070224.ccc; 070224; 10M
/home/harodonw/.vscode-server/data/logs/20240203T053829/exthost2/vscode.github/ddeddd_030224/zazz_070224/ssxssx_070224.d; 070224; 10M
/home/harodonw/.vscode-server/data/logs/20240203T053829/exthost2/vscode.github/ddeddd_030224/zazz_070224/xxssxx_070224.cd; 070224; 10M
/home/harodonw/.vscode-server/data/logs/20240203T053829/exthost2/vscode.github/ddeddd_030224/zazz_070224/xxssxx_070224.cd; 070224; 10M
/home/harodonw/.vscode-server/data/logs/20240203T053829/exthost2/ddeddd_030224/zazz_070224/ssxxss_070224.cdd; 070224; 10M
/home/harodonw/.vscode-server/data/logs/20240203T053829/exthost2/ddeddd_030224/zazz_070224/ssxxss_070224.cdd; 070224; 10M
/home/harodonw/.vscode-server/data/logs/20240203T053829/exthost2/ddeddd_030224/zazz_070224/ssxxss_070224.cdd; 070224; 10M
/home/harodonw/.vscode-server/data/logs/20240203T053829/exthost2/ddeddd_030224/zazz_070224/xsxx_070224.c; 070224; 10M
/home/harodonw/.vscode-server/data/logs/20240203T053829/exthost3/zazz_070224/sxxs_070224.cdd; 070224; 10M
/home/harodonw/.vscode-server/data/logs/20240203T053829/exthost3/zazz_070224/ssxsxs_070224.c; 070224; 10M
/home/harodonw/.vscode-server/data/logs/20240203T053829/exthost3/zazz_070224/ssxsxs_070224.c; 070224; 10M
/home/harodonw/.vscode-server/data/logs/20240203T053829/exthost3/zazz_070224/sxxs_070224.cdc; 070224; 10M
/home/harodonw/.vscode-server/data/logs/20240203T053829/exthost3/zazz_070224/sxxs_070224.cdc; 070224; 10M
/home/harodonw/.vscode-server/data/logs/20240203T053829/exthost3/dedee_030224/zazz_070224/sssxs_070224.ccd; 070224; 10M
/home/harodonw/.vscode-server/data/logs/20240203T053829/exthost3/dedee_030224/zazz_070224/sxxsss_070224.d; 070224; 10M
/home/harodonw/.vscode-server/data/logs/20240203T053829/exthost3/dedee_030224/zazz_070224/xxxx_070224.d; 070224; 10M
/home/harodonw/.vscode-server/data/logs/20240203T053829/exthost3/dedee_030224/zazz_070224/xxsss_070224.dcd; 070224; 10M
/home/harodonw/.vscode-server/data/logs/20240203T053829/exthost3/dedee_030224/zazz_070224/xxss_070224.dd; 070224; 10M
/home/harodonw/.vscode-server/data/logs/20240203T053829/exthost3/vscode.git/zazz_070224/xssxxs_070224.dd; 070224; 10M
/home/harodonw/.vscode-server/data/logs/20240203T053829/exthost3/vscode.git/zazz_070224/xsxs_070224.d; 070224; 10M
/home/harodonw/.vscode-server/data/logs/20240203T053829/exthost3/vscode.git/zazz_070224/sxsxx_070224.ccd; 070224; 10M
/home/harodonw/.vscode-server/data/logs/20240203T053829/exthost3/vscode.git/zazz_070224/xssxxxx_070224.cc; 070224; 10M
/home/harodonw/.vscode-server/data/logs/20240203T053829/exthost3/vscode.git/zazz_070224/xxsxs_070224.dd; 070224; 10M
/home/harodonw/.vscode-server/data/logs/20240203T053829/exthost3/vscode.git/zazz_070224/xxsxs_070224.dd; 070224; 10M
/home/harodonw/.vscode-server/data/logs/20240203T053829/exthost3/vscode.git/dedee_030224/zazz_070224/sxxs_070224.d; 070224; 10M
/home/harodonw/.vscode-server/data/logs/20240203T053829/exthost3/vscode.git/dedee_030224/zazz_070224/xxsxsss_070224.cdd; 070224; 10M
/home/harodonw/.vscode-server/data/logs/20240203T053829/exthost3/vscode.git/dedee_030224/zazz_070224/xxsxsss_070224.cdd; 070224; 10M
/home/harodonw/.vscode-server/data/logs/20240203T053829/exthost3/vscode.git/dedee_030224/zazz_070224/xxxs_070224.dcc; 070224; 10M
/home/harodonw/.vscode-server/data/logs/20240203T053829/exthost3/vscode.git/dedee_030224/zazz_070224/xxxs_070224.dcc; 070224; 10M
/home/harodonw/.vscode-server/data/logs/20240203T053829/exthost3/vscode.git/ddeddd_030224/zazz_070224/sxssx_070224.ddd; 070224; 10M
/home/harodonw/.vscode-server/data/logs/20240203T053829/exthost3/vscode.git/ddeddd_030224/zazz_070224/sxss_070224.dd; 070224; 10M
/home/harodonw/.vscode-server/data/logs/20240203T053829/exthost3/vscode.git/ddeddd_030224/zazz_070224/sxxsxsx_070224.d; 070224; 10M
/home/harodonw/.vscode-server/data/logs/20240203T053829/exthost3/vscode.git/ddeddd_030224/zazz_070224/xxsssx_070224.cc; 070224; 10M
/home/harodonw/.vscode-server/data/logs/20240203T053829/exthost3/vscode.github/zazz_070224/xxsxx_070224.dcc; 070224; 10M
/home/harodonw/.vscode-server/data/logs/20240203T053829/exthost3/vscode.github/zazz_070224/xsssx_070224.cd; 070224; 10M
/home/harodonw/.vscode-server/data/logs/20240203T053829/exthost3/vscode.github/zazz_070224/xsssx_070224.cd; 070224; 10M
/home/harodonw/.vscode-server/data/logs/20240203T053829/exthost3/vscode.github/zazz_070224/sxsssxx_070224.dc; 070224; 10M
/home/harodonw/.vscode-server/data/logs/20240203T053829/exthost3/vscode.github/zazz_070224/sxxss_070224.c; 070224; 10M
/home/harodonw/.vscode-server/data/logs/20240203T053829/exthost3/vscode.github/dedee_030224/zazz_070224/ssxx_070224.cdc; 070224; 10M
/home/harodonw/.vscode-server/data/logs/20240203T053829/exthost3/vscode.github/dedee_030224/zazz_070224/ssxx_070224.cdc; 070224; 10M
/home/harodonw/.vscode-server/data/logs/20240203T053829/exthost3/vscode.github/dedee_030224/zazz_070224/ssxx_070224.cdc; 070224; 10M
/home/harodonw/.vscode-server/data/logs/20240203T053829/exthost3/vscode.github/dedee_030224/zazz_070224/sxss_070224.dd; 070224; 10M
/home/harodonw/.vscode-server/data/logs/20240203T053829/exthost3/vscode.github/dedee_030224/zazz_070224/ssxxsx_070224.d; 070224; 10M
/home/harodonw/.vscode-server/data/logs/20240203T053829/exthost3/vscode.github/dedee_030224/zazz_070224/ssxxsx_070224.d; 070224; 10M
/home/harodonw/.vscode-server/data/logs/20240203T053829/exthost3/vscode.github/ddeddd_030224/zazz_070224/sxxss_070224.d; 070224; 10M
/home/harodonw/.vscode-server/data/logs/20240203T053829/exthost3/vscode.github/ddeddd_030224/zazz_070224/ssxx_070224.d; 070224; 10M
/home/harodonw/.vscode-server/data/logs/20240203T053829/exthost3/vscode.github/ddeddd_030224/zazz_070224/xssssxs_070224.cdc; 070224; 10M
/home/harodonw/.vscode-server/data/logs/20240203T053829/exthost3/vscode.github/ddeddd_030224/zazz_070224/sxsxsxs_070224.dcc; 070224; 10M
/home/harodonw/.vscode-server/data/logs/20240203T053829/exthost3/ddeddd_030224/zazz_070224/sxxssx_070224.c; 070224; 10M
/home/harodonw/.vscode-server/data/logs/20240203T053829/exthost3/ddeddd_030224/zazz_070224/xxsxss_070224.cd; 070224; 10M
/home/harodonw/.vscode-server/data/logs/20240203T053829/exthost3/ddeddd_030224/zazz_070224/sxxxx_070224.d; 070224; 10M
/home/harodonw/.vscode-server/data/logs/20240203T053829/exthost3/ddeddd_030224/zazz_070224/sxxxx_070224.d; 070224; 10M
/home/harodonw/.vscode-server/data/logs/20240203T053829/exthost3/ddeddd_030224/zazz_070224/sxsxx_070224.cd; 070224; 10M
/home/harodonw/.vscode-server/data/logs/20240203T053829/ddeddd_030224/zazz_070224/xssx_070224.d; 070224; 10M
/home/harodonw/.vscode-server/data/logs/20240203T053829/ddeddd_030224/zazz_070224/xssx_070224.d; 070224; 10M
/home/harodonw/.vscode-server/data/logs/20240203T053829/ddeddd_030224/zazz_070224/sxxxsx_070224.dc; 070224; 10M
/home/harodonw/.vscode-server/data/logs/20240203T053829/ddeddd_030224/zazz_070224/sxxxsx_070224.dc; 070224; 10M
/home/harodonw/.vscode-server/data/logs/20240203T053829/ddeddd_030224/zazz_070224/xxxsx_070224.cc; 070224; 10M
/home/harodonw/.vscode-server/data/logs/20240203T053829/exthost4/zazz_070224/xssss_070224.d; 070224; 10M
/home/harodonw/.vscode-server/data/logs/20240203T053829/exthost4/zazz_070224/sxxxx_070224.ddd; 070224; 10M
/home/harodonw/.vscode-server/data/logs/20240203T053829/exthost4/zazz_070224/xsxs_070224.cdd; 070224; 10M
/home/harodonw/.vscode-server/data/logs/20240203T053829/exthost4/zazz_070224/xsxs_070224.cdd; 070224; 10M
/home/harodonw/.vscode-server/data/logs/20240203T053829/exthost4/zazz_070224/xxxxsxs_070224.ddd; 070224; 10M
/home/harodonw/.vscode-server/data/logs/20240203T053829/exthost4/dedee_030224/zazz_070224/sxsx_070224.d; 070224; 10M
/home/harodonw/.vscode-server/data/logs/20240203T053829/exthost4/dedee_030224/zazz_070224/xxsxxs_070224.dc; 070224; 10M
/home/harodonw/.vscode-server/data/logs/20240203T053829/exthost4/dedee_030224/zazz_070224/xxsxxs_070224.dc; 070224; 10M
/home/harodonw/.vscode-server/data/logs/20240203T053829/exthost4/dedee_030224/zazz_070224/sxxs_070224.d; 070224; 10M
/home/harodonw/.vscode-server/data/logs/20240203T053829/exthost4/dedee_030224/zazz_070224/xssx_070224.ccd; 070224; 10M
/home/harodonw/.vscode-server/data/logs/20240203T053829/exthost4/vscode.git/zazz_070224/sxsx_070224.ddd; 070224; 10M
/home/harodonw/.vscode-server/data/logs/20240203T053829/exthost4/vscode.git/zazz_070224/xxxxsx_070224.dd; 070224; 10M
/home/harodonw/.vscode-server/data/logs/20240203T053829/exthost4/vscode.git/zazz_070224/sxxsxx_070224.dc; 070224; 10M
/home/harodonw/.vscode-server/data/logs/20240203T053829/exthost4/vscode.git/zazz_070224/ssssss_070224.dd; 070224; 10M
/home/harodonw/.vscode-server/data/logs/20240203T053829/exthost4/vscode.git/zazz_070224/ssxsxs_070224.c; 070224; 10M
/home/harodonw/.vscode-server/data/logs/20240203T053829/exthost4/vscode.git/dedee_030224/zazz_070224/xxxxs_070224.cc; 070224; 10M
/home/harodonw/.vscode-server/data/logs/20240203T053829/exthost4/vscode.git/dedee_030224/zazz_070224/sxxsxs_070224.ddc; 070224; 10M
/home/harodonw/.vscode-server/data/logs/20240203T053829/exthost4/vscode.git/dedee_030224/zazz_070224/sxxxsxs_070224.c; 070224; 10M
/home/harodonw/.vscode-server/data/logs/20240203T053829/exthost4/vscode.git/dedee_030224/zazz_070224/sxxxsxs_070224.c; 070224; 10M
/home/harodonw/.vscode-server/data/logs/20240203T053829/exthost4/vscode.git/dedee_030224/zazz_070224/sssxxxx_070224.cdd; 070224; 10M
/home/harodonw/.vscode-server/data/logs/20240203T053829/exthost4/vscode.git/ddeddd_030224/zazz_070224/sxssssx_070224.cdd; 070224; 10M
/home/harodonw/.vscode-server/data/logs/20240203T053829/exthost4/vscode.git/ddeddd_030224/zazz_070224/xxsxxxs_070224.cc; 070224; 10M
/home/harodonw/.vscode-server/data/logs/20240203T053829/exthost4/vscode.git/ddeddd_030224/zazz_070224/xssxxxs_070224.dcc; 070224; 10M
/home/harodonw/.vscode-server/data/logs/20240203T053829/exthost4/vscode.git/ddeddd_030224/zazz_070224/xxss_070224.ddc; 070224; 10M
/home/harodonw/.vscode-server/data/logs/20240203T053829/exthost4/vscode.git/ddeddd_030224/zazz_070224/xxss_070224.ddc; 070224; 10M
/home/harodonw/.vscode-server/data/logs/20240203T053829/exthost4/vscode.github/zazz_070224/xsxs_070224.cd; 070224; 10M
/home/harodonw/.vscode-server/data/logs/20240203T053829/exthost4/vscode.github/zazz_070224/xxsx_070224.dc; 070224; 10M
/home/harodonw/.vscode-server/data/logs/20240203T053829/exthost4/vscode.github/zazz_070224/sxxsx_070224.d; 070224; 10M
/home/harodonw/.vscode-server/data/logs/20240203T053829/exthost4/vscode.github/zazz_070224/ssxx_070224.cd; 070224; 10M
/home/harodonw/.vscode-server/data/logs/20240203T053829/exthost4/vscode.github/zazz_070224/xxsxx_070224.dd; 070224; 10M
/home/harodonw/.vscode-server/data/logs/20240203T053829/exthost4/vscode.github/dedee_030224/zazz_070224/xxxs_070224.d; 070224; 10M
/home/harodonw/.vscode-server/data/logs/20240203T053829/exthost4/vscode.github/dedee_030224/zazz_070224/xxxs_070224.d; 070224; 10M
/home/harodonw/.vscode-server/data/logs/20240203T053829/exthost4/vscode.github/dedee_030224/zazz_070224/xxxs_070224.d; 070224; 10M
/home/harodonw/.vscode-server/data/logs/20240203T053829/exthost4/vscode.github/dedee_030224/zazz_070224/xxxs_070224.d; 070224; 10M
/home/harodonw/.vscode-server/data/logs/20240203T053829/exthost4/vscode.github/dedee_030224/zazz_070224/sxsss_070224.cdd; 070224; 10M
/home/harodonw/.vscode-server/data/logs/20240203T053829/exthost4/vscode.github/dedee_030224/zazz_070224/sxsss_070224.cdd; 070224; 10M
/home/harodonw/.vscode-server/data/logs/20240203T053829/exthost4/vscode.github/dedee_030224/zazz_070224/sxsss_070224.cdd; 070224; 10M
/home/harodonw/.vscode-server/data/logs/20240203T053829/exthost4/vscode.github/dedee_030224/zazz_070224/sxsss_070224.cdd; 070224; 10M
/home/harodonw/.vscode-server/data/logs/20240203T053829/exthost4/vscode.github/dedee_030224/zazz_070224/sxsss_070224.cdd; 070224; 10M
/home/harodonw/.vscode-server/data/logs/20240203T053829/exthost4/vscode.github/dedee_030224/zazz_070224/sxsss_070224.cdd; 070224; 10M
/home/harodonw/.vscode-server/data/logs/20240203T053829/exthost4/ddeddd_030224/zazz_070224/ssxxxx_070224.ddd; 070224; 10M
/home/harodonw/.vscode-server/data/logs/20240203T053829/exthost4/ddeddd_030224/zazz_070224/sxxx_070224.d; 070224; 10M
/home/harodonw/.vscode-server/data/logs/20240203T053829/exthost4/ddeddd_030224/zazz_070224/xssss_070224.cdd; 070224; 10M
/home/harodonw/.vscode-server/data/logs/20240203T053829/exthost4/ddeddd_030224/zazz_070224/sxxxx_070224.cd; 070224; 10M
/home/harodonw/.vscode-server/data/logs/20240203T053829/exthost4/ddeddd_030224/zazz_070224/sxxxx_070224.cd; 070224; 10M
/home/harodonw/.vscode-server/data/logs/20240201T110751/zazz_070224/xxxxxs_070224.dcd; 070224; 10M
/home/harodonw/.vscode-server/data/logs/20240201T110751/zazz_070224/sxsx_070224.d; 070224; 10M
/home/harodonw/.vscode-server/data/logs/20240201T110751/zazz_070224/sxsx_070224.d; 070224; 10M
/home/harodonw/.vscode-server/data/logs/20240201T110751/zazz_070224/sxsx_070224.d; 070224; 10M
/home/harodonw/.vscode-server/data/logs/20240201T110751/zazz_070224/sssx_070224.cc; 070224; 10M
/home/harodonw/.vscode-server/data/logs/20240201T110751/dedee_030224/zazz_070224/xsxs_070224.dd; 070224; 10M
/home/harodonw/.vscode-server/data/logs/20240201T110751/dedee_030224/zazz_070224/xsssssx_070224.ddd; 070224; 10M
/home/harodonw/.vscode-server/data/logs/20240201T110751/dedee_030224/zazz_070224/xsssssx_070224.ddd; 070224; 10M
/home/harodonw/.vscode-server/data/logs/20240201T110751/dedee_030224/zazz_070224/sxxssx_070224.cc; 070224; 10M
/home/harodonw/.vscode-server/data/logs/20240201T110751/dedee_030224/zazz_070224/xxxsxss_070224.d; 070224; 10M
/home/harodonw/.vscode-server/data/logs/20240201T110751/exthost1/zazz_070224/xsxsxxs_070224.dc; 070224; 10M
/home/harodonw/.vscode-server/data/logs/20240201T110751/exthost1/zazz_070224/xsxsxxs_070224.dc; 070224; 10M
/home/harodonw/.vscode-server/data/logs/20240201T110751/exthost1/zazz_070224/xxxs_070224.cc; 070224; 10M
/home/harodonw/.vscode-server/data/logs/20240201T110751/exthost1/zazz_070224/xxxxxxs_070224.c; 070224; 10M
/home/harodonw/.vscode-server/data/logs/20240201T110751/exthost1/zazz_070224/xxxssss_070224.dd; 070224; 10M
/home/harodonw/.vscode-server/data/logs/20240201T110751/exthost1/dedee_030224/zazz_070224/xssxxsx_070224.c; 070224; 10M
/home/harodonw/.vscode-server/data/logs/20240201T110751/exthost1/dedee_030224/zazz_070224/ssssxx_070224.dc; 070224; 10M
/home/harodonw/.vscode-server/data/logs/20240201T110751/exthost1/dedee_030224/zazz_070224/sssss_070224.d; 070224; 10M
/home/harodonw/.vscode-server/data/logs/20240201T110751/exthost1/dedee_030224/zazz_070224/sssss_070224.d; 070224; 10M
/home/harodonw/.vscode-server/data/logs/20240201T110751/exthost1/dedee_030224/zazz_070224/ssss_070224.c; 070224; 10M
/home/harodonw/.vscode-server/data/logs/20240201T110751/exthost1/vscode.git/zazz_070224/sxsxxxs_070224.dcd; 070224; 10M
/home/harodonw/.vscode-server/data/logs/20240201T110751/exthost1/vscode.git/zazz_070224/sxxx_070224.ccc; 070224; 10M
/home/harodonw/.vscode-server/data/logs/20240201T110751/exthost1/vscode.git/zazz_070224/ssxsx_070224.c; 070224; 10M
/home/harodonw/.vscode-server/data/logs/20240201T110751/exthost1/vscode.git/zazz_070224/sssxxxs_070224.dc; 070224; 10M
/home/harodonw/.vscode-server/data/logs/20240201T110751/exthost1/vscode.git/zazz_070224/sssxxxs_070224.dc; 070224; 10M
/home/harodonw/.vscode-server/data/logs/20240201T110751/exthost1/vscode.git/zazz_070224/sssxxxs_070224.dc; 070224; 10M
/home/harodonw/.vscode-server/data/logs/20240201T110751/exthost1/vscode.git/zazz_070224/sssxxxs_070224.dc; 070224; 10M
/home/harodonw/.vscode-server/data/logs/20240201T110751/exthost1/vscode.git/dedee_030224/zazz_070224/xxxsx_070224.cc; 070224; 10M
/home/harodonw/.vscode-server/data/logs/20240201T110751/exthost1/vscode.git/dedee_030224/zazz_070224/sxsx_070224.ccd; 070224; 10M
/home/harodonw/.vscode-server/data/logs/20240201T110751/exthost1/vscode.git/dedee_030224/zazz_070224/xsssxs_070224.ccd; 070224; 10M
/home/harodonw/.vscode-server/data/logs/20240201T110751/exthost1/vscode.git/ddeddd_030224/zazz_070224/sxxssxx_070224.cd; 070224; 10M
/home/harodonw/.vscode-server/data/logs/20240201T110751/exthost1/vscode.git/ddeddd_030224/zazz_070224/sxxssxx_070224.cd; 070224; 10M
/home/harodonw/.vscode-server/data/logs/20240201T110751/exthost1/vscode.git/ddeddd_030224/zazz_070224/ssssxsx_070224.ddd; 070224; 10M
/home/harodonw/.vscode-server/data/logs/20240201T110751/exthost1/vscode.git/ddeddd_030224/zazz_070224/sxsss_070224.cd; 070224; 10M
/home/harodonw/.vscode-server/data/logs/20240201T110751/exthost1/vscode.git/ddeddd_030224/zazz_070224/sxxxx_070224.ccc; 070224; 10M
/home/harodonw/.vscode-server/data/logs/20240201T110751/exthost1/vscode.github/zazz_070224/ssxxxsx_070224.cc; 070224; 10M
/home/harodonw/.vscode-server/data/logs/20240201T110751/exthost1/vscode.github/zazz_070224/sxsxxsx_070224.cc; 070224; 10M
/home/harodonw/.vscode-server/data/logs/20240201T110751/exthost1/vscode.github/zazz_070224/xxssxxx_070224.d; 070224; 10M
/home/harodonw/.vscode-server/data/logs/20240201T110751/exthost1/vscode.github/zazz_070224/xxxxxx_070224.ccd; 070224; 10M
/home/harodonw/.vscode-server/data/logs/20240201T110751/exthost1/vscode.github/zazz_070224/sxxsxsx_070224.d; 070224; 10M
/home/harodonw/.vscode-server/data/logs/20240201T110751/exthost1/vscode.github/zazz_070224/sxxsxsx_070224.d; 070224; 10M
/home/harodonw/.vscode-server/data/logs/20240201T110751/exthost1/vscode.github/zazz_070224/sxxsxsx_070224.d; 070224; 10M
/home/harodonw/.vscode-server/data/logs/20240201T110751/exthost1/vscode.github/dedee_030224/zazz_070224/sssxxx_070224.dc; 070224; 10M
/home/harodonw/.vscode-server/data/logs/20240201T110751/exthost1/vscode.github/dedee_030224/zazz_070224/sssxxx_070224.dc; 070224; 10M
/home/harodonw/.vscode-server/data/logs/20240201T110751/exthost1/vscode.github/dedee_030224/zazz_070224/xssxxsx_070224.ddd; 070224; 10M
/home/harodonw/.vscode-server/data/logs/20240201T110751/exthost1/vscode.github/ddeddd_030224/zazz_070224/xsssxxs_070224.c; 070224; 10M
/home/harodonw/.vscode-server/data/logs/20240201T110751/exthost1/vscode.github/ddeddd_030224/zazz_070224/xxss_070224.c; 070224; 10M
/home/harodonw/.vscode-server/data/logs/20240201T110751/exthost1/vscode.github/ddeddd_030224/zazz_070224/xsxsxs_070224.dc; 070224; 10M
/home/harodonw/.vscode-server/data/logs/20240201T110751/exthost1/vscode.github/ddeddd_030224/zazz_070224/xssxx_070224.d; 070224; 10M
/home/harodonw/.vscode-server/data/logs/20240201T110751/exthost1/vscode.github/ddeddd_030224/zazz_070224/xxxx_070224.dcc; 070224; 10M
/home/harodonw/.vscode-server/data/logs/20240201T110751/exthost1/vscode.github/ddeddd_030224/zazz_070224/xxxx_070224.dcc; 070224; 10M
/home/harodonw/.vscode-server/data/logs/20240201T110751/exthost1/ddeddd_030224/zazz_070224/xxxssxs_070224.ccd; 070224; 10M
/home/harodonw/.vscode-server/data/logs/20240201T110751/exthost1/ddeddd_030224/zazz_070224/xxxss_070224.dd; 070224; 10M
/home/harodonw/.vscode-server/data/logs/20240201T110751/exthost1/ddeddd_030224/zazz_070224/ssxsxx_070224.cdc; 070224; 10M
/home/harodonw/.vscode-server/data/logs/20240201T110751/exthost1/ddeddd_030224/zazz_070224/xxxsxsx_070224.ccd; 070224; 10M
/home/harodonw/.vscode-server/data/logs/20240201T110751/exthost1/ddeddd_030224/zazz_070224/xxxsxsx_070224.ccd; 070224; 10M
/home/harodonw/.vscode-server/data/logs/20240201T110751/exthost1/ddeddd_030224/zazz_070224/xxxsxsx_070224.ccd; 070224; 10M
/home/harodonw/.vscode-server/data/logs/20240201T110751/ddeddd_030224/zazz_070224/xxsss_070224.d; 070224; 10M
/home/harodonw/.vscode-server/data/logs/20240201T110751/ddeddd_030224/zazz_070224/xxsss_070224.d; 070224; 10M
/home/harodonw/.vscode-server/data/logs/20240201T110751/ddeddd_030224/zazz_070224/xxsss_070224.d; 070224; 10M
/home/harodonw/.vscode-server/data/logs/20240206T224203/zazz_070224/xxssx_070224.d; 070224; 10M
/home/harodonw/.vscode-server/data/logs/20240206T224203/zazz_070224/ssxssx_070224.ccc; 070224; 10M
/home/harodonw/.vscode-server/data/logs/20240206T224203/zazz_070224/ssxssx_070224.ccc; 070224; 10M
/home/harodonw/.vscode-server/data/logs/20240206T224203/zazz_070224/sxsx_070224.dc; 070224; 10M
/home/harodonw/.vscode-server/data/logs/20240206T224203/zazz_070224/sxsx_070224.dcd; 070224; 10M
/home/harodonw/.vscode-server/data/logs/20240206T224203/exthost1/zazz_070224/xxxs_070224.dcc; 070224; 10M
/home/harodonw/.vscode-server/data/logs/20240206T224203/exthost1/zazz_070224/ssss_070224.ddc; 070224; 10M
/home/harodonw/.vscode-server/data/logs/20240206T224203/exthost1/zazz_070224/sssxs_070224.d; 070224; 10M
/home/harodonw/.vscode-server/data/logs/20240206T224203/exthost1/zazz_070224/xxsx_070224.cdc; 070224; 10M
/home/harodonw/.vscode-server/data/logs/20240206T224203/exthost1/zazz_070224/xsss_070224.ddd; 070224; 10M
/home/harodonw/.vscode-server/data/logs/20240206T224203/exthost1/vscode.git/zazz_070224/xxxssx_070224.dcc; 070224; 10M
/home/harodonw/.vscode-server/data/logs/20240206T224203/exthost1/vscode.git/zazz_070224/ssxxxs_070224.cdd; 070224; 10M
/home/harodonw/.vscode-server/data/logs/20240206T224203/exthost1/vscode.git/zazz_070224/ssssx_070224.cdc; 070224; 10M
/home/harodonw/.vscode-server/data/logs/20240206T224203/exthost1/vscode.git/zazz_070224/xsxxx_070224.cd; 070224; 10M
/home/harodonw/.vscode-server/data/logs/20240206T224203/exthost1/vscode.git/zazz_070224/sxxxs_070224.cd; 070224; 10M
/home/harodonw/.vscode-server/data/logs/20240206T224203/exthost1/vscode.github/zazz_070224/xxsxxs_070224.dc; 070224; 10M
/home/harodonw/.vscode-server/data/logs/20240206T224203/exthost1/vscode.github/zazz_070224/xxsx_070224.cc; 070224; 10M
/home/harodonw/.vscode-server/data/logs/20240206T224203/exthost1/vscode.github/zazz_070224/xxsx_070224.cc; 070224; 10M
/home/harodonw/.vscode-server/data/logs/20240206T224203/exthost1/vscode.github/zazz_070224/xxsx_070224.cc; 070224; 10M
/home/harodonw/.vscode-server/data/logs/20240206T224203/exthost1/vscode.github/zazz_070224/xxxxxxs_070224.cc; 070224; 10M
/home/harodonw/.vscode-server/data/logs/20240201T151936/zazz_070224/sssxxxs_070224.cd; 070224; 10M
/home/harodonw/.vscode-server/data/logs/20240201T151936/zazz_070224/sssxx_070224.c; 070224; 10M
/home/zaz_090224/zzaaz_090224.aaa; 090224; 50M
/home/zaz_090224/azza_090224.a; 090224; 50M
/home/zaz_090224/azza_090224.a; 090224; 50M
/home/zaz_090224/zazaaa_090224.zaa; 090224; 50M
/home/zaz_090224/aaza_090224.a; 090224; 50M
/home/zaz_090224/aaza_090224.a; 090224; 50M
/home/harodonw/zaz_090224/zzaaaz_090224.aa; 090224; 50M
/home/harodonw/zaz_090224/aaazzzz_090224.azz; 090224; 50M
/home/harodonw/zaz_090224/azaz_090224.aa; 090224; 50M
/home/harodonw/zaz_090224/aaza_090224.za; 090224; 50M
/home/harodonw/zaz_090224/aaza_090224.za; 090224; 50M
/home/harodonw/.vscode-server/zaz_090224/aazaza_090224.aa; 090224; 50M
/home/harodonw/.vscode-server/zaz_090224/zzzzaaz_090224.zzz; 090224; 50M
/home/harodonw/.vscode-server/zaz_090224/zazaaa_090224.aaa; 090224; 50M
/home/harodonw/.vscode-server/zaz_090224/zazazz_090224.zz; 090224; 50M
/home/harodonw/.vscode-server/zaz_090224/zazazz_090224.zz; 090224; 50M
/home/harodonw/.vscode-server/zaz_090224/zazazz_090224.zz; 090224; 50M
/home/harodonw/.vscode-server/dedee_030224/zaz_090224/zazz_090224.aaa; 090224; 50M
/home/harodonw/.vscode-server/dedee_030224/zaz_090224/zaaaza_090224.az; 090224; 50M
/home/harodonw/.vscode-server/dedee_030224/zaz_090224/zzzazz_090224.aaz; 090224; 50M
/home/harodonw/.vscode-server/dedee_030224/zaz_090224/zzzazz_090224.aaz; 090224; 50M
/home/harodonw/.vscode-server/dedee_030224/zazz_070224/zaz_090224/zaaaza_090224.z; 090224; 50M
/home/harodonw/.vscode-server/dedee_030224/zazz_070224/zaz_090224/azzza_090224.zza; 090224; 50M
/home/harodonw/.vscode-server/dedee_030224/zazz_070224/zaz_090224/zzzaz_090224.zza; 090224; 50M
/home/harodonw/.vscode-server/dedee_030224/zazz_070224/zaz_090224/zzzaz_090224.zza; 090224; 50M
/home/harodonw/.vscode-server/bin/zaz_090224/azaa_090224.a; 090224; 50M
/home/harodonw/.vscode-server/bin/zaz_090224/zzazzzz_090224.aaa; 090224; 50M
/home/harodonw/.vscode-server/bin/zaz_090224/azzz_090224.zaz; 090224; 50M
/home/harodonw/.vscode-server/bin/zaz_090224/azzz_090224.zaz; 090224; 50M
/home/harodonw/.vscode-server/bin/zaz_090224/aazaz_090224.aa; 090224; 50M
/home/harodonw/.vscode-server/bin/d045a5eda657f4d7b676dedbfa7aab8207f8a075/zaz_090224/aazaaaa_090224.zaa; 090224; 50M
/home/harodonw/.vscode-server/bin/d045a5eda657f4d7b676dedbfa7aab8207f8a075/zaz_090224/azzzaz_090224.az; 090224; 50M
/home/harodonw/.vscode-server/bin/d045a5eda657f4d7b676dedbfa7aab8207f8a075/zaz_090224/azzzaz_090224.az; 090224; 50M
/home/harodonw/.vscode-server/bin/d045a5eda657f4d7b676dedbfa7aab8207f8a075/zaz_090224/aazaa_090224.zzz; 090224; 50M
/home/harodonw/.vscode-server/bin/d045a5eda657f4d7b676dedbfa7aab8207f8a075/zaz_090224/zzza_090224.za; 090224; 50M
/home/harodonw/.vscode-server/bin/d045a5eda657f4d7b676dedbfa7aab8207f8a075/zaz_090224/zzza_090224.za; 090224; 50M
/home/harodonw/.vscode-server/bin/d045a5eda657f4d7b676dedbfa7aab8207f8a075/zaz_090224/zzza_090224.za; 090224; 50M
/home/harodonw/.vscode-server/bin/d045a5eda657f4d7b676dedbfa7aab8207f8a075/zaz_090224/zzza_090224.za; 090224; 50M
/home/harodonw/.vscode-server/bin/d045a5eda657f4d7b676dedbfa7aab8207f8a075/zaz_090224/zzza_090224.za; 090224; 50M
/home/harodonw/.vscode-server/bin/d045a5eda657f4d7b676dedbfa7aab8207f8a075/out/zaz_090224/zazz_090224.aza; 090224; 50M
/home/harodonw/.vscode-server/bin/d045a5eda657f4d7b676dedbfa7aab8207f8a075/out/vs/zaz_090224/zaaaz_090224.z; 090224; 50M
/home/harodonw/.vscode-server/bin/d045a5eda657f4d7b676dedbfa7aab8207f8a075/out/vs/zaz_090224/aazz_090224.zza; 090224; 50M
/home/harodonw/.vscode-server/bin/d045a5eda657f4d7b676dedbfa7aab8207f8a075/out/vs/zaz_090224/azzzz_090224.z; 090224; 50M
/home/harodonw/.vscode-server/bin/d045a5eda657f4d7b676dedbfa7aab8207f8a075/out/vs/zaz_090224/zzza_090224.a; 090224; 50M
/home/harodonw/.vscode-server/bin/d045a5eda657f4d7b676dedbfa7aab8207f8a075/out/vs/zaz_090224/zaaaa_090224.az; 090224; 50M
/home/harodonw/.vscode-server/bin/d045a5eda657f4d7b676dedbfa7aab8207f8a075/out/vs/platform/zaz_090224/zazzazz_090224.z; 090224; 50M
/home/harodonw/.vscode-server/bin/d045a5eda657f4d7b676dedbfa7aab8207f8a075/out/vs/platform/zaz_090224/azaaaa_090224.za; 090224; 50M
/home/harodonw/.vscode-server/bin/d045a5eda657f4d7b676dedbfa7aab8207f8a075/out/vs/platform/zaz_090224/aaaz_090224.z; 090224; 50M
/home/harodonw/.vscode-server/bin/d045a5eda657f4d7b676dedbfa7aab8207f8a075/out/vs/platform/zaz_090224/aaaz_090224.z; 090224; 50M
/home/harodonw/.vscode-server/bin/d045a5eda657f4d7b676dedbfa7aab8207f8a075/out/vs/platform/zaz_090224/aaaz_090224.z; 090224; 50M
/home/harodonw/.vscode-server/bin/d045a5eda657f4d7b676dedbfa7aab8207f8a075/out/vs/platform/terminal/zaz_090224/zaaaza_090224.azz; 090224; 50M
/home/harodonw/.vscode-server/bin/d045a5eda657f4d7b676dedbfa7aab8207f8a075/out/vs/platform/terminal/zaz_090224/azaaa_090224.zz; 090224; 50M
/home/harodonw/.vscode-server/bin/d045a5eda657f4d7b676dedbfa7aab8207f8a075/out/vs/platform/terminal/zaz_090224/zzzzaz_090224.aa; 090224; 50M
/home/harodonw/.vscode-server/bin/d045a5eda657f4d7b676dedbfa7aab8207f8a075/out/vs/platform/terminal/zaz_090224/zazza_090224.a; 090224; 50M
/home/harodonw/.vscode-server/bin/d045a5eda657f4d7b676dedbfa7aab8207f8a075/out/vs/platform/terminal/zaz_090224/azaaa_090224.zza; 090224; 50M
/home/harodonw/.vscode-server/bin/d045a5eda657f4d7b676dedbfa7aab8207f8a075/out/vs/platform/terminal/node/zaz_090224/zzaaa_090224.zz; 090224; 50M
/home/harodonw/.vscode-server/bin/d045a5eda657f4d7b676dedbfa7aab8207f8a075/out/vs/platform/terminal/node/zaz_090224/aaaaa_090224.zaa; 090224; 50M
/home/harodonw/.vscode-server/bin/d045a5eda657f4d7b676dedbfa7aab8207f8a075/out/vs/platform/terminal/node/zaz_090224/aazzzaa_090224.aa; 090224; 50M
/home/harodonw/.vscode-server/bin/d045a5eda657f4d7b676dedbfa7aab8207f8a075/out/vs/platform/terminal/node/zaz_090224/aaaaa_090224.zz; 090224; 50M
/home/harodonw/.vscode-server/bin/d045a5eda657f4d7b676dedbfa7aab8207f8a075/out/vs/platform/terminal/node/zaz_090224/zaaza_090224.za; 090224; 50M
/home/harodonw/.vscode-server/bin/d045a5eda657f4d7b676dedbfa7aab8207f8a075/out/vs/platform/files/zaz_090224/azaz_090224.z; 090224; 50M
/home/harodonw/.vscode-server/bin/d045a5eda657f4d7b676dedbfa7aab8207f8a075/out/vs/platform/files/zaz_090224/azaz_090224.z; 090224; 50M
/home/harodonw/.vscode-server/bin/d045a5eda657f4d7b676dedbfa7aab8207f8a075/out/vs/platform/files/zaz_090224/zzzaaza_090224.z; 090224; 50M
/home/harodonw/.vscode-server/bin/d045a5eda657f4d7b676dedbfa7aab8207f8a075/out/vs/platform/files/zaz_090224/zzazz_090224.a; 090224; 50M
/home/harodonw/.vscode-server/bin/d045a5eda657f4d7b676dedbfa7aab8207f8a075/out/vs/platform/files/zaz_090224/zzazz_090224.a; 090224; 50M
/home/harodonw/.vscode-server/bin/d045a5eda657f4d7b676dedbfa7aab8207f8a075/out/vs/platform/files/node/zaz_090224/azzaz_090224.zza; 090224; 50M
/home/harodonw/.vscode-server/bin/d045a5eda657f4d7b676dedbfa7aab8207f8a075/out/vs/platform/files/node/zaz_090224/azzaz_090224.zza; 090224; 50M
/home/harodonw/.vscode-server/bin/d045a5eda657f4d7b676dedbfa7aab8207f8a075/out/vs/platform/files/node/zaz_090224/azzzzz_090224.az; 090224; 50M
/home/harodonw/.vscode-server/bin/d045a5eda657f4d7b676dedbfa7aab8207f8a075/out/vs/platform/files/node/zaz_090224/azzzzz_090224.az; 090224; 50M
/home/harodonw/.vscode-server/bin/d045a5eda657f4d7b676dedbfa7aab8207f8a075/out/vs/platform/files/node/zaz_090224/zaazaaa_090224.z; 090224; 50M
/home/harodonw/.vscode-server/bin/d045a5eda657f4d7b676dedbfa7aab8207f8a075/out/vs/platform/files/node/watcher/zaz_090224/zaza_090224.a; 090224; 50M
/home/harodonw/.vscode-server/bin/d045a5eda657f4d7b676dedbfa7aab8207f8a075/out/vs/platform/files/node/watcher/zaz_090224/zaza_090224.a; 090224; 50M
/home/harodonw/.vscode-server/bin/d045a5eda657f4d7b676dedbfa7aab8207f8a075/out/vs/platform/files/node/watcher/zaz_090224/aaazaaa_090224.a; 090224; 50M
/home/harodonw/.vscode-server/bin/d045a5eda657f4d7b676dedbfa7aab8207f8a075/out/vs/platform/files/node/watcher/zaz_090224/aaazaaa_090224.a; 090224; 50M
/home/harodonw/.vscode-server/bin/d045a5eda657f4d7b676dedbfa7aab8207f8a075/out/vs/platform/files/node/watcher/zaz_090224/aaazaaa_090224.a; 090224; 50M
/home/harodonw/.vscode-server/bin/d045a5eda657f4d7b676dedbfa7aab8207f8a075/out/vs/server/zaz_090224/zaza_090224.a; 090224; 50M
/home/harodonw/.vscode-server/bin/d045a5eda657f4d7b676dedbfa7aab8207f8a075/out/vs/server/zaz_090224/aaazz_090224.aa; 090224; 50M
/home/harodonw/.vscode-server/bin/d045a5eda657f4d7b676dedbfa7aab8207f8a075/out/vs/server/zaz_090224/azzazza_090224.az; 090224; 50M
/home/harodonw/.vscode-server/bin/d045a5eda657f4d7b676dedbfa7aab8207f8a075/out/vs/server/zaz_090224/azzazza_090224.az; 090224; 50M
/home/harodonw/.vscode-server/bin/d045a5eda657f4d7b676dedbfa7aab8207f8a075/out/vs/server/zaz_090224/zazzz_090224.zz; 090224; 50M
/home/harodonw/.vscode-server/bin/d045a5eda657f4d7b676dedbfa7aab8207f8a075/out/vs/server/node/zaz_090224/azzzaaz_090224.a; 090224; 50M
/home/harodonw/.vscode-server/bin/d045a5eda657f4d7b676dedbfa7aab8207f8a075/out/vs/server/node/zaz_090224/aazza_090224.z; 090224; 50M
/home/harodonw/.vscode-server/bin/d045a5eda657f4d7b676dedbfa7aab8207f8a075/out/vs/server/node/zaz_090224/aazza_090224.z; 090224; 50M
/home/harodonw/.vscode-server/bin/d045a5eda657f4d7b676dedbfa7aab8207f8a075/out/vs/server/node/zaz_090224/zaazz_090224.zaa; 090224; 50M
/home/harodonw/.vscode-server/bin/d045a5eda657f4d7b676dedbfa7aab8207f8a075/out/vs/server/node/zaz_090224/azzzzz_090224.a; 090224; 50M
/home/harodonw/.vscode-server/bin/d045a5eda657f4d7b676dedbfa7aab8207f8a075/out/vs/server/node/zaz_090224/azzzzz_090224.a; 090224; 50M
/home/harodonw/.vscode-server/bin/d045a5eda657f4d7b676dedbfa7aab8207f8a075/out/vs/server/node/zaz_090224/azzzzz_090224.a; 090224; 50M
/home/harodonw/.vscode-server/bin/d045a5eda657f4d7b676dedbfa7aab8207f8a075/out/vs/server/node/zaz_090224/azzzzz_090224.a; 090224; 50M
/home/harodonw/.vscode-server/bin/d045a5eda657f4d7b676dedbfa7aab8207f8a075/out/vs/workbench/zaz_090224/zzaazaa_090224.az; 090224; 50M
/home/harodonw/.vscode-server/bin/d045a5eda657f4d7b676dedbfa7aab8207f8a075/out/vs/workbench/zaz_090224/zzaazaa_090224.az; 090224; 50M
/home/harodonw/.vscode-server/bin/d045a5eda657f4d7b676dedbfa7aab8207f8a075/out/vs/workbench/api/zaz_090224/zzzaaza_090224.a; 090224; 50M
/home/harodonw/.vscode-server/bin/d045a5eda657f4d7b676dedbfa7aab8207f8a075/out/vs/workbench/api/zaz_090224/azzzz_090224.zzz; 090224; 50M
/home/harodonw/.vscode-server/bin/d045a5eda657f4d7b676dedbfa7aab8207f8a075/out/vs/workbench/api/zaz_090224/azaz_090224.az; 090224; 50M
/home/harodonw/.vscode-server/bin/d045a5eda657f4d7b676dedbfa7aab8207f8a075/out/vs/workbench/api/zaz_090224/azaz_090224.az; 090224; 50M
/home/harodonw/.vscode-server/bin/d045a5eda657f4d7b676dedbfa7aab8207f8a075/out/vs/workbench/api/zaz_090224/azaazz_090224.aa; 090224; 50M
/home/harodonw/.vscode-server/bin/d045a5eda657f4d7b676dedbfa7aab8207f8a075/out/vs/workbench/api/node/zaz_090224/zaaazza_090224.za; 090224; 50M
/home/harodonw/.vscode-server/bin/d045a5eda657f4d7b676dedbfa7aab8207f8a075/out/vs/workbench/api/node/zaz_090224/azzzaaa_090224.az; 090224; 50M
/home/harodonw/.vscode-server/bin/d045a5eda657f4d7b676dedbfa7aab8207f8a075/out/vs/workbench/api/node/zaz_090224/zzaaa_090224.zzz; 090224; 50M
/home/harodonw/.vscode-server/bin/d045a5eda657f4d7b676dedbfa7aab8207f8a075/out/vs/workbench/api/node/zaz_090224/zzaz_090224.za; 090224; 50M
/home/harodonw/.vscode-server/bin/d045a5eda657f4d7b676dedbfa7aab8207f8a075/out/vs/workbench/api/node/zaz_090224/zzazaa_090224.aa; 090224; 50M
/home/harodonw/.vscode-server/bin/d045a5eda657f4d7b676dedbfa7aab8207f8a075/out/vs/workbench/contrib/zaz_090224/azaazza_090224.aza; 090224; 50M
/home/harodonw/.vscode-server/bin/d045a5eda657f4d7b676dedbfa7aab8207f8a075/out/vs/workbench/contrib/zaz_090224/aaza_090224.zz; 090224; 50M
/home/harodonw/.vscode-server/bin/d045a5eda657f4d7b676dedbfa7aab8207f8a075/out/vs/workbench/contrib/zaz_090224/aaza_090224.zz; 090224; 50M
/home/harodonw/.vscode-server/bin/d045a5eda657f4d7b676dedbfa7aab8207f8a075/out/vs/workbench/contrib/zaz_090224/zzzzaz_090224.zz; 090224; 50M
/home/harodonw/.vscode-server/bin/d045a5eda657f4d7b676dedbfa7aab8207f8a075/out/vs/workbench/contrib/zaz_090224/zzzzaz_090224.zz; 090224; 50M
/home/harodonw/.vscode-server/bin/d045a5eda657f4d7b676dedbfa7aab8207f8a075/out/vs/workbench/contrib/terminal/zaz_090224/zaza_090224.zz; 090224; 50M
/home/harodonw/.vscode-server/bin/d045a5eda657f4d7b676dedbfa7aab8207f8a075/out/vs/workbench/contrib/terminal/zaz_090224/aaaaaza_090224.aza; 090224; 50M
/home/harodonw/.vscode-server/bin/d045a5eda657f4d7b676dedbfa7aab8207f8a075/out/vs/workbench/contrib/terminal/zaz_090224/zzaaz_090224.za; 090224; 50M
/home/harodonw/.vscode-server/bin/d045a5eda657f4d7b676dedbfa7aab8207f8a075/out/vs/workbench/contrib/terminal/zaz_090224/aazzz_090224.aaa; 090224; 50M
/home/harodonw/.vscode-server/bin/d045a5eda657f4d7b676dedbfa7aab8207f8a075/out/vs/workbench/contrib/terminal/zaz_090224/aazzz_090224.aaa; 090224; 50M
/home/harodonw/.vscode-server/bin/d045a5eda657f4d7b676dedbfa7aab8207f8a075/out/vs/workbench/contrib/terminal/browser/zaz_090224/zzaa_090224.za; 090224; 50M
/home/harodonw/.vscode-server/bin/d045a5eda657f4d7b676dedbfa7aab8207f8a075/out/vs/workbench/contrib/terminal/browser/zaz_090224/zzzaz_090224.zza; 090224; 50M
/home/harodonw/.vscode-server/bin/d045a5eda657f4d7b676dedbfa7aab8207f8a075/out/vs/workbench/contrib/terminal/browser/zaz_090224/aaaazza_090224.zaa; 090224; 50M
/home/harodonw/.vscode-server/bin/d045a5eda657f4d7b676dedbfa7aab8207f8a075/out/vs/workbench/contrib/terminal/browser/zaz_090224/aaaazza_090224.zaa; 090224; 50M
/home/harodonw/.vscode-server/bin/d045a5eda657f4d7b676dedbfa7aab8207f8a075/out/vs/workbench/contrib/terminal/browser/zaz_090224/zzazza_090224.z; 090224; 50M
/home/harodonw/.vscode-server/bin/d045a5eda657f4d7b676dedbfa7aab8207f8a075/out/vs/workbench/contrib/terminal/browser/media/zaz_090224/zzazzzz_090224.a; 090224; 50M
/home/harodonw/.vscode-server/bin/d045a5eda657f4d7b676dedbfa7aab8207f8a075/out/vs/workbench/contrib/terminal/browser/media/zaz_090224/aaaaaza_090224.az; 090224; 50M
/home/harodonw/.vscode-server/bin/d045a5eda657f4d7b676dedbfa7aab8207f8a075/out/vs/workbench/contrib/terminal/browser/media/zaz_090224/zazz_090224.z; 090224; 50M
/home/harodonw/.vscode-server/bin/d045a5eda657f4d7b676dedbfa7aab8207f8a075/out/vs/workbench/contrib/terminal/browser/media/zaz_090224/zzazza_090224.aza; 090224; 50M
/home/harodonw/.vscode-server/bin/d045a5eda657f4d7b676dedbfa7aab8207f8a075/out/vs/workbench/contrib/terminal/browser/media/zaz_090224/zzazzzz_090224.zz; 090224; 50M
/home/harodonw/.vscode-server/bin/d045a5eda657f4d7b676dedbfa7aab8207f8a075/out/vs/base/zaz_090224/zazz_090224.a; 090224; 50M
/home/harodonw/.vscode-server/bin/d045a5eda657f4d7b676dedbfa7aab8207f8a075/out/vs/base/zaz_090224/azazzzz_090224.az; 090224; 50M
/home/harodonw/.vscode-server/bin/d045a5eda657f4d7b676dedbfa7aab8207f8a075/out/vs/base/zaz_090224/zaaa_090224.a; 090224; 50M
/home/harodonw/.vscode-server/bin/d045a5eda657f4d7b676dedbfa7aab8207f8a075/out/vs/base/zaz_090224/zzaa_090224.aa; 090224; 50M
/home/harodonw/.vscode-server/bin/d045a5eda657f4d7b676dedbfa7aab8207f8a075/out/vs/base/zaz_090224/zazzza_090224.a; 090224; 50M
/home/harodonw/.vscode-server/bin/d045a5eda657f4d7b676dedbfa7aab8207f8a075/out/vs/base/node/zaz_090224/aazzaa_090224.a; 090224; 50M
/home/harodonw/.vscode-server/bin/d045a5eda657f4d7b676dedbfa7aab8207f8a075/out/vs/base/node/zaz_090224/azzaa_090224.aaa; 090224; 50M
/home/harodonw/.vscode-server/bin/d045a5eda657f4d7b676dedbfa7aab8207f8a075/out/vs/base/node/zaz_090224/azzaa_090224.aaa; 090224; 50M
/home/harodonw/.vscode-server/bin/d045a5eda657f4d7b676dedbfa7aab8207f8a075/out/vs/base/node/zaz_090224/azzaa_090224.aaa; 090224; 50M
/home/harodonw/.vscode-server/bin/d045a5eda657f4d7b676dedbfa7aab8207f8a075/out/vs/base/node/zaz_090224/zazzz_090224.zza; 090224; 50M
/home/harodonw/.vscode-server/bin/d045a5eda657f4d7b676dedbfa7aab8207f8a075/out/vs/base/node/zaz_090224/zazzz_090224.zza; 090224; 50M
/home/harodonw/.vscode-server/bin/d045a5eda657f4d7b676dedbfa7aab8207f8a075/out/vs/base/common/zaz_090224/zazaaaa_090224.z; 090224; 50M
/home/harodonw/.vscode-server/bin/d045a5eda657f4d7b676dedbfa7aab8207f8a075/out/vs/base/common/zaz_090224/zzaa_090224.zaz; 090224; 50M
/home/harodonw/.vscode-server/bin/d045a5eda657f4d7b676dedbfa7aab8207f8a075/out/vs/base/common/zaz_090224/zazaazz_090224.a; 090224; 50M
/home/harodonw/.vscode-server/bin/d045a5eda657f4d7b676dedbfa7aab8207f8a075/out/vs/base/common/zaz_090224/azzaa_090224.a; 090224; 50M
/home/harodonw/.vscode-server/bin/d045a5eda657f4d7b676dedbfa7aab8207f8a075/bin/zaz_090224/aaazazz_090224.a; 090224; 50M
/home/harodonw/.vscode-server/bin/d045a5eda657f4d7b676dedbfa7aab8207f8a075/bin/zaz_090224/aaazazz_090224.a; 090224; 50M
/home/harodonw/.vscode-server/bin/d045a5eda657f4d7b676dedbfa7aab8207f8a075/bin/zaz_090224/aaaaaaa_090224.zzz; 090224; 50M
/home/harodonw/.vscode-server/bin/d045a5eda657f4d7b676dedbfa7aab8207f8a075/bin/zaz_090224/zaazza_090224.az; 090224; 50M
/home/harodonw/.vscode-server/bin/d045a5eda657f4d7b676dedbfa7aab8207f8a075/bin/zaz_090224/aaazaa_090224.zzz; 090224; 50M
/home/harodonw/.vscode-server/bin/d045a5eda657f4d7b676dedbfa7aab8207f8a075/bin/remote-cli/zaz_090224/aaazaaa_090224.zz; 090224; 50M
/home/harodonw/.vscode-server/bin/d045a5eda657f4d7b676dedbfa7aab8207f8a075/bin/remote-cli/zaz_090224/azza_090224.aa; 090224; 50M
/home/harodonw/.vscode-server/bin/d045a5eda657f4d7b676dedbfa7aab8207f8a075/bin/remote-cli/zaz_090224/azaaaaa_090224.a; 090224; 50M
/home/harodonw/.vscode-server/bin/d045a5eda657f4d7b676dedbfa7aab8207f8a075/bin/remote-cli/zaz_090224/zzzzaaz_090224.aaa; 090224; 50M
/home/harodonw/.vscode-server/bin/d045a5eda657f4d7b676dedbfa7aab8207f8a075/bin/remote-cli/zaz_090224/zzzzaaz_090224.aaa; 090224; 50M
/home/harodonw/.vscode-server/bin/d045a5eda657f4d7b676dedbfa7aab8207f8a075/bin/helpers/zaz_090224/azaz_090224.zzz; 090224; 50M
/home/harodonw/.vscode-server/bin/d045a5eda657f4d7b676dedbfa7aab8207f8a075/bin/helpers/zaz_090224/azaz_090224.zzz; 090224; 50M
/home/harodonw/.vscode-server/bin/d045a5eda657f4d7b676dedbfa7aab8207f8a075/bin/helpers/zaz_090224/azzaz_090224.za; 090224; 50M
/home/harodonw/.vscode-server/bin/d045a5eda657f4d7b676dedbfa7aab8207f8a075/bin/helpers/zaz_090224/zazzaz_090224.zza; 090224; 50M
/home/harodonw/.vscode-server/bin/d045a5eda657f4d7b676dedbfa7aab8207f8a075/bin/helpers/zaz_090224/zazzaz_090224.zza; 090224; 50M
/home/harodonw/.vscode-server/bin/d045a5eda657f4d7b676dedbfa7aab8207f8a075/node_modules/zaz_090224/azaaaa_090224.aa; 090224; 50M
/home/harodonw/.vscode-server/bin/d045a5eda657f4d7b676dedbfa7aab8207f8a075/node_modules/zaz_090224/zzzzza_090224.z; 090224; 50M
/home/harodonw/.vscode-server/bin/d045a5eda657f4d7b676dedbfa7aab8207f8a075/node_modules/zaz_090224/zzzaz_090224.aa; 090224; 50M
/home/harodonw/.vscode-server/bin/d045a5eda657f4d7b676dedbfa7aab8207f8a075/node_modules/zaz_090224/zaaaaa_090224.z; 090224; 50M
/home/harodonw/.vscode-server/bin/d045a5eda657f4d7b676dedbfa7aab8207f8a075/node_modules/zaz_090224/azzzazz_090224.zza; 090224; 50M
/home/harodonw/.vscode-server/bin/d045a5eda657f4d7b676dedbfa7aab8207f8a075/node_modules/zaz_090224/azzzazz_090224.zza; 090224; 50M
/home/harodonw/.vscode-server/bin/d045a5eda657f4d7b676dedbfa7aab8207f8a075/node_modules/promise-retry/zaz_090224/zazz_090224.az; 090224; 50M
/home/harodonw/.vscode-server/bin/d045a5eda657f4d7b676dedbfa7aab8207f8a075/node_modules/promise-retry/zaz_090224/zazz_090224.az; 090224; 50M
/home/harodonw/.vscode-server/bin/d045a5eda657f4d7b676dedbfa7aab8207f8a075/node_modules/promise-retry/zaz_090224/aaazaz_090224.zaa; 090224; 50M
/home/harodonw/.vscode-server/bin/d045a5eda657f4d7b676dedbfa7aab8207f8a075/node_modules/promise-retry/zaz_090224/zaazaaz_090224.zz; 090224; 50M
/home/harodonw/.vscode-server/bin/d045a5eda657f4d7b676dedbfa7aab8207f8a075/node_modules/color-support/zaz_090224/zzaz_090224.a; 090224; 50M
/home/harodonw/.vscode-server/bin/d045a5eda657f4d7b676dedbfa7aab8207f8a075/node_modules/color-support/zaz_090224/azaazza_090224.aaz; 090224; 50M
/home/harodonw/.vscode-server/bin/d045a5eda657f4d7b676dedbfa7aab8207f8a075/node_modules/color-support/zaz_090224/aaza_090224.aa; 090224; 50M
/home/harodonw/.vscode-server/bin/d045a5eda657f4d7b676dedbfa7aab8207f8a075/node_modules/color-support/zaz_090224/aaaa_090224.aza; 090224; 50M
/home/harodonw/.vscode-server/bin/d045a5eda657f4d7b676dedbfa7aab8207f8a075/node_modules/color-support/zaz_090224/aazza_090224.zaz; 090224; 50M
/home/harodonw/.vscode-server/bin/d045a5eda657f4d7b676dedbfa7aab8207f8a075/node_modules/humanize-ms/zaz_090224/zzza_090224.zz; 090224; 50M
/home/harodonw/.vscode-server/bin/d045a5eda657f4d7b676dedbfa7aab8207f8a075/node_modules/humanize-ms/zaz_090224/azzzaza_090224.z; 090224; 50M
/home/harodonw/.vscode-server/bin/d045a5eda657f4d7b676dedbfa7aab8207f8a075/node_modules/humanize-ms/zaz_090224/aaaza_090224.aaa; 090224; 50M
/home/harodonw/.vscode-server/bin/d045a5eda657f4d7b676dedbfa7aab8207f8a075/node_modules/humanize-ms/zaz_090224/zaaz_090224.za; 090224; 50M
/home/harodonw/.vscode-server/bin/d045a5eda657f4d7b676dedbfa7aab8207f8a075/node_modules/humanize-ms/zaz_090224/zaaaa_090224.a; 090224; 50M
/home/harodonw/.vscode-server/bin/d045a5eda657f4d7b676dedbfa7aab8207f8a075/node_modules/humanize-ms/node_modules/zaz_090224/azaaaa_090224.zaz; 090224; 50M
/home/harodonw/.vscode-server/bin/d045a5eda657f4d7b676dedbfa7aab8207f8a075/node_modules/humanize-ms/node_modules/zaz_090224/zazza_090224.z; 090224; 50M
/home/harodonw/.vscode-server/bin/d045a5eda657f4d7b676dedbfa7aab8207f8a075/node_modules/humanize-ms/node_modules/zaz_090224/zaaz_090224.a; 090224; 50M
/home/harodonw/.vscode-server/bin/d045a5eda657f4d7b676dedbfa7aab8207f8a075/node_modules/humanize-ms/node_modules/zaz_090224/zaaz_090224.a; 090224; 50M
/home/harodonw/.vscode-server/bin/d045a5eda657f4d7b676dedbfa7aab8207f8a075/node_modules/humanize-ms/node_modules/zaz_090224/zaaz_090224.a; 090224; 50M
/home/harodonw/.vscode-server/bin/d045a5eda657f4d7b676dedbfa7aab8207f8a075/node_modules/humanize-ms/node_modules/ms/zaz_090224/aaaa_090224.aa; 090224; 50M
/home/harodonw/.vscode-server/bin/d045a5eda657f4d7b676dedbfa7aab8207f8a075/node_modules/humanize-ms/node_modules/ms/zaz_090224/zzza_090224.zz; 090224; 50M
/home/harodonw/.vscode-server/bin/d045a5eda657f4d7b676dedbfa7aab8207f8a075/node_modules/humanize-ms/node_modules/ms/zaz_090224/zzza_090224.aza; 090224; 50M
/home/harodonw/.vscode-server/bin/d045a5eda657f4d7b676dedbfa7aab8207f8a075/node_modules/humanize-ms/node_modules/ms/zaz_090224/aazzz_090224.zaz; 090224; 50M
/home/harodonw/.vscode-server/bin/d045a5eda657f4d7b676dedbfa7aab8207f8a075/node_modules/humanize-ms/node_modules/ms/zaz_090224/aazzz_090224.zaz; 090224; 50M
/home/harodonw/.vscode-server/bin/d045a5eda657f4d7b676dedbfa7aab8207f8a075/node_modules/signal-exit/zaz_090224/zazaazz_090224.za; 090224; 50M
/home/harodonw/.vscode-server/bin/d045a5eda657f4d7b676dedbfa7aab8207f8a075/node_modules/signal-exit/zaz_090224/azazzz_090224.z; 090224; 50M
/home/harodonw/.vscode-server/bin/d045a5eda657f4d7b676dedbfa7aab8207f8a075/node_modules/signal-exit/zaz_090224/zzzaa_090224.zaa; 090224; 50M
/home/harodonw/.vscode-server/bin/d045a5eda657f4d7b676dedbfa7aab8207f8a075/node_modules/signal-exit/zaz_090224/aazazaa_090224.z; 090224; 50M
/home/harodonw/.vscode-server/bin/d045a5eda657f4d7b676dedbfa7aab8207f8a075/node_modules/signal-exit/zaz_090224/zaazaz_090224.a; 090224; 50M
/home/harodonw/.vscode-server/bin/d045a5eda657f4d7b676dedbfa7aab8207f8a075/node_modules/isarray/zaz_090224/azaaza_090224.a; 090224; 50M
/home/harodonw/.vscode-server/bin/d045a5eda657f4d7b676dedbfa7aab8207f8a075/node_modules/isarray/zaz_090224/azaaza_090224.a; 090224; 50M
/home/harodonw/.vscode-server/bin/d045a5eda657f4d7b676dedbfa7aab8207f8a075/node_modules/isarray/zaz_090224/azaaza_090224.a; 090224; 50M
/home/harodonw/.vscode-server/bin/d045a5eda657f4d7b676dedbfa7aab8207f8a075/node_modules/isarray/zaz_090224/azaz_090224.z; 090224; 50M
/home/harodonw/.vscode-server/bin/d045a5eda657f4d7b676dedbfa7aab8207f8a075/node_modules/isarray/zaz_090224/aazzz_090224.a; 090224; 50M
/home/harodonw/.vscode-server/bin/d045a5eda657f4d7b676dedbfa7aab8207f8a075/node_modules/buffer-crc32/zaz_090224/aaaazzz_090224.zzz; 090224; 50M
/home/harodonw/.vscode-server/bin/d045a5eda657f4d7b676dedbfa7aab8207f8a075/node_modules/buffer-crc32/zaz_090224/zzzzzz_090224.az; 090224; 50M
/home/harodonw/.vscode-server/bin/d045a5eda657f4d7b676dedbfa7aab8207f8a075/node_modules/buffer-crc32/zaz_090224/zzzzzz_090224.az; 090224; 50M
/home/harodonw/.vscode-server/bin/d045a5eda657f4d7b676dedbfa7aab8207f8a075/node_modules/buffer-crc32/zaz_090224/zzzzzz_090224.az; 090224; 50M
/home/harodonw/.vscode-server/bin/d045a5eda657f4d7b676dedbfa7aab8207f8a075/node_modules/buffer-crc32/zaz_090224/zazaz_090224.za; 090224; 50M
/home/harodonw/.vscode-server/bin/d045a5eda657f4d7b676dedbfa7aab8207f8a075/node_modules/node-gyp-build/zaz_090224/zaazzz_090224.a; 090224; 50M
/home/harodonw/.vscode-server/bin/d045a5eda657f4d7b676dedbfa7aab8207f8a075/node_modules/node-gyp-build/zaz_090224/azaaaaz_090224.zzz; 090224; 50M
/home/harodonw/.vscode-server/bin/d045a5eda657f4d7b676dedbfa7aab8207f8a075/node_modules/node-gyp-build/zaz_090224/zaaaza_090224.za; 090224; 50M
/home/harodonw/.vscode-server/bin/d045a5eda657f4d7b676dedbfa7aab8207f8a075/node_modules/node-gyp-build/zaz_090224/zaaaza_090224.za; 090224; 50M
/home/harodonw/.vscode-server/bin/d045a5eda657f4d7b676dedbfa7aab8207f8a075/node_modules/node-gyp-build/zaz_090224/aaaaza_090224.zz; 090224; 50M
/home/harodonw/.vscode-server/bin/d045a5eda657f4d7b676dedbfa7aab8207f8a075/node_modules/xterm/zaz_090224/zzzzaa_090224.zz; 090224; 50M
/home/harodonw/.vscode-server/bin/d045a5eda657f4d7b676dedbfa7aab8207f8a075/node_modules/xterm/zaz_090224/zzzzaa_090224.zz; 090224; 50M
/home/harodonw/.vscode-server/bin/d045a5eda657f4d7b676dedbfa7aab8207f8a075/node_modules/xterm/zaz_090224/zzzzaa_090224.zz; 090224; 50M
/home/harodonw/.vscode-server/bin/d045a5eda657f4d7b676dedbfa7aab8207f8a075/node_modules/xterm/zaz_090224/zazaaza_090224.zz; 090224; 50M
/home/harodonw/.vscode-server/bin/d045a5eda657f4d7b676dedbfa7aab8207f8a075/node_modules/xterm/zaz_090224/zaaaaa_090224.aa; 090224; 50M
/home/harodonw/.vscode-server/bin/d045a5eda657f4d7b676dedbfa7aab8207f8a075/node_modules/xterm/zaz_090224/zaaaaa_090224.aa; 090224; 50M
/home/harodonw/.vscode-server/bin/d045a5eda657f4d7b676dedbfa7aab8207f8a075/node_modules/xterm/css/zaz_090224/azazazz_090224.zzz; 090224; 50M
/home/harodonw/.vscode-server/bin/d045a5eda657f4d7b676dedbfa7aab8207f8a075/node_modules/xterm/css/zaz_090224/zaaa_090224.zza; 090224; 50M
/home/harodonw/.vscode-server/bin/d045a5eda657f4d7b676dedbfa7aab8207f8a075/node_modules/xterm/css/zaz_090224/zaaa_090224.zza; 090224; 50M
/home/harodonw/.vscode-server/bin/d045a5eda657f4d7b676dedbfa7aab8207f8a075/node_modules/xterm/css/zaz_090224/azzaaa_090224.z; 090224; 50M
/home/harodonw/.vscode-server/bin/d045a5eda657f4d7b676dedbfa7aab8207f8a075/node_modules/xterm/lib/zaz_090224/zazaa_090224.z; 090224; 50M
/home/harodonw/.vscode-server/bin/d045a5eda657f4d7b676dedbfa7aab8207f8a075/node_modules/xterm/lib/zaz_090224/azaz_090224.zz; 090224; 50M
/home/harodonw/.vscode-server/bin/d045a5eda657f4d7b676dedbfa7aab8207f8a075/node_modules/xterm/lib/zaz_090224/aazaa_090224.za; 090224; 50M
/home/harodonw/.vscode-server/bin/d045a5eda657f4d7b676dedbfa7aab8207f8a075/node_modules/xterm/lib/zaz_090224/zaazz_090224.za; 090224; 50M
/home/harodonw/.vscode-server/bin/d045a5eda657f4d7b676dedbfa7aab8207f8a075/node_modules/xterm/lib/zaz_090224/zaazz_090224.za; 090224; 50M
/home/harodonw/.vscode-server/bin/d045a5eda657f4d7b676dedbfa7aab8207f8a075/node_modules/core-util-is/zaz_090224/azzazz_090224.aaa; 090224; 50M
/home/harodonw/.vscode-server/bin/d045a5eda657f4d7b676dedbfa7aab8207f8a075/node_modules/core-util-is/zaz_090224/azzazz_090224.aaa; 090224; 50M
/home/harodonw/.vscode-server/bin/d045a5eda657f4d7b676dedbfa7aab8207f8a075/node_modules/core-util-is/zaz_090224/azzazz_090224.aaa; 090224; 50M
/home/harodonw/.vscode-server/bin/d045a5eda657f4d7b676dedbfa7aab8207f8a075/node_modules/core-util-is/zaz_090224/aazz_090224.aaz; 090224; 50M
/home/harodonw/.vscode-server/bin/d045a5eda657f4d7b676dedbfa7aab8207f8a075/node_modules/core-util-is/zaz_090224/aazz_090224.aaz; 090224; 50M
/home/harodonw/.vscode-server/bin/d045a5eda657f4d7b676dedbfa7aab8207f8a075/node_modules/core-util-is/zaz_090224/aazz_090224.aaz; 090224; 50M
/home/harodonw/.vscode-server/bin/d045a5eda657f4d7b676dedbfa7aab8207f8a075/node_modules/core-util-is/lib/zaz_090224/azazaaz_090224.z; 090224; 50M
/home/harodonw/.vscode-server/bin/d045a5eda657f4d7b676dedbfa7aab8207f8a075/node_modules/core-util-is/lib/zaz_090224/zzzaaza_090224.zzz; 090224; 50M
/home/harodonw/.vscode-server/bin/d045a5eda657f4d7b676dedbfa7aab8207f8a075/node_modules/core-util-is/lib/zaz_090224/aazaaz_090224.zz; 090224; 50M
/home/harodonw/.vscode-server/bin/d045a5eda657f4d7b676dedbfa7aab8207f8a075/node_modules/core-util-is/lib/zaz_090224/zzzz_090224.za; 090224; 50M
/home/harodonw/.vscode-server/bin/d045a5eda657f4d7b676dedbfa7aab8207f8a075/node_modules/detect-libc/zaz_090224/aaza_090224.zzz; 090224; 50M
/home/harodonw/.vscode-server/bin/d045a5eda657f4d7b676dedbfa7aab8207f8a075/node_modules/detect-libc/zaz_090224/zzaaaa_090224.zaz; 090224; 50M
/home/harodonw/.vscode-server/bin/d045a5eda657f4d7b676dedbfa7aab8207f8a075/node_modules/detect-libc/zaz_090224/aazazz_090224.a; 090224; 50M
/home/harodonw/.vscode-server/bin/d045a5eda657f4d7b676dedbfa7aab8207f8a075/node_modules/detect-libc/zaz_090224/aazazz_090224.zzz; 090224; 50M
/home/harodonw/.vscode-server/bin/d045a5eda657f4d7b676dedbfa7aab8207f8a075/node_modules/detect-libc/zaz_090224/azaz_090224.zz; 090224; 50M
/home/harodonw/.vscode-server/bin/d045a5eda657f4d7b676dedbfa7aab8207f8a075/node_modules/detect-libc/lib/zaz_090224/zazazzz_090224.zaz; 090224; 50M
/home/harodonw/.vscode-server/bin/d045a5eda657f4d7b676dedbfa7aab8207f8a075/node_modules/detect-libc/lib/zaz_090224/aaaz_090224.aaa; 090224; 50M
/home/harodonw/.vscode-server/bin/d045a5eda657f4d7b676dedbfa7aab8207f8a075/node_modules/detect-libc/lib/zaz_090224/azzza_090224.z; 090224; 50M
/home/harodonw/.vscode-server/bin/d045a5eda657f4d7b676dedbfa7aab8207f8a075/node_modules/detect-libc/lib/zaz_090224/zzzazza_090224.za; 090224; 50M
/home/harodonw/.vscode-server/bin/d045a5eda657f4d7b676dedbfa7aab8207f8a075/node_modules/detect-libc/lib/zaz_090224/aazazza_090224.zz; 090224; 50M
/home/harodonw/.vscode-server/bin/d045a5eda657f4d7b676dedbfa7aab8207f8a075/node_modules/console-control-strings/zaz_090224/azaz_090224.zaa; 090224; 50M
/home/harodonw/.vscode-server/bin/d045a5eda657f4d7b676dedbfa7aab8207f8a075/node_modules/console-control-strings/zaz_090224/aaazaa_090224.a; 090224; 50M
/home/harodonw/.vscode-server/bin/d045a5eda657f4d7b676dedbfa7aab8207f8a075/node_modules/console-control-strings/zaz_090224/azzzz_090224.aa; 090224; 50M
/home/harodonw/.vscode-server/bin/d045a5eda657f4d7b676dedbfa7aab8207f8a075/node_modules/console-control-strings/zaz_090224/aaaaazz_090224.aa; 090224; 50M
/home/harodonw/.vscode-server/bin/d045a5eda657f4d7b676dedbfa7aab8207f8a075/node_modules/console-control-strings/zaz_090224/aazz_090224.zz; 090224; 50M
/home/harodonw/.vscode-server/bin/d045a5eda657f4d7b676dedbfa7aab8207f8a075/node_modules/semver/zaz_090224/aazzazz_090224.zza; 090224; 50M
/home/harodonw/.vscode-server/bin/d045a5eda657f4d7b676dedbfa7aab8207f8a075/node_modules/semver/zaz_090224/azzzzz_090224.zz; 090224; 50M
/home/harodonw/.vscode-server/bin/d045a5eda657f4d7b676dedbfa7aab8207f8a075/node_modules/semver/zaz_090224/azzzzz_090224.zz; 090224; 50M
/home/harodonw/.vscode-server/bin/d045a5eda657f4d7b676dedbfa7aab8207f8a075/node_modules/semver/zaz_090224/zzaaza_090224.za; 090224; 50M
/home/harodonw/.vscode-server/bin/d045a5eda657f4d7b676dedbfa7aab8207f8a075/node_modules/semver/zaz_090224/zzzza_090224.z; 090224; 50M
/home/harodonw/.vscode-server/bin/d045a5eda657f4d7b676dedbfa7aab8207f8a075/node_modules/semver/bin/zaz_090224/zzaazza_090224.zza; 090224; 50M
/home/harodonw/.vscode-server/bin/d045a5eda657f4d7b676dedbfa7aab8207f8a075/node_modules/semver/bin/zaz_090224/aazaaa_090224.za; 090224; 50M
/home/harodonw/.vscode-server/bin/d045a5eda657f4d7b676dedbfa7aab8207f8a075/node_modules/semver/bin/zaz_090224/zaaza_090224.z; 090224; 50M
/home/harodonw/.vscode-server/bin/d045a5eda657f4d7b676dedbfa7aab8207f8a075/node_modules/semver/bin/zaz_090224/zaaza_090224.z; 090224; 50M
/home/harodonw/.vscode-server/bin/d045a5eda657f4d7b676dedbfa7aab8207f8a075/node_modules/semver/bin/zaz_090224/zzzaaz_090224.aaa; 090224; 50M
/home/harodonw/.vscode-server/bin/d045a5eda657f4d7b676dedbfa7aab8207f8a075/node_modules/semver/bin/zaz_090224/zzzaaz_090224.aaa; 090224; 50M
/home/harodonw/.vscode-server/bin/d045a5eda657f4d7b676dedbfa7aab8207f8a075/node_modules/semver/node_modules/zaz_090224/zzzzzz_090224.aaz; 090224; 50M
/home/harodonw/.vscode-server/bin/d045a5eda657f4d7b676dedbfa7aab8207f8a075/node_modules/semver/node_modules/zaz_090224/azza_090224.a; 090224; 50M
/home/harodonw/.vscode-server/bin/d045a5eda657f4d7b676dedbfa7aab8207f8a075/node_modules/semver/node_modules/zaz_090224/zzaaa_090224.za; 090224; 50M
/home/harodonw/.vscode-server/bin/d045a5eda657f4d7b676dedbfa7aab8207f8a075/node_modules/semver/node_modules/zaz_090224/zzaaazz_090224.a; 090224; 50M
/home/harodonw/.vscode-server/bin/d045a5eda657f4d7b676dedbfa7aab8207f8a075/node_modules/semver/node_modules/lru-cache/zaz_090224/zzzzzza_090224.z; 090224; 50M
/home/harodonw/.vscode-server/bin/d045a5eda657f4d7b676dedbfa7aab8207f8a075/node_modules/semver/node_modules/lru-cache/zaz_090224/zzzzzza_090224.z; 090224; 50M
/home/harodonw/.vscode-server/bin/d045a5eda657f4d7b676dedbfa7aab8207f8a075/node_modules/semver/node_modules/lru-cache/zaz_090224/zzazaaa_090224.zzz; 090224; 50M
/home/harodonw/.vscode-server/bin/d045a5eda657f4d7b676dedbfa7aab8207f8a075/node_modules/semver/node_modules/lru-cache/zaz_090224/zzzaza_090224.a; 090224; 50M
/home/harodonw/.vscode-server/bin/d045a5eda657f4d7b676dedbfa7aab8207f8a075/node_modules/semver/node_modules/lru-cache/zaz_090224/zzzaza_090224.a; 090224; 50M
/home/harodonw/.vscode-server/bin/d045a5eda657f4d7b676dedbfa7aab8207f8a075/node_modules/semver/internal/zaz_090224/zzaa_090224.aza; 090224; 50M
/home/harodonw/.vscode-server/bin/d045a5eda657f4d7b676dedbfa7aab8207f8a075/node_modules/semver/internal/zaz_090224/azzzaza_090224.a; 090224; 50M
/home/harodonw/.vscode-server/bin/d045a5eda657f4d7b676dedbfa7aab8207f8a075/node_modules/semver/internal/zaz_090224/azzaaa_090224.za; 090224; 50M
/home/harodonw/.vscode-server/bin/d045a5eda657f4d7b676dedbfa7aab8207f8a075/node_modules/semver/internal/zaz_090224/zzaazz_090224.az; 090224; 50M
/home/harodonw/.vscode-server/bin/d045a5eda657f4d7b676dedbfa7aab8207f8a075/node_modules/semver/internal/zaz_090224/zzaazz_090224.a; 090224; 50M
/home/harodonw/.vscode-server/bin/d045a5eda657f4d7b676dedbfa7aab8207f8a075/node_modules/semver/internal/zaz_090224/zzaazz_090224.a; 090224; 50M
/home/harodonw/.vscode-server/bin/d045a5eda657f4d7b676dedbfa7aab8207f8a075/node_modules/semver/internal/zaz_090224/zzaazz_090224.a; 090224; 50M
/home/harodonw/.vscode-server/bin/d045a5eda657f4d7b676dedbfa7aab8207f8a075/node_modules/semver/ranges/zaz_090224/azazaz_090224.zz; 090224; 50M
/home/harodonw/.vscode-server/bin/d045a5eda657f4d7b676dedbfa7aab8207f8a075/node_modules/semver/ranges/zaz_090224/zazzzaz_090224.a; 090224; 50M
/home/harodonw/.vscode-server/bin/d045a5eda657f4d7b676dedbfa7aab8207f8a075/node_modules/semver/ranges/zaz_090224/azzza_090224.aa; 090224; 50M
/home/harodonw/.vscode-server/bin/d045a5eda657f4d7b676dedbfa7aab8207f8a075/node_modules/semver/functions/zaz_090224/aazaazz_090224.za; 090224; 50M
/home/harodonw/.vscode-server/bin/d045a5eda657f4d7b676dedbfa7aab8207f8a075/node_modules/semver/functions/zaz_090224/azzzaaa_090224.zza; 090224; 50M
/home/harodonw/.vscode-server/bin/d045a5eda657f4d7b676dedbfa7aab8207f8a075/node_modules/semver/functions/zaz_090224/azaa_090224.zzz; 090224; 50M
/home/harodonw/.vscode-server/bin/d045a5eda657f4d7b676dedbfa7aab8207f8a075/node_modules/semver/functions/zaz_090224/azaza_090224.az; 090224; 50M
/home/harodonw/.vscode-server/bin/d045a5eda657f4d7b676dedbfa7aab8207f8a075/node_modules/semver/functions/zaz_090224/zaaaza_090224.zz; 090224; 50M
/home/harodonw/.vscode-server/bin/d045a5eda657f4d7b676dedbfa7aab8207f8a075/node_modules/semver/classes/zaz_090224/zazza_090224.zza; 090224; 50M
/home/harodonw/.vscode-server/bin/d045a5eda657f4d7b676dedbfa7aab8207f8a075/node_modules/semver/classes/zaz_090224/aazzza_090224.a; 090224; 50M
/home/harodonw/.vscode-server/bin/d045a5eda657f4d7b676dedbfa7aab8207f8a075/node_modules/semver/classes/zaz_090224/zzzz_090224.a; 090224; 50M
/home/harodonw/.vscode-server/bin/d045a5eda657f4d7b676dedbfa7aab8207f8a075/node_modules/semver/classes/zaz_090224/zzzz_090224.a; 090224; 50M
/home/harodonw/.vscode-server/bin/d045a5eda657f4d7b676dedbfa7aab8207f8a075/node_modules/semver/classes/zaz_090224/zzzz_090224.a; 090224; 50M
/home/harodonw/.vscode-server/bin/d045a5eda657f4d7b676dedbfa7aab8207f8a075/node_modules/is-lambda/zaz_090224/zaaz_090224.zza; 090224; 50M
/home/harodonw/.vscode-server/bin/d045a5eda657f4d7b676dedbfa7aab8207f8a075/node_modules/is-lambda/zaz_090224/zaazza_090224.aa; 090224; 50M
/home/harodonw/.vscode-server/bin/d045a5eda657f4d7b676dedbfa7aab8207f8a075/node_modules/is-lambda/zaz_090224/zazzzzz_090224.a; 090224; 50M
/home/harodonw/.vscode-server/bin/d045a5eda657f4d7b676dedbfa7aab8207f8a075/node_modules/is-lambda/zaz_090224/zaazza_090224.aza; 090224; 50M
/home/harodonw/.vscode-server/bin/d045a5eda657f4d7b676dedbfa7aab8207f8a075/node_modules/is-lambda/zaz_090224/zazaz_090224.aaz; 090224; 50M
/home/harodonw/.vscode-server/bin/d045a5eda657f4d7b676dedbfa7aab8207f8a075/node_modules/is-lambda/zaz_090224/zazaz_090224.aaz; 090224; 50M
/home/harodonw/.vscode-server/bin/d045a5eda657f4d7b676dedbfa7aab8207f8a075/node_modules/http-cache-semantics/zaz_090224/zazaazz_090224.za; 090224; 50M
/home/harodonw/.vscode-server/bin/d045a5eda657f4d7b676dedbfa7aab8207f8a075/node_modules/http-cache-semantics/zaz_090224/zzazaaz_090224.z; 090224; 50M
/home/harodonw/.vscode-server/bin/d045a5eda657f4d7b676dedbfa7aab8207f8a075/node_modules/http-cache-semantics/zaz_090224/azaaaaa_090224.z; 090224; 50M
/home/harodonw/.vscode-server/bin/d045a5eda657f4d7b676dedbfa7aab8207f8a075/node_modules/http-cache-semantics/zaz_090224/azaaaaa_090224.z; 090224; 50M
/home/harodonw/.vscode-server/bin/d045a5eda657f4d7b676dedbfa7aab8207f8a075/node_modules/keytar/zaz_090224/zzaazaz_090224.z; 090224; 50M
/home/harodonw/.vscode-server/bin/d045a5eda657f4d7b676dedbfa7aab8207f8a075/node_modules/keytar/zaz_090224/zzaazaz_090224.z; 090224; 50M
/home/harodonw/.vscode-server/bin/d045a5eda657f4d7b676dedbfa7aab8207f8a075/node_modules/keytar/zaz_090224/zzaazaz_090224.z; 090224; 50M
/home/harodonw/.vscode-server/bin/d045a5eda657f4d7b676dedbfa7aab8207f8a075/node_modules/keytar/zaz_090224/zzaazaz_090224.z; 090224; 50M
/home/harodonw/.vscode-server/bin/d045a5eda657f4d7b676dedbfa7aab8207f8a075/node_modules/keytar/zaz_090224/zzaazaz_090224.z; 090224; 50M
/home/harodonw/.vscode-server/bin/d045a5eda657f4d7b676dedbfa7aab8207f8a075/node_modules/keytar/build/zaz_090224/zazaza_090224.a; 090224; 50M
/home/harodonw/.vscode-server/bin/d045a5eda657f4d7b676dedbfa7aab8207f8a075/node_modules/keytar/build/zaz_090224/aazzzzz_090224.a; 090224; 50M
/home/harodonw/.vscode-server/bin/d045a5eda657f4d7b676dedbfa7aab8207f8a075/node_modules/keytar/build/zaz_090224/azazaaa_090224.aa; 090224; 50M
/home/harodonw/.vscode-server/bin/d045a5eda657f4d7b676dedbfa7aab8207f8a075/node_modules/keytar/build/zaz_090224/zaazzza_090224.aaa; 090224; 50M
/home/harodonw/.vscode-server/bin/d045a5eda657f4d7b676dedbfa7aab8207f8a075/node_modules/keytar/build/zaz_090224/azaaaz_090224.aa; 090224; 50M
/home/harodonw/.vscode-server/bin/d045a5eda657f4d7b676dedbfa7aab8207f8a075/node_modules/keytar/build/Release/zaz_090224/aaaz_090224.az; 090224; 50M
/home/harodonw/.vscode-server/bin/d045a5eda657f4d7b676dedbfa7aab8207f8a075/node_modules/keytar/build/Release/zaz_090224/azaazz_090224.aza; 090224; 50M
/home/harodonw/.vscode-server/bin/d045a5eda657f4d7b676dedbfa7aab8207f8a075/node_modules/keytar/build/Release/zaz_090224/azaazz_090224.aza; 090224; 50M
/home/harodonw/.vscode-server/bin/d045a5eda657f4d7b676dedbfa7aab8207f8a075/node_modules/keytar/build/Release/zaz_090224/azzaaza_090224.aza; 090224; 50M
/home/harodonw/.vscode-server/bin/d045a5eda657f4d7b676dedbfa7aab8207f8a075/node_modules/keytar/build/Release/zaz_090224/zzzzaz_090224.aa; 090224; 50M
/home/harodonw/.vscode-server/bin/d045a5eda657f4d7b676dedbfa7aab8207f8a075/node_modules/keytar/build/Release/zaz_090224/zzzzaz_090224.aa; 090224; 50M
/home/harodonw/.vscode-server/bin/d045a5eda657f4d7b676dedbfa7aab8207f8a075/node_modules/keytar/build/Release/zaz_090224/zzzzaz_090224.aa; 090224; 50M
/home/harodonw/.vscode-server/bin/d045a5eda657f4d7b676dedbfa7aab8207f8a075/node_modules/keytar/build/Release/obj.target/zaz_090224/zzaaazz_090224.za; 090224; 50M
/home/harodonw/.vscode-server/bin/d045a5eda657f4d7b676dedbfa7aab8207f8a075/node_modules/keytar/build/Release/obj.target/zaz_090224/zaaa_090224.z; 090224; 50M
/home/harodonw/.vscode-server/bin/d045a5eda657f4d7b676dedbfa7aab8207f8a075/node_modules/keytar/build/Release/obj.target/zaz_090224/zaaa_090224.z; 090224; 50M
/home/harodonw/.vscode-server/bin/d045a5eda657f4d7b676dedbfa7aab8207f8a075/node_modules/keytar/lib/zaz_090224/zzaaza_090224.zzz; 090224; 50M
/home/harodonw/.vscode-server/bin/d045a5eda657f4d7b676dedbfa7aab8207f8a075/node_modules/keytar/lib/zaz_090224/azaa_090224.za; 090224; 50M
/home/harodonw/.vscode-server/bin/d045a5eda657f4d7b676dedbfa7aab8207f8a075/node_modules/keytar/lib/zaz_090224/zzzzaaz_090224.zzz; 090224; 50M
/home/harodonw/.vscode-server/bin/d045a5eda657f4d7b676dedbfa7aab8207f8a075/node_modules/keytar/lib/zaz_090224/azzzz_090224.z; 090224; 50M
/home/harodonw/.vscode-server/bin/d045a5eda657f4d7b676dedbfa7aab8207f8a075/node_modules/keytar/lib/zaz_090224/zzazaz_090224.zza; 090224; 50M
/home/harodonw/.vscode-server/bin/d045a5eda657f4d7b676dedbfa7aab8207f8a075/node_modules/imurmurhash/zaz_090224/aaaz_090224.a; 090224; 50M
/home/harodonw/.vscode-server/bin/d045a5eda657f4d7b676dedbfa7aab8207f8a075/node_modules/imurmurhash/zaz_090224/zazzazz_090224.a; 090224; 50M
/home/harodonw/.vscode-server/bin/d045a5eda657f4d7b676dedbfa7aab8207f8a075/node_modules/imurmurhash/zaz_090224/aaaaaza_090224.z; 090224; 50M
/home/harodonw/.vscode-server/bin/d045a5eda657f4d7b676dedbfa7aab8207f8a075/node_modules/imurmurhash/zaz_090224/zazaa_090224.zz; 090224; 50M
/home/harodonw/.vscode-server/bin/d045a5eda657f4d7b676dedbfa7aab8207f8a075/node_modules/imurmurhash/zaz_090224/zazaa_090224.zz; 090224; 50M
/home/harodonw/.vscode-server/bin/d045a5eda657f4d7b676dedbfa7aab8207f8a075/node_modules/imurmurhash/zaz_090224/zazaa_090224.zz; 090224; 50M
/home/harodonw/.vscode-server/bin/d045a5eda657f4d7b676dedbfa7aab8207f8a075/node_modules/imurmurhash/zaz_090224/zazaa_090224.zz; 090224; 50M
/home/harodonw/.vscode-server/bin/d045a5eda657f4d7b676dedbfa7aab8207f8a075/node_modules/iconv-lite/zaz_090224/azzzaza_090224.zaa; 090224; 50M
/home/harodonw/.vscode-server/bin/d045a5eda657f4d7b676dedbfa7aab8207f8a075/node_modules/iconv-lite/zaz_090224/zazaz_090224.zz; 090224; 50M
/home/harodonw/.vscode-server/bin/d045a5eda657f4d7b676dedbfa7aab8207f8a075/node_modules/iconv-lite/zaz_090224/aaza_090224.a; 090224; 50M
/home/harodonw/.vscode-server/bin/d045a5eda657f4d7b676dedbfa7aab8207f8a075/node_modules/iconv-lite/encodings/zaz_090224/zzaaaaa_090224.zz; 090224; 50M
/home/harodonw/.vscode-server/bin/d045a5eda657f4d7b676dedbfa7aab8207f8a075/node_modules/iconv-lite/encodings/zaz_090224/zzaz_090224.aza; 090224; 50M
/home/harodonw/.vscode-server/bin/d045a5eda657f4d7b676dedbfa7aab8207f8a075/node_modules/iconv-lite/encodings/zaz_090224/zzaz_090224.aza; 090224; 50M
/home/harodonw/.vscode-server/bin/d045a5eda657f4d7b676dedbfa7aab8207f8a075/node_modules/iconv-lite/encodings/zaz_090224/aaazz_090224.aaz; 090224; 50M
/home/harodonw/.vscode-server/bin/d045a5eda657f4d7b676dedbfa7aab8207f8a075/node_modules/iconv-lite/encodings/zaz_090224/aaazzaz_090224.aaz; 090224; 50M
/home/harodonw/.vscode-server/bin/d045a5eda657f4d7b676dedbfa7aab8207f8a075/node_modules/iconv-lite/encodings/tables/zaz_090224/zzaz_090224.a; 090224; 50M
/home/harodonw/.vscode-server/bin/d045a5eda657f4d7b676dedbfa7aab8207f8a075/node_modules/iconv-lite/encodings/tables/zaz_090224/zzaz_090224.a; 090224; 50M
/home/harodonw/.vscode-server/bin/d045a5eda657f4d7b676dedbfa7aab8207f8a075/node_modules/iconv-lite/encodings/tables/zaz_090224/zazaaaa_090224.zz; 090224; 50M
/home/harodonw/.vscode-server/bin/d045a5eda657f4d7b676dedbfa7aab8207f8a075/node_modules/iconv-lite/encodings/tables/zaz_090224/zazaaaa_090224.zz; 090224; 50M
/home/harodonw/.vscode-server/bin/d045a5eda657f4d7b676dedbfa7aab8207f8a075/node_modules/iconv-lite/encodings/tables/zaz_090224/azazaz_090224.zzz; 090224; 50M
/home/harodonw/.vscode-server/bin/d045a5eda657f4d7b676dedbfa7aab8207f8a075/node_modules/iconv-lite/encodings/tables/zaz_090224/azazaz_090224.zzz; 090224; 50M
/home/harodonw/.vscode-server/bin/d045a5eda657f4d7b676dedbfa7aab8207f8a075/node_modules/iconv-lite/lib/zaz_090224/zazaz_090224.az; 090224; 50M
/home/harodonw/.vscode-server/bin/d045a5eda657f4d7b676dedbfa7aab8207f8a075/node_modules/iconv-lite/lib/zaz_090224/zazz_090224.a; 090224; 50M
/home/harodonw/.vscode-server/bin/d045a5eda657f4d7b676dedbfa7aab8207f8a075/node_modules/iconv-lite/lib/zaz_090224/zaaa_090224.az; 090224; 50M
/home/harodonw/.vscode-server/bin/d045a5eda657f4d7b676dedbfa7aab8207f8a075/node_modules/iconv-lite/lib/zaz_090224/zaaa_090224.az; 090224; 50M
/home/harodonw/.vscode-server/bin/d045a5eda657f4d7b676dedbfa7aab8207f8a075/node_modules/jschardet/zaz_090224/zaaaazz_090224.aa; 090224; 50M
/home/harodonw/.vscode-server/bin/d045a5eda657f4d7b676dedbfa7aab8207f8a075/node_modules/jschardet/zaz_090224/zaazzaa_090224.zaz; 090224; 50M
/home/harodonw/.vscode-server/bin/d045a5eda657f4d7b676dedbfa7aab8207f8a075/node_modules/jschardet/zaz_090224/zzaaz_090224.za; 090224; 50M
/home/harodonw/.vscode-server/bin/d045a5eda657f4d7b676dedbfa7aab8207f8a075/node_modules/jschardet/zaz_090224/azazza_090224.aaa; 090224; 50M
/home/harodonw/.vscode-server/bin/d045a5eda657f4d7b676dedbfa7aab8207f8a075/node_modules/jschardet/zaz_090224/zaaazz_090224.az; 090224; 50M
/home/harodonw/.vscode-server/bin/d045a5eda657f4d7b676dedbfa7aab8207f8a075/node_modules/jschardet/zaz_090224/zaaazz_090224.az; 090224; 50M
/home/harodonw/.vscode-server/bin/d045a5eda657f4d7b676dedbfa7aab8207f8a075/node_modules/jschardet/dist/zaz_090224/azzz_090224.azz; 090224; 50M
/home/harodonw/.vscode-server/bin/d045a5eda657f4d7b676dedbfa7aab8207f8a075/node_modules/jschardet/dist/zaz_090224/azzz_090224.azz; 090224; 50M
/home/harodonw/.vscode-server/bin/d045a5eda657f4d7b676dedbfa7aab8207f8a075/node_modules/jschardet/dist/zaz_090224/azzz_090224.azz; 090224; 50M
/home/harodonw/.vscode-server/bin/d045a5eda657f4d7b676dedbfa7aab8207f8a075/node_modules/jschardet/dist/zaz_090224/azzazza_090224.aza; 090224; 50M
/home/harodonw/.vscode-server/bin/d045a5eda657f4d7b676dedbfa7aab8207f8a075/node_modules/infer-owner/zaz_090224/azzaaa_090224.z; 090224; 50M
/home/harodonw/.vscode-server/bin/d045a5eda657f4d7b676dedbfa7aab8207f8a075/node_modules/infer-owner/zaz_090224/zazaaza_090224.zz; 090224; 50M
/home/harodonw/.vscode-server/bin/d045a5eda657f4d7b676dedbfa7aab8207f8a075/node_modules/infer-owner/zaz_090224/azaa_090224.az; 090224; 50M
/home/harodonw/.vscode-server/bin/d045a5eda657f4d7b676dedbfa7aab8207f8a075/node_modules/infer-owner/zaz_090224/azaa_090224.az; 090224; 50M
/home/harodonw/.vscode-server/bin/d045a5eda657f4d7b676dedbfa7aab8207f8a075/node_modules/infer-owner/zaz_090224/aaazaz_090224.zz; 090224; 50M
/home/harodonw/.vscode-server/bin/d045a5eda657f4d7b676dedbfa7aab8207f8a075/node_modules/fd-slicer/zaz_090224/zazaaaz_090224.zza; 090224; 50M
/home/harodonw/.vscode-server/bin/d045a5eda657f4d7b676dedbfa7aab8207f8a075/node_modules/fd-slicer/zaz_090224/aaaaz_090224.zza; 090224; 50M
/home/harodonw/.vscode-server/bin/d045a5eda657f4d7b676dedbfa7aab8207f8a075/node_modules/fd-slicer/zaz_090224/zzaz_090224.aaz; 090224; 50M
/home/harodonw/.vscode-server/bin/d045a5eda657f4d7b676dedbfa7aab8207f8a075/node_modules/fd-slicer/zaz_090224/azza_090224.zzz; 090224; 50M
/home/harodonw/.vscode-server/bin/d045a5eda657f4d7b676dedbfa7aab8207f8a075/node_modules/fd-slicer/zaz_090224/zazaza_090224.zza; 090224; 50M
/home/harodonw/.vscode-server/bin/d045a5eda657f4d7b676dedbfa7aab8207f8a075/node_modules/minipass-sized/zaz_090224/azaaaz_090224.zaz; 090224; 50M
/home/harodonw/.vscode-server/bin/d045a5eda657f4d7b676dedbfa7aab8207f8a075/node_modules/minipass-sized/zaz_090224/azaaaz_090224.zaz; 090224; 50M
/home/harodonw/.vscode-server/bin/d045a5eda657f4d7b676dedbfa7aab8207f8a075/node_modules/minipass-sized/zaz_090224/zzzaazz_090224.aa; 090224; 50M
/home/harodonw/.vscode-server/bin/d045a5eda657f4d7b676dedbfa7aab8207f8a075/node_modules/minipass-sized/zaz_090224/azzzaa_090224.za; 090224; 50M
/home/harodonw/.vscode-server/bin/d045a5eda657f4d7b676dedbfa7aab8207f8a075/node_modules/minipass-sized/zaz_090224/zzzaa_090224.zzz; 090224; 50M
/home/harodonw/.vscode-server/bin/d045a5eda657f4d7b676dedbfa7aab8207f8a075/node_modules/yallist/zaz_090224/azzaa_090224.azz; 090224; 50M
/home/harodonw/.vscode-server/bin/d045a5eda657f4d7b676dedbfa7aab8207f8a075/node_modules/yallist/zaz_090224/azazzza_090224.zaz; 090224; 50M
/home/harodonw/.vscode-server/bin/d045a5eda657f4d7b676dedbfa7aab8207f8a075/node_modules/yallist/zaz_090224/azazzza_090224.zaz; 090224; 50M
/home/harodonw/.vscode-server/bin/d045a5eda657f4d7b676dedbfa7aab8207f8a075/node_modules/yallist/zaz_090224/zzaazaa_090224.azz; 090224; 50M
/home/harodonw/.vscode-server/bin/d045a5eda657f4d7b676dedbfa7aab8207f8a075/node_modules/yallist/zaz_090224/zaazz_090224.aa; 090224; 50M
/home/harodonw/.vscode-server/bin/d045a5eda657f4d7b676dedbfa7aab8207f8a075/node_modules/promise-inflight/zaz_090224/zaza_090224.aa; 090224; 50M
/home/harodonw/.vscode-server/bin/d045a5eda657f4d7b676dedbfa7aab8207f8a075/node_modules/promise-inflight/zaz_090224/aazazz_090224.az; 090224; 50M
/home/harodonw/.vscode-server/bin/d045a5eda657f4d7b676dedbfa7aab8207f8a075/node_modules/promise-inflight/zaz_090224/aazzz_090224.a; 090224; 50M
/home/harodonw/.vscode-server/bin/d045a5eda657f4d7b676dedbfa7aab8207f8a075/node_modules/promise-inflight/zaz_090224/aaazaza_090224.zzz; 090224; 50M
/home/harodonw/.vscode-server/bin/d045a5eda657f4d7b676dedbfa7aab8207f8a075/node_modules/promise-inflight/zaz_090224/aaazaza_090224.zzz; 090224; 50M
/home/harodonw/.vscode-server/bin/d045a5eda657f4d7b676dedbfa7aab8207f8a075/node_modules/promise-inflight/zaz_090224/aaazaza_090224.zzz; 090224; 50M
/home/harodonw/.vscode-server/bin/d045a5eda657f4d7b676dedbfa7aab8207f8a075/node_modules/minipass-fetch/zaz_090224/zzzzzz_090224.z; 090224; 50M
/home/harodonw/.vscode-server/bin/d045a5eda657f4d7b676dedbfa7aab8207f8a075/node_modules/minipass-fetch/zaz_090224/azaazz_090224.z; 090224; 50M
/home/harodonw/.vscode-server/bin/d045a5eda657f4d7b676dedbfa7aab8207f8a075/node_modules/minipass-fetch/zaz_090224/aazaaz_090224.z; 090224; 50M
/home/harodonw/.vscode-server/bin/d045a5eda657f4d7b676dedbfa7aab8207f8a075/node_modules/minipass-fetch/zaz_090224/zaza_090224.zz; 090224; 50M
/home/harodonw/.vscode-server/bin/d045a5eda657f4d7b676dedbfa7aab8207f8a075/node_modules/minipass-fetch/lib/zaz_090224/azazaaa_090224.zaa; 090224; 50M
/home/harodonw/.vscode-server/bin/d045a5eda657f4d7b676dedbfa7aab8207f8a075/node_modules/minipass-fetch/lib/zaz_090224/aaaz_090224.zza; 090224; 50M
/home/harodonw/.vscode-server/bin/d045a5eda657f4d7b676dedbfa7aab8207f8a075/node_modules/minipass-fetch/lib/zaz_090224/azzz_090224.aa; 090224; 50M
/home/harodonw/.vscode-server/bin/d045a5eda657f4d7b676dedbfa7aab8207f8a075/node_modules/minipass-fetch/lib/zaz_090224/zzzaa_090224.z; 090224; 50M
/home/harodonw/.vscode-server/bin/d045a5eda657f4d7b676dedbfa7aab8207f8a075/node_modules/minipass-fetch/lib/zaz_090224/aaaaz_090224.az; 090224; 50M
/home/harodonw/.vscode-server/bin/d045a5eda657f4d7b676dedbfa7aab8207f8a075/node_modules/ssri/zaz_090224/aazaza_090224.zz; 090224; 50M
/home/harodonw/.vscode-server/bin/d045a5eda657f4d7b676dedbfa7aab8207f8a075/node_modules/ssri/zaz_090224/zzaa_090224.a; 090224; 50M
/home/harodonw/.vscode-server/bin/d045a5eda657f4d7b676dedbfa7aab8207f8a075/node_modules/ssri/zaz_090224/aaaaazz_090224.aaz; 090224; 50M
/home/harodonw/.vscode-server/bin/d045a5eda657f4d7b676dedbfa7aab8207f8a075/node_modules/ssri/zaz_090224/zzza_090224.azz; 090224; 50M
/home/harodonw/.vscode-server/bin/d045a5eda657f4d7b676dedbfa7aab8207f8a075/node_modules/ssri/zaz_090224/azzz_090224.zaz; 090224; 50M
/home/harodonw/.vscode-server/bin/d045a5eda657f4d7b676dedbfa7aab8207f8a075/node_modules/env-paths/zaz_090224/azzzz_090224.a; 090224; 50M
/home/harodonw/.vscode-server/bin/d045a5eda657f4d7b676dedbfa7aab8207f8a075/node_modules/env-paths/zaz_090224/azzzz_090224.a; 090224; 50M
/home/harodonw/.vscode-server/bin/d045a5eda657f4d7b676dedbfa7aab8207f8a075/node_modules/env-paths/zaz_090224/azzzz_090224.a; 090224; 50M
/home/harodonw/.vscode-server/bin/d045a5eda657f4d7b676dedbfa7aab8207f8a075/node_modules/env-paths/zaz_090224/azzaz_090224.aa; 090224; 50M
/home/harodonw/.vscode-server/bin/d045a5eda657f4d7b676dedbfa7aab8207f8a075/node_modules/env-paths/zaz_090224/azzz_090224.aaa; 090224; 50M
/home/harodonw/.vscode-server/bin/d045a5eda657f4d7b676dedbfa7aab8207f8a075/node_modules/object-assign/zaz_090224/azaaz_090224.z; 090224; 50M
/home/harodonw/.vscode-server/bin/d045a5eda657f4d7b676dedbfa7aab8207f8a075/node_modules/object-assign/zaz_090224/zzzzaz_090224.za; 090224; 50M
/home/harodonw/.vscode-server/bin/d045a5eda657f4d7b676dedbfa7aab8207f8a075/node_modules/object-assign/zaz_090224/zzzzaz_090224.za; 090224; 50M
/home/harodonw/.vscode-server/bin/d045a5eda657f4d7b676dedbfa7aab8207f8a075/node_modules/object-assign/zaz_090224/aaza_090224.a; 090224; 50M
/home/harodonw/.vscode-server/bin/d045a5eda657f4d7b676dedbfa7aab8207f8a075/node_modules/object-assign/zaz_090224/aaza_090224.a; 090224; 50M
/home/harodonw/.vscode-server/bin/d045a5eda657f4d7b676dedbfa7aab8207f8a075/node_modules/object-assign/zaz_090224/aaza_090224.a; 090224; 50M
/home/harodonw/.vscode-server/bin/d045a5eda657f4d7b676dedbfa7aab8207f8a075/node_modules/agentkeepalive/zaz_090224/zazazz_090224.zz; 090224; 50M
/home/harodonw/.vscode-server/bin/d045a5eda657f4d7b676dedbfa7aab8207f8a075/node_modules/agentkeepalive/zaz_090224/aaza_090224.zzz; 090224; 50M
/home/harodonw/.vscode-server/bin/d045a5eda657f4d7b676dedbfa7aab8207f8a075/node_modules/agentkeepalive/zaz_090224/aaza_090224.zzz; 090224; 50M
/home/harodonw/.vscode-server/bin/d045a5eda657f4d7b676dedbfa7aab8207f8a075/node_modules/agentkeepalive/zaz_090224/aaza_090224.zzz; 090224; 50M
/home/harodonw/.vscode-server/bin/d045a5eda657f4d7b676dedbfa7aab8207f8a075/node_modules/agentkeepalive/zaz_090224/aaza_090224.zzz; 090224; 50M
/home/harodonw/.vscode-server/bin/d045a5eda657f4d7b676dedbfa7aab8207f8a075/node_modules/agentkeepalive/node_modules/zaz_090224/azaaaaa_090224.aaa; 090224; 50M
/home/harodonw/.vscode-server/bin/d045a5eda657f4d7b676dedbfa7aab8207f8a075/node_modules/agentkeepalive/node_modules/zaz_090224/azaaaaa_090224.aaa; 090224; 50M
/home/harodonw/.vscode-server/bin/d045a5eda657f4d7b676dedbfa7aab8207f8a075/node_modules/agentkeepalive/node_modules/zaz_090224/azaaaaa_090224.aaa; 090224; 50M
/home/harodonw/.vscode-server/bin/d045a5eda657f4d7b676dedbfa7aab8207f8a075/node_modules/agentkeepalive/node_modules/zaz_090224/zaazaza_090224.zaa; 090224; 50M
/home/harodonw/.vscode-server/bin/d045a5eda657f4d7b676dedbfa7aab8207f8a075/node_modules/agentkeepalive/node_modules/debug/zaz_090224/aaaaaa_090224.aza; 090224; 50M
/home/harodonw/.vscode-server/bin/d045a5eda657f4d7b676dedbfa7aab8207f8a075/node_modules/agentkeepalive/node_modules/debug/zaz_090224/aaaaaa_090224.aza; 090224; 50M
/home/harodonw/.vscode-server/bin/d045a5eda657f4d7b676dedbfa7aab8207f8a075/node_modules/agentkeepalive/node_modules/debug/zaz_090224/zaaaz_090224.aaz; 090224; 50M
/home/harodonw/.vscode-server/bin/d045a5eda657f4d7b676dedbfa7aab8207f8a075/node_modules/agentkeepalive/node_modules/debug/zaz_090224/zzaa_090224.aaa; 090224; 50M
/home/harodonw/.vscode-server/bin/d045a5eda657f4d7b676dedbfa7aab8207f8a075/node_modules/agentkeepalive/node_modules/debug/zaz_090224/zaaza_090224.aa; 090224; 50M
/home/harodonw/.vscode-server/bin/d045a5eda657f4d7b676dedbfa7aab8207f8a075/node_modules/agentkeepalive/node_modules/debug/src/zaz_090224/azaaa_090224.z; 090224; 50M
/home/harodonw/.vscode-server/bin/d045a5eda657f4d7b676dedbfa7aab8207f8a075/node_modules/agentkeepalive/node_modules/debug/src/zaz_090224/azaaa_090224.z; 090224; 50M
/home/harodonw/.vscode-server/bin/d045a5eda657f4d7b676dedbfa7aab8207f8a075/node_modules/agentkeepalive/node_modules/debug/src/zaz_090224/zaazzza_090224.zza; 090224; 50M
/home/harodonw/.vscode-server/bin/d045a5eda657f4d7b676dedbfa7aab8207f8a075/node_modules/agentkeepalive/node_modules/debug/src/zaz_090224/zaazaza_090224.azz; 090224; 50M
/home/harodonw/.vscode-server/bin/d045a5eda657f4d7b676dedbfa7aab8207f8a075/node_modules/agentkeepalive/node_modules/debug/src/zaz_090224/zzaazaz_090224.z; 090224; 50M
/home/harodonw/.vscode-server/bin/d045a5eda657f4d7b676dedbfa7aab8207f8a075/node_modules/agentkeepalive/lib/zaz_090224/zaaazz_090224.a; 090224; 50M
/home/harodonw/.vscode-server/bin/d045a5eda657f4d7b676dedbfa7aab8207f8a075/node_modules/agentkeepalive/lib/zaz_090224/azzaza_090224.z; 090224; 50M
/home/harodonw/.vscode-server/bin/d045a5eda657f4d7b676dedbfa7aab8207f8a075/node_modules/agentkeepalive/lib/zaz_090224/azzaza_090224.z; 090224; 50M
/home/harodonw/.vscode-server/bin/d045a5eda657f4d7b676dedbfa7aab8207f8a075/node_modules/agentkeepalive/lib/zaz_090224/zzaz_090224.zza; 090224; 50M
/home/harodonw/.vscode-server/bin/d045a5eda657f4d7b676dedbfa7aab8207f8a075/node_modules/agentkeepalive/lib/zaz_090224/azzzzza_090224.zza; 090224; 50M
/home/harodonw/.vscode-server/bin/d045a5eda657f4d7b676dedbfa7aab8207f8a075/node_modules/yazl/zaz_090224/aazzza_090224.zz; 090224; 50M
/home/harodonw/.vscode-server/bin/d045a5eda657f4d7b676dedbfa7aab8207f8a075/node_modules/yazl/zaz_090224/zazz_090224.aaz; 090224; 50M
/home/harodonw/.vscode-server/bin/d045a5eda657f4d7b676dedbfa7aab8207f8a075/node_modules/yazl/zaz_090224/azzzaza_090224.a; 090224; 50M
/home/harodonw/.vscode-server/bin/d045a5eda657f4d7b676dedbfa7aab8207f8a075/node_modules/yazl/zaz_090224/zzaazaa_090224.z; 090224; 50M
/home/harodonw/.vscode-server/bin/d045a5eda657f4d7b676dedbfa7aab8207f8a075/node_modules/yazl/zaz_090224/azzaaz_090224.aa; 090224; 50M
/home/harodonw/.vscode-server/bin/d045a5eda657f4d7b676dedbfa7aab8207f8a075/node_modules/xterm-addon-unicode11/zaz_090224/zzza_090224.aaa; 090224; 50M
/home/harodonw/.vscode-server/bin/d045a5eda657f4d7b676dedbfa7aab8207f8a075/node_modules/xterm-addon-unicode11/zaz_090224/zzza_090224.aaa; 090224; 50M
/home/harodonw/.vscode-server/bin/d045a5eda657f4d7b676dedbfa7aab8207f8a075/node_modules/xterm-addon-unicode11/zaz_090224/azazza_090224.a; 090224; 50M
/home/harodonw/.vscode-server/bin/d045a5eda657f4d7b676dedbfa7aab8207f8a075/node_modules/xterm-addon-unicode11/zaz_090224/azazza_090224.a; 090224; 50M
/home/harodonw/.vscode-server/bin/d045a5eda657f4d7b676dedbfa7aab8207f8a075/node_modules/xterm-addon-unicode11/zaz_090224/zaazazz_090224.zaa; 090224; 50M
/home/harodonw/.vscode-server/bin/d045a5eda657f4d7b676dedbfa7aab8207f8a075/node_modules/xterm-addon-unicode11/lib/zaz_090224/aazzaz_090224.az; 090224; 50M
/home/harodonw/.vscode-server/bin/d045a5eda657f4d7b676dedbfa7aab8207f8a075/node_modules/xterm-addon-unicode11/lib/zaz_090224/zzazzza_090224.zz; 090224; 50M
/home/harodonw/.vscode-server/bin/d045a5eda657f4d7b676dedbfa7aab8207f8a075/node_modules/xterm-addon-unicode11/lib/zaz_090224/aaaz_090224.zzz; 090224; 50M
/home/zaa_100224/zazz_100224.a; 100224; 50M
/home/zaa_100224/aaza_100224.aza; 100224; 50M
; 270224; 50M
; 270224; 50M
/home/ppo_270224/pppp_270224.ppo; 270224; 50M
/home/ppo_270224/pppp_270224.ppo; 270224; 50M
/home/ppo_270224/popoo_270224.p; 270224; 50M
/home/harodonw/ppo_270224/opop_270224.oo; 270224; 50M
/home/harodonw/ppo_270224/oppopo_270224.po; 270224; 50M
/home/harodonw/ppo_270224/oppopo_270224.po; 270224; 50M
/home/harodonw/ppo_270224/oppopo_270224.po; 270224; 50M
/home/harodonw/ppo_270224/ooop_270224.pop; 270224; 50M
/home/harodonw/.vscode-server/ppo_270224/oopooo_270224.ppo; 270224; 50M
/home/harodonw/.vscode-server/ppo_270224/opopp_270224.po; 270224; 50M
/home/harodonw/.vscode-server/ppo_270224/pppp_270224.pp; 270224; 50M
/home/harodonw/.vscode-server/ppo_270224/ppppoop_270224.op; 270224; 50M
/home/harodonw/.vscode-server/ppo_270224/ppppoop_270224.op; 270224; 50M
/home/harodonw/.vscode-server/bin/ppo_270224/popop_270224.op; 270224; 50M
/home/harodonw/.vscode-server/bin/ppo_270224/ooopooo_270224.ppo; 270224; 50M
/home/harodonw/.vscode-server/bin/ppo_270224/oppooo_270224.poo; 270224; 50M
/home/harodonw/.vscode-server/bin/ppo_270224/pppop_270224.pp; 270224; 50M
/home/harodonw/.vscode-server/bin/ppo_270224/ooop_270224.p; 270224; 50M
/home/harodonw/.vscode-server/bin/d045a5eda657f4d7b676dedbfa7aab8207f8a075/ppo_270224/ooop_270224.op; 270224; 50M
/home/harodonw/.vscode-server/bin/d045a5eda657f4d7b676dedbfa7aab8207f8a075/ppo_270224/opop_270224.ppo; 270224; 50M
/home/harodonw/.vscode-server/bin/d045a5eda657f4d7b676dedbfa7aab8207f8a075/ppo_270224/pooopp_270224.o; 270224; 50M
/home/harodonw/.vscode-server/bin/d045a5eda657f4d7b676dedbfa7aab8207f8a075/ppo_270224/ppoo_270224.po; 270224; 50M
/home/harodonw/.vscode-server/bin/d045a5eda657f4d7b676dedbfa7aab8207f8a075/ppo_270224/oopoo_270224.ppp; 270224; 50M
/home/harodonw/.vscode-server/bin/d045a5eda657f4d7b676dedbfa7aab8207f8a075/ppo_270224/oopoo_270224.ppp; 270224; 50M
/home/harodonw/.vscode-server/bin/d045a5eda657f4d7b676dedbfa7aab8207f8a075/ppo_270224/oopoo_270224.ppp; 270224; 50M
/home/harodonw/.vscode-server/bin/d045a5eda657f4d7b676dedbfa7aab8207f8a075/out/ppo_270224/pppo_270224.op; 270224; 50M
/home/harodonw/.vscode-server/bin/d045a5eda657f4d7b676dedbfa7aab8207f8a075/out/ppo_270224/popppo_270224.p; 270224; 50M
/home/harodonw/.vscode-server/bin/d045a5eda657f4d7b676dedbfa7aab8207f8a075/out/ppo_270224/ooppp_270224.ppo; 270224; 50M
/home/harodonw/.vscode-server/bin/d045a5eda657f4d7b676dedbfa7aab8207f8a075/out/ppo_270224/ooppp_270224.ppo; 270224; 50M
/home/harodonw/.vscode-server/bin/d045a5eda657f4d7b676dedbfa7aab8207f8a075/out/vs/ppo_270224/oopp_270224.p; 270224; 50M
/home/harodonw/.vscode-server/bin/d045a5eda657f4d7b676dedbfa7aab8207f8a075/out/vs/ppo_270224/poop_270224.po; 270224; 50M
/home/harodonw/.vscode-server/bin/d045a5eda657f4d7b676dedbfa7aab8207f8a075/out/vs/ppo_270224/popop_270224.ppo; 270224; 50M
/home/harodonw/.vscode-server/bin/d045a5eda657f4d7b676dedbfa7aab8207f8a075/out/vs/ppo_270224/ooppppo_270224.oop; 270224; 50M
/home/harodonw/.vscode-server/bin/d045a5eda657f4d7b676dedbfa7aab8207f8a075/out/vs/platform/ppo_270224/oopo_270224.oo; 270224; 50M
/home/harodonw/.vscode-server/bin/d045a5eda657f4d7b676dedbfa7aab8207f8a075/out/vs/platform/ppo_270224/opooopp_270224.ppo; 270224; 50M
/home/harodonw/.vscode-server/bin/d045a5eda657f4d7b676dedbfa7aab8207f8a075/out/vs/platform/ppo_270224/popoopp_270224.ppp; 270224; 50M
/home/harodonw/.vscode-server/bin/d045a5eda657f4d7b676dedbfa7aab8207f8a075/out/vs/platform/ppo_270224/popoopp_270224.ppp; 270224; 50M
/home/harodonw/.vscode-server/bin/d045a5eda657f4d7b676dedbfa7aab8207f8a075/out/vs/platform/ppo_270224/pppoo_270224.ppp; 270224; 50M
/home/harodonw/.vscode-server/bin/d045a5eda657f4d7b676dedbfa7aab8207f8a075/out/vs/platform/terminal/ppo_270224/ppppop_270224.oo; 270224; 50M
/home/harodonw/.vscode-server/bin/d045a5eda657f4d7b676dedbfa7aab8207f8a075/out/vs/platform/terminal/ppo_270224/opopppp_270224.poo; 270224; 50M
/home/harodonw/.vscode-server/bin/d045a5eda657f4d7b676dedbfa7aab8207f8a075/out/vs/platform/terminal/ppo_270224/opppo_270224.op; 270224; 50M
/home/harodonw/.vscode-server/bin/d045a5eda657f4d7b676dedbfa7aab8207f8a075/out/vs/platform/terminal/ppo_270224/opppo_270224.op; 270224; 50M
/home/harodonw/.vscode-server/bin/d045a5eda657f4d7b676dedbfa7aab8207f8a075/out/vs/platform/terminal/ppo_270224/poppop_270224.po; 270224; 50M
/home/harodonw/.vscode-server/bin/d045a5eda657f4d7b676dedbfa7aab8207f8a075/out/vs/platform/terminal/node/ppo_270224/oopoooo_270224.oop; 270224; 50M
/home/harodonw/.vscode-server/bin/d045a5eda657f4d7b676dedbfa7aab8207f8a075/out/vs/platform/terminal/node/ppo_270224/oopoooo_270224.oop; 270224; 50M
/home/harodonw/.vscode-server/bin/d045a5eda657f4d7b676dedbfa7aab8207f8a075/out/vs/platform/terminal/node/ppo_270224/oopoooo_270224.oop; 270224; 50M
/home/harodonw/.vscode-server/bin/d045a5eda657f4d7b676dedbfa7aab8207f8a075/out/vs/platform/terminal/node/ppo_270224/pppo_270224.pp; 270224; 50M
/home/harodonw/.vscode-server/bin/d045a5eda657f4d7b676dedbfa7aab8207f8a075/out/vs/platform/terminal/node/ppo_270224/pppo_270224.pp; 270224; 50M
/home/harodonw/.vscode-server/bin/d045a5eda657f4d7b676dedbfa7aab8207f8a075/out/vs/platform/files/ppo_270224/popoopp_270224.pop; 270224; 50M
/home/harodonw/.vscode-server/bin/d045a5eda657f4d7b676dedbfa7aab8207f8a075/out/vs/platform/files/ppo_270224/ooppoop_270224.opp; 270224; 50M
/home/harodonw/.vscode-server/bin/d045a5eda657f4d7b676dedbfa7aab8207f8a075/out/vs/platform/files/ppo_270224/opooo_270224.oop; 270224; 50M
/home/harodonw/.vscode-server/bin/d045a5eda657f4d7b676dedbfa7aab8207f8a075/out/vs/platform/files/ppo_270224/oppp_270224.op; 270224; 50M
/home/harodonw/.vscode-server/bin/d045a5eda657f4d7b676dedbfa7aab8207f8a075/out/vs/platform/files/ppo_270224/opopoo_270224.p; 270224; 50M
/home/harodonw/.vscode-server/bin/d045a5eda657f4d7b676dedbfa7aab8207f8a075/out/vs/platform/files/ppo_270224/opopoo_270224.p; 270224; 50M
/home/harodonw/.vscode-server/bin/d045a5eda657f4d7b676dedbfa7aab8207f8a075/out/vs/platform/files/ppo_270224/opopoo_270224.p; 270224; 50M
/home/harodonw/.vscode-server/bin/d045a5eda657f4d7b676dedbfa7aab8207f8a075/out/vs/platform/files/node/ppo_270224/ooppopo_270224.po; 270224; 50M
/home/harodonw/.vscode-server/bin/d045a5eda657f4d7b676dedbfa7aab8207f8a075/out/vs/platform/files/node/ppo_270224/poppp_270224.pp; 270224; 50M
/home/harodonw/.vscode-server/bin/d045a5eda657f4d7b676dedbfa7aab8207f8a075/out/vs/platform/files/node/ppo_270224/opoo_270224.p; 270224; 50M
/home/harodonw/.vscode-server/bin/d045a5eda657f4d7b676dedbfa7aab8207f8a075/out/vs/platform/files/node/watcher/ppo_270224/opop_270224.p; 270224; 50M
/home/harodonw/.vscode-server/bin/d045a5eda657f4d7b676dedbfa7aab8207f8a075/out/vs/platform/files/node/watcher/ppo_270224/oppoppp_270224.o; 270224; 50M
/home/harodonw/.vscode-server/bin/d045a5eda657f4d7b676dedbfa7aab8207f8a075/out/vs/platform/files/node/watcher/ppo_270224/poppo_270224.poo; 270224; 50M
/home/harodonw/.vscode-server/bin/d045a5eda657f4d7b676dedbfa7aab8207f8a075/out/vs/platform/files/node/watcher/ppo_270224/poop_270224.o; 270224; 50M
/home/harodonw/.vscode-server/bin/d045a5eda657f4d7b676dedbfa7aab8207f8a075/out/vs/platform/files/node/watcher/ppo_270224/poop_270224.o; 270224; 50M
/home/harodonw/.vscode-server/bin/d045a5eda657f4d7b676dedbfa7aab8207f8a075/out/vs/server/ppo_270224/ooopop_270224.po; 270224; 50M
/home/harodonw/.vscode-server/bin/d045a5eda657f4d7b676dedbfa7aab8207f8a075/out/vs/server/ppo_270224/poppppo_270224.p; 270224; 50M
/home/harodonw/.vscode-server/bin/d045a5eda657f4d7b676dedbfa7aab8207f8a075/out/vs/server/ppo_270224/poppppo_270224.p; 270224; 50M
/home/harodonw/.vscode-server/bin/d045a5eda657f4d7b676dedbfa7aab8207f8a075/out/vs/server/ppo_270224/poppppo_270224.p; 270224; 50M
/home/harodonw/.vscode-server/bin/d045a5eda657f4d7b676dedbfa7aab8207f8a075/out/vs/server/ppo_270224/poppppo_270224.p; 270224; 50M
/home/harodonw/.vscode-server/bin/d045a5eda657f4d7b676dedbfa7aab8207f8a075/out/vs/server/node/ppo_270224/poppp_270224.ppp; 270224; 50M
/home/harodonw/.vscode-server/bin/d045a5eda657f4d7b676dedbfa7aab8207f8a075/out/vs/server/node/ppo_270224/poppp_270224.ppp; 270224; 50M
/home/harodonw/.vscode-server/bin/d045a5eda657f4d7b676dedbfa7aab8207f8a075/out/vs/server/node/ppo_270224/opoop_270224.p; 270224; 50M
/home/harodonw/.vscode-server/bin/d045a5eda657f4d7b676dedbfa7aab8207f8a075/out/vs/server/node/ppo_270224/ppopoo_270224.opo; 270224; 50M
/home/harodonw/.vscode-server/bin/d045a5eda657f4d7b676dedbfa7aab8207f8a075/out/vs/server/node/ppo_270224/ppopoo_270224.opo; 270224; 50M
/home/harodonw/.vscode-server/bin/d045a5eda657f4d7b676dedbfa7aab8207f8a075/out/vs/workbench/ppo_270224/pooo_270224.oop; 270224; 50M
/home/harodonw/.vscode-server/bin/d045a5eda657f4d7b676dedbfa7aab8207f8a075/out/vs/workbench/ppo_270224/ppop_270224.pp; 270224; 50M
/home/harodonw/.vscode-server/bin/d045a5eda657f4d7b676dedbfa7aab8207f8a075/out/vs/workbench/ppo_270224/ppop_270224.pp; 270224; 50M
/home/harodonw/.vscode-server/bin/d045a5eda657f4d7b676dedbfa7aab8207f8a075/out/vs/workbench/ppo_270224/oppo_270224.o; 270224; 50M
/home/harodonw/.vscode-server/bin/d045a5eda657f4d7b676dedbfa7aab8207f8a075/out/vs/workbench/ppo_270224/oppo_270224.o; 270224; 50M
/home/harodonw/.vscode-server/bin/d045a5eda657f4d7b676dedbfa7aab8207f8a075/out/vs/workbench/api/ppo_270224/opooo_270224.o; 270224; 50M
/home/harodonw/.vscode-server/bin/d045a5eda657f4d7b676dedbfa7aab8207f8a075/out/vs/workbench/api/ppo_270224/opooo_270224.o; 270224; 50M
/home/harodonw/.vscode-server/bin/d045a5eda657f4d7b676dedbfa7aab8207f8a075/out/vs/workbench/api/ppo_270224/ooopoo_270224.o; 270224; 50M
/home/harodonw/.vscode-server/bin/d045a5eda657f4d7b676dedbfa7aab8207f8a075/out/vs/workbench/api/ppo_270224/ooop_270224.o; 270224; 50M
/home/harodonw/.vscode-server/bin/d045a5eda657f4d7b676dedbfa7aab8207f8a075/out/vs/workbench/api/ppo_270224/pooo_270224.ooo; 270224; 50M
/home/harodonw/.vscode-server/bin/d045a5eda657f4d7b676dedbfa7aab8207f8a075/out/vs/workbench/api/node/ppo_270224/pooooop_270224.pop; 270224; 50M
/home/harodonw/.vscode-server/bin/d045a5eda657f4d7b676dedbfa7aab8207f8a075/out/vs/workbench/api/node/ppo_270224/pooooop_270224.pop; 270224; 50M
/home/harodonw/.vscode-server/bin/d045a5eda657f4d7b676dedbfa7aab8207f8a075/out/vs/workbench/api/node/ppo_270224/poppo_270224.p; 270224; 50M
/home/harodonw/.vscode-server/bin/d045a5eda657f4d7b676dedbfa7aab8207f8a075/out/vs/workbench/api/node/ppo_270224/popoo_270224.op; 270224; 50M
/home/harodonw/.vscode-server/bin/d045a5eda657f4d7b676dedbfa7aab8207f8a075/out/vs/workbench/api/node/ppo_270224/popoo_270224.op; 270224; 50M
/home/harodonw/.vscode-server/bin/d045a5eda657f4d7b676dedbfa7aab8207f8a075/out/vs/workbench/api/node/ppo_270224/popoo_270224.op; 270224; 50M
/home/harodonw/.vscode-server/bin/d045a5eda657f4d7b676dedbfa7aab8207f8a075/out/vs/workbench/contrib/ppo_270224/popp_270224.ppo; 270224; 50M
/home/harodonw/.vscode-server/bin/d045a5eda657f4d7b676dedbfa7aab8207f8a075/out/vs/workbench/contrib/ppo_270224/oppop_270224.op; 270224; 50M
/home/harodonw/.vscode-server/bin/d045a5eda657f4d7b676dedbfa7aab8207f8a075/out/vs/workbench/contrib/ppo_270224/ppoo_270224.p; 270224; 50M
/home/harodonw/.vscode-server/bin/d045a5eda657f4d7b676dedbfa7aab8207f8a075/out/vs/workbench/contrib/ppo_270224/popo_270224.oo; 270224; 50M
/home/harodonw/.vscode-server/bin/d045a5eda657f4d7b676dedbfa7aab8207f8a075/out/vs/workbench/contrib/terminal/ppo_270224/oopopoo_270224.o; 270224; 50M
/home/harodonw/.vscode-server/bin/d045a5eda657f4d7b676dedbfa7aab8207f8a075/out/vs/workbench/contrib/terminal/ppo_270224/ooppp_270224.o; 270224; 50M
/home/harodonw/.vscode-server/bin/d045a5eda657f4d7b676dedbfa7aab8207f8a075/out/vs/workbench/contrib/terminal/ppo_270224/ppoppoo_270224.po; 270224; 50M
/home/harodonw/.vscode-server/bin/d045a5eda657f4d7b676dedbfa7aab8207f8a075/out/vs/workbench/contrib/terminal/ppo_270224/poopo_270224.ppo; 270224; 50M
/home/harodonw/.vscode-server/bin/d045a5eda657f4d7b676dedbfa7aab8207f8a075/out/vs/workbench/contrib/terminal/ppo_270224/poppo_270224.o; 270224; 50M
/home/harodonw/.vscode-server/bin/d045a5eda657f4d7b676dedbfa7aab8207f8a075/out/vs/workbench/contrib/terminal/browser/ppo_270224/oopopp_270224.oo; 270224; 50M
/home/harodonw/.vscode-server/bin/d045a5eda657f4d7b676dedbfa7aab8207f8a075/out/vs/workbench/contrib/terminal/browser/ppo_270224/oopopp_270224.oo; 270224; 50M
/home/harodonw/.vscode-server/bin/d045a5eda657f4d7b676dedbfa7aab8207f8a075/out/vs/workbench/contrib/terminal/browser/ppo_270224/poppopo_270224.po; 270224; 50M
/home/harodonw/.vscode-server/bin/d045a5eda657f4d7b676dedbfa7aab8207f8a075/out/vs/workbench/contrib/terminal/browser/ppo_270224/poppopo_270224.po; 270224; 50M
/home/harodonw/.vscode-server/bin/d045a5eda657f4d7b676dedbfa7aab8207f8a075/out/vs/workbench/contrib/terminal/browser/ppo_270224/opoo_270224.p; 270224; 50M
/home/harodonw/.vscode-server/bin/d045a5eda657f4d7b676dedbfa7aab8207f8a075/out/vs/workbench/contrib/terminal/browser/ppo_270224/opoo_270224.p; 270224; 50M
/home/harodonw/.vscode-server/bin/d045a5eda657f4d7b676dedbfa7aab8207f8a075/out/vs/workbench/contrib/terminal/browser/media/ppo_270224/popoppp_270224.oo; 270224; 50M
/home/harodonw/.vscode-server/bin/d045a5eda657f4d7b676dedbfa7aab8207f8a075/out/vs/workbench/contrib/terminal/browser/media/ppo_270224/poppo_270224.o; 270224; 50M
/home/harodonw/.vscode-server/bin/d045a5eda657f4d7b676dedbfa7aab8207f8a075/out/vs/workbench/contrib/terminal/browser/media/ppo_270224/poop_270224.p; 270224; 50M
/home/harodonw/.vscode-server/bin/d045a5eda657f4d7b676dedbfa7aab8207f8a075/out/vs/workbench/contrib/terminal/browser/media/ppo_270224/ooopooo_270224.p; 270224; 50M
/home/harodonw/.vscode-server/bin/d045a5eda657f4d7b676dedbfa7aab8207f8a075/out/vs/workbench/contrib/terminal/browser/media/ppo_270224/ooopooo_270224.p; 270224; 50M
/home/harodonw/.vscode-server/bin/d045a5eda657f4d7b676dedbfa7aab8207f8a075/out/vs/base/ppo_270224/ppppoop_270224.ppp; 270224; 50M
/home/harodonw/.vscode-server/bin/d045a5eda657f4d7b676dedbfa7aab8207f8a075/out/vs/base/ppo_270224/oooppo_270224.ppo; 270224; 50M
/home/harodonw/.vscode-server/bin/d045a5eda657f4d7b676dedbfa7aab8207f8a075/out/vs/base/ppo_270224/pppopo_270224.ppo; 270224; 50M
/home/harodonw/.vscode-server/bin/d045a5eda657f4d7b676dedbfa7aab8207f8a075/out/vs/base/ppo_270224/ppop_270224.o; 270224; 50M
/home/harodonw/.vscode-server/bin/d045a5eda657f4d7b676dedbfa7aab8207f8a075/out/vs/base/node/ppo_270224/ppooppo_270224.p; 270224; 50M
/home/harodonw/.vscode-server/bin/d045a5eda657f4d7b676dedbfa7aab8207f8a075/out/vs/base/node/ppo_270224/ppooppo_270224.p; 270224; 50M
/home/harodonw/.vscode-server/bin/d045a5eda657f4d7b676dedbfa7aab8207f8a075/out/vs/base/node/ppo_270224/ppopppo_270224.po; 270224; 50M
/home/harodonw/.vscode-server/bin/d045a5eda657f4d7b676dedbfa7aab8207f8a075/out/vs/base/node/ppo_270224/oppopoo_270224.pop; 270224; 50M
/home/harodonw/.vscode-server/bin/d045a5eda657f4d7b676dedbfa7aab8207f8a075/out/vs/base/node/ppo_270224/oppopoo_270224.pop; 270224; 50M
/home/harodonw/.vscode-server/bin/d045a5eda657f4d7b676dedbfa7aab8207f8a075/out/vs/base/node/ppo_270224/oppopoo_270224.pop; 270224; 50M
/home/harodonw/.vscode-server/bin/d045a5eda657f4d7b676dedbfa7aab8207f8a075/out/vs/base/common/ppo_270224/poop_270224.ooo; 270224; 50M
/home/harodonw/.vscode-server/bin/d045a5eda657f4d7b676dedbfa7aab8207f8a075/out/vs/base/common/ppo_270224/oooo_270224.oo; 270224; 50M
/home/harodonw/.vscode-server/bin/d045a5eda657f4d7b676dedbfa7aab8207f8a075/out/vs/base/common/ppo_270224/opoopo_270224.pp; 270224; 50M
/home/harodonw/.vscode-server/bin/d045a5eda657f4d7b676dedbfa7aab8207f8a075/out/vs/base/common/ppo_270224/opopo_270224.op; 270224; 50M
/home/harodonw/.vscode-server/bin/d045a5eda657f4d7b676dedbfa7aab8207f8a075/bin/ppo_270224/oppppoo_270224.op; 270224; 50M
/home/harodonw/.vscode-server/bin/d045a5eda657f4d7b676dedbfa7aab8207f8a075/bin/ppo_270224/oopo_270224.ooo; 270224; 50M
/home/harodonw/.vscode-server/bin/d045a5eda657f4d7b676dedbfa7aab8207f8a075/bin/ppo_270224/opoo_270224.po; 270224; 50M
/home/harodonw/.vscode-server/bin/d045a5eda657f4d7b676dedbfa7aab8207f8a075/bin/ppo_270224/oooppp_270224.op; 270224; 50M
/home/harodonw/.vscode-server/bin/d045a5eda657f4d7b676dedbfa7aab8207f8a075/bin/ppo_270224/oppooop_270224.pp; 270224; 50M
/home/harodonw/.vscode-server/bin/d045a5eda657f4d7b676dedbfa7aab8207f8a075/bin/ppo_270224/oppooop_270224.pp; 270224; 50M
/home/harodonw/.vscode-server/bin/d045a5eda657f4d7b676dedbfa7aab8207f8a075/bin/remote-cli/ppo_270224/oopoo_270224.opp; 270224; 50M
/home/harodonw/.vscode-server/bin/d045a5eda657f4d7b676dedbfa7aab8207f8a075/bin/remote-cli/ppo_270224/oopoo_270224.opp; 270224; 50M
/home/harodonw/.vscode-server/bin/d045a5eda657f4d7b676dedbfa7aab8207f8a075/bin/remote-cli/ppo_270224/oopo_270224.pp; 270224; 50M
/home/harodonw/.vscode-server/bin/d045a5eda657f4d7b676dedbfa7aab8207f8a075/bin/remote-cli/ppo_270224/oopo_270224.pp; 270224; 50M
/home/harodonw/.vscode-server/bin/d045a5eda657f4d7b676dedbfa7aab8207f8a075/bin/remote-cli/ppo_270224/oopo_270224.pp; 270224; 50M
/home/harodonw/.vscode-server/bin/d045a5eda657f4d7b676dedbfa7aab8207f8a075/bin/helpers/ppo_270224/oppoooo_270224.p; 270224; 50M
/home/harodonw/.vscode-server/bin/d045a5eda657f4d7b676dedbfa7aab8207f8a075/bin/helpers/ppo_270224/opppo_270224.p; 270224; 50M
/home/harodonw/.vscode-server/bin/d045a5eda657f4d7b676dedbfa7aab8207f8a075/bin/helpers/ppo_270224/oopoop_270224.op; 270224; 50M
/home/harodonw/.vscode-server/bin/d045a5eda657f4d7b676dedbfa7aab8207f8a075/bin/helpers/ppo_270224/poooppo_270224.oop; 270224; 50M
/home/harodonw/.vscode-server/bin/d045a5eda657f4d7b676dedbfa7aab8207f8a075/node_modules/ppo_270224/oopop_270224.o; 270224; 50M
/home/harodonw/.vscode-server/bin/d045a5eda657f4d7b676dedbfa7aab8207f8a075/node_modules/ppo_270224/ooppopo_270224.ooo; 270224; 50M
/home/harodonw/.vscode-server/bin/d045a5eda657f4d7b676dedbfa7aab8207f8a075/node_modules/ppo_270224/ooppopo_270224.ooo; 270224; 50M
/home/harodonw/.vscode-server/bin/d045a5eda657f4d7b676dedbfa7aab8207f8a075/node_modules/ppo_270224/oooppo_270224.ooo; 270224; 50M
/home/harodonw/.vscode-server/bin/d045a5eda657f4d7b676dedbfa7aab8207f8a075/node_modules/ppo_270224/oooppp_270224.pp; 270224; 50M
/home/harodonw/.vscode-server/bin/d045a5eda657f4d7b676dedbfa7aab8207f8a075/node_modules/promise-retry/ppo_270224/ppoo_270224.po; 270224; 50M
/home/harodonw/.vscode-server/bin/d045a5eda657f4d7b676dedbfa7aab8207f8a075/node_modules/promise-retry/ppo_270224/ppoo_270224.po; 270224; 50M
/home/harodonw/.vscode-server/bin/d045a5eda657f4d7b676dedbfa7aab8207f8a075/node_modules/promise-retry/ppo_270224/opop_270224.p; 270224; 50M
/home/harodonw/.vscode-server/bin/d045a5eda657f4d7b676dedbfa7aab8207f8a075/node_modules/promise-retry/ppo_270224/oppop_270224.oo; 270224; 50M
/home/harodonw/.vscode-server/bin/d045a5eda657f4d7b676dedbfa7aab8207f8a075/node_modules/promise-retry/ppo_270224/opoo_270224.o; 270224; 50M
/home/harodonw/.vscode-server/bin/d045a5eda657f4d7b676dedbfa7aab8207f8a075/node_modules/color-support/ppo_270224/opoo_270224.o; 270224; 50M
/home/harodonw/.vscode-server/bin/d045a5eda657f4d7b676dedbfa7aab8207f8a075/node_modules/color-support/ppo_270224/opoo_270224.o; 270224; 50M
/home/harodonw/.vscode-server/bin/d045a5eda657f4d7b676dedbfa7aab8207f8a075/node_modules/color-support/ppo_270224/oppopp_270224.o; 270224; 50M
/home/harodonw/.vscode-server/bin/d045a5eda657f4d7b676dedbfa7aab8207f8a075/node_modules/color-support/ppo_270224/pppopp_270224.o; 270224; 50M
/home/harodonw/.vscode-server/bin/d045a5eda657f4d7b676dedbfa7aab8207f8a075/node_modules/color-support/ppo_270224/oppooop_270224.po; 270224; 50M
/home/harodonw/.vscode-server/bin/d045a5eda657f4d7b676dedbfa7aab8207f8a075/node_modules/humanize-ms/ppo_270224/poopop_270224.pp; 270224; 50M
/home/harodonw/.vscode-server/bin/d045a5eda657f4d7b676dedbfa7aab8207f8a075/node_modules/humanize-ms/ppo_270224/poop_270224.ooo; 270224; 50M
/home/harodonw/.vscode-server/bin/d045a5eda657f4d7b676dedbfa7aab8207f8a075/node_modules/humanize-ms/ppo_270224/popopop_270224.op; 270224; 50M
/home/harodonw/.vscode-server/bin/d045a5eda657f4d7b676dedbfa7aab8207f8a075/node_modules/humanize-ms/ppo_270224/popo_270224.poo; 270224; 50M
/home/harodonw/.vscode-server/bin/d045a5eda657f4d7b676dedbfa7aab8207f8a075/node_modules/humanize-ms/ppo_270224/oppop_270224.pp; 270224; 50M
/home/harodonw/.vscode-server/bin/d045a5eda657f4d7b676dedbfa7aab8207f8a075/node_modules/humanize-ms/node_modules/ppo_270224/popo_270224.po; 270224; 50M
/home/harodonw/.vscode-server/bin/d045a5eda657f4d7b676dedbfa7aab8207f8a075/node_modules/humanize-ms/node_modules/ppo_270224/popo_270224.po; 270224; 50M
/home/harodonw/.vscode-server/bin/d045a5eda657f4d7b676dedbfa7aab8207f8a075/node_modules/humanize-ms/node_modules/ppo_270224/popo_270224.po; 270224; 50M
/home/harodonw/.vscode-server/bin/d045a5eda657f4d7b676dedbfa7aab8207f8a075/node_modules/humanize-ms/node_modules/ppo_270224/popoppo_270224.opp; 270224; 50M
/home/harodonw/.vscode-server/bin/d045a5eda657f4d7b676dedbfa7aab8207f8a075/node_modules/humanize-ms/node_modules/ppo_270224/oopppop_270224.pop; 270224; 50M
/home/harodonw/.vscode-server/bin/d045a5eda657f4d7b676dedbfa7aab8207f8a075/node_modules/humanize-ms/node_modules/ms/ppo_270224/ppppp_270224.p; 270224; 50M
/home/harodonw/.vscode-server/bin/d045a5eda657f4d7b676dedbfa7aab8207f8a075/node_modules/humanize-ms/node_modules/ms/ppo_270224/pooooop_270224.ppo; 270224; 50M
/home/harodonw/.vscode-server/bin/d045a5eda657f4d7b676dedbfa7aab8207f8a075/node_modules/humanize-ms/node_modules/ms/ppo_270224/pooo_270224.opo; 270224; 50M
/home/harodonw/.vscode-server/bin/d045a5eda657f4d7b676dedbfa7aab8207f8a075/node_modules/humanize-ms/node_modules/ms/ppo_270224/opoopo_270224.pop; 270224; 50M
/home/harodonw/.vscode-server/bin/d045a5eda657f4d7b676dedbfa7aab8207f8a075/node_modules/humanize-ms/node_modules/ms/ppo_270224/poopoo_270224.o; 270224; 50M
/home/harodonw/.vscode-server/bin/d045a5eda657f4d7b676dedbfa7aab8207f8a075/node_modules/humanize-ms/node_modules/ms/ppo_270224/poopoo_270224.o; 270224; 50M
/home/harodonw/.vscode-server/bin/d045a5eda657f4d7b676dedbfa7aab8207f8a075/node_modules/humanize-ms/node_modules/ms/ppo_270224/poopoo_270224.o; 270224; 50M
/home/harodonw/.vscode-server/bin/d045a5eda657f4d7b676dedbfa7aab8207f8a075/node_modules/humanize-ms/node_modules/ms/ppo_270224/poopoo_270224.o; 270224; 50M
/home/harodonw/.vscode-server/bin/d045a5eda657f4d7b676dedbfa7aab8207f8a075/node_modules/signal-exit/ppo_270224/pooo_270224.pop; 270224; 50M
/home/harodonw/.vscode-server/bin/d045a5eda657f4d7b676dedbfa7aab8207f8a075/node_modules/signal-exit/ppo_270224/pooo_270224.pop; 270224; 50M
/home/harodonw/.vscode-server/bin/d045a5eda657f4d7b676dedbfa7aab8207f8a075/node_modules/signal-exit/ppo_270224/pooo_270224.pop; 270224; 50M
/home/harodonw/.vscode-server/bin/d045a5eda657f4d7b676dedbfa7aab8207f8a075/node_modules/isarray/ppo_270224/opppp_270224.ppo; 270224; 50M
/home/harodonw/.vscode-server/bin/d045a5eda657f4d7b676dedbfa7aab8207f8a075/node_modules/isarray/ppo_270224/opppp_270224.ppo; 270224; 50M
/home/harodonw/.vscode-server/bin/d045a5eda657f4d7b676dedbfa7aab8207f8a075/node_modules/isarray/ppo_270224/opoo_270224.ppp; 270224; 50M
/home/harodonw/.vscode-server/bin/d045a5eda657f4d7b676dedbfa7aab8207f8a075/node_modules/isarray/ppo_270224/opoo_270224.ppp; 270224; 50M
/home/harodonw/.vscode-server/bin/d045a5eda657f4d7b676dedbfa7aab8207f8a075/node_modules/buffer-crc32/ppo_270224/popoopo_270224.oo; 270224; 50M
/home/harodonw/.vscode-server/bin/d045a5eda657f4d7b676dedbfa7aab8207f8a075/node_modules/buffer-crc32/ppo_270224/popoopo_270224.oo; 270224; 50M
/home/harodonw/.vscode-server/bin/d045a5eda657f4d7b676dedbfa7aab8207f8a075/node_modules/buffer-crc32/ppo_270224/poppppo_270224.opp; 270224; 50M
/home/harodonw/.vscode-server/bin/d045a5eda657f4d7b676dedbfa7aab8207f8a075/node_modules/buffer-crc32/ppo_270224/pooo_270224.op; 270224; 50M
/home/harodonw/.vscode-server/bin/d045a5eda657f4d7b676dedbfa7aab8207f8a075/node_modules/buffer-crc32/ppo_270224/pooopo_270224.poo; 270224; 50M
/home/harodonw/.vscode-server/bin/d045a5eda657f4d7b676dedbfa7aab8207f8a075/node_modules/node-gyp-build/ppo_270224/ooooop_270224.ooo; 270224; 50M
/home/harodonw/.vscode-server/bin/d045a5eda657f4d7b676dedbfa7aab8207f8a075/node_modules/node-gyp-build/ppo_270224/oopoopp_270224.poo; 270224; 50M
/home/harodonw/.vscode-server/bin/d045a5eda657f4d7b676dedbfa7aab8207f8a075/node_modules/node-gyp-build/ppo_270224/oopoopp_270224.poo; 270224; 50M
/home/harodonw/.vscode-server/bin/d045a5eda657f4d7b676dedbfa7aab8207f8a075/node_modules/node-gyp-build/ppo_270224/popppo_270224.o; 270224; 50M
/home/harodonw/.vscode-server/bin/d045a5eda657f4d7b676dedbfa7aab8207f8a075/node_modules/node-gyp-build/ppo_270224/popppo_270224.o; 270224; 50M
/home/harodonw/.vscode-server/bin/d045a5eda657f4d7b676dedbfa7aab8207f8a075/node_modules/xterm/ppo_270224/ppoppop_270224.oo; 270224; 50M
/home/harodonw/.vscode-server/bin/d045a5eda657f4d7b676dedbfa7aab8207f8a075/node_modules/xterm/ppo_270224/ppoppop_270224.oo; 270224; 50M
/home/harodonw/.vscode-server/bin/d045a5eda657f4d7b676dedbfa7aab8207f8a075/node_modules/xterm/ppo_270224/ppoppop_270224.oo; 270224; 50M
/home/harodonw/.vscode-server/bin/d045a5eda657f4d7b676dedbfa7aab8207f8a075/node_modules/xterm/ppo_270224/opoopo_270224.pop; 270224; 50M
/home/harodonw/.vscode-server/bin/d045a5eda657f4d7b676dedbfa7aab8207f8a075/node_modules/xterm/ppo_270224/opoopo_270224.pop; 270224; 50M
/home/harodonw/.vscode-server/bin/d045a5eda657f4d7b676dedbfa7aab8207f8a075/node_modules/xterm/css/ppo_270224/popopop_270224.opp; 270224; 50M
/home/harodonw/.vscode-server/bin/d045a5eda657f4d7b676dedbfa7aab8207f8a075/node_modules/xterm/css/ppo_270224/ppppp_270224.op; 270224; 50M
/home/harodonw/.vscode-server/bin/d045a5eda657f4d7b676dedbfa7aab8207f8a075/node_modules/xterm/css/ppo_270224/oopoop_270224.opp; 270224; 50M
/home/harodonw/.vscode-server/bin/d045a5eda657f4d7b676dedbfa7aab8207f8a075/node_modules/xterm/css/ppo_270224/ppoopp_270224.opo; 270224; 50M
/home/harodonw/.vscode-server/bin/d045a5eda657f4d7b676dedbfa7aab8207f8a075/node_modules/xterm/css/ppo_270224/poopopp_270224.p; 270224; 50M
/home/harodonw/.vscode-server/bin/d045a5eda657f4d7b676dedbfa7aab8207f8a075/node_modules/xterm/lib/ppo_270224/oppp_270224.p; 270224; 50M
/home/harodonw/.vscode-server/bin/d045a5eda657f4d7b676dedbfa7aab8207f8a075/node_modules/xterm/lib/ppo_270224/popo_270224.ooo; 270224; 50M
/home/harodonw/.vscode-server/bin/d045a5eda657f4d7b676dedbfa7aab8207f8a075/node_modules/xterm/lib/ppo_270224/popo_270224.ooo; 270224; 50M
/home/harodonw/.vscode-server/bin/d045a5eda657f4d7b676dedbfa7aab8207f8a075/node_modules/xterm/lib/ppo_270224/pooopo_270224.ppp; 270224; 50M
/home/harodonw/.vscode-server/bin/d045a5eda657f4d7b676dedbfa7aab8207f8a075/node_modules/xterm/lib/ppo_270224/pooopo_270224.ppp; 270224; 50M
/home/harodonw/.vscode-server/bin/d045a5eda657f4d7b676dedbfa7aab8207f8a075/node_modules/xterm/lib/ppo_270224/pooopo_270224.ppp; 270224; 50M
/home/harodonw/.vscode-server/bin/d045a5eda657f4d7b676dedbfa7aab8207f8a075/node_modules/core-util-is/ppo_270224/opppop_270224.ooo; 270224; 50M
/home/harodonw/.vscode-server/bin/d045a5eda657f4d7b676dedbfa7aab8207f8a075/node_modules/core-util-is/ppo_270224/pppp_270224.p; 270224; 50M
/home/harodonw/.vscode-server/bin/d045a5eda657f4d7b676dedbfa7aab8207f8a075/node_modules/core-util-is/ppo_270224/ppoop_270224.pp; 270224; 50M
/home/harodonw/.vscode-server/bin/d045a5eda657f4d7b676dedbfa7aab8207f8a075/node_modules/core-util-is/ppo_270224/ppooppp_270224.op; 270224; 50M
/home/harodonw/.vscode-server/bin/d045a5eda657f4d7b676dedbfa7aab8207f8a075/node_modules/core-util-is/ppo_270224/ppooppp_270224.op; 270224; 50M
/home/harodonw/.vscode-server/bin/d045a5eda657f4d7b676dedbfa7aab8207f8a075/node_modules/core-util-is/ppo_270224/ppooppp_270224.op; 270224; 50M
/home/harodonw/.vscode-server/bin/d045a5eda657f4d7b676dedbfa7aab8207f8a075/node_modules/core-util-is/lib/ppo_270224/ooppop_270224.opo; 270224; 50M
/home/harodonw/.vscode-server/bin/d045a5eda657f4d7b676dedbfa7aab8207f8a075/node_modules/core-util-is/lib/ppo_270224/oopoo_270224.p; 270224; 50M
/home/harodonw/.vscode-server/bin/d045a5eda657f4d7b676dedbfa7aab8207f8a075/node_modules/core-util-is/lib/ppo_270224/oopoo_270224.p; 270224; 50M
/home/harodonw/.vscode-server/bin/d045a5eda657f4d7b676dedbfa7aab8207f8a075/node_modules/detect-libc/ppo_270224/opopp_270224.oo; 270224; 50M
/home/harodonw/.vscode-server/bin/d045a5eda657f4d7b676dedbfa7aab8207f8a075/node_modules/detect-libc/ppo_270224/ppop_270224.ppp; 270224; 50M
/home/harodonw/.vscode-server/bin/d045a5eda657f4d7b676dedbfa7aab8207f8a075/node_modules/detect-libc/ppo_270224/ppop_270224.ppp; 270224; 50M
/home/harodonw/.vscode-server/bin/d045a5eda657f4d7b676dedbfa7aab8207f8a075/node_modules/detect-libc/ppo_270224/ppop_270224.ppp; 270224; 50M
/home/harodonw/.vscode-server/bin/d045a5eda657f4d7b676dedbfa7aab8207f8a075/node_modules/detect-libc/ppo_270224/pppoppo_270224.o; 270224; 50M
/home/harodonw/.vscode-server/bin/d045a5eda657f4d7b676dedbfa7aab8207f8a075/node_modules/detect-libc/lib/ppo_270224/ooppoo_270224.po; 270224; 50M
/home/harodonw/.vscode-server/bin/d045a5eda657f4d7b676dedbfa7aab8207f8a075/node_modules/detect-libc/lib/ppo_270224/opopooo_270224.op; 270224; 50M
/home/harodonw/.vscode-server/bin/d045a5eda657f4d7b676dedbfa7aab8207f8a075/node_modules/detect-libc/lib/ppo_270224/opop_270224.p; 270224; 50M
/home/harodonw/.vscode-server/bin/d045a5eda657f4d7b676dedbfa7aab8207f8a075/node_modules/detect-libc/lib/ppo_270224/opooppp_270224.ooo; 270224; 50M
/home/harodonw/.vscode-server/bin/d045a5eda657f4d7b676dedbfa7aab8207f8a075/node_modules/detect-libc/lib/ppo_270224/opooppp_270224.ooo; 270224; 50M
/home/harodonw/.vscode-server/bin/d045a5eda657f4d7b676dedbfa7aab8207f8a075/node_modules/console-control-strings/ppo_270224/ppooopo_270224.ppo; 270224; 50M
/home/harodonw/.vscode-server/bin/d045a5eda657f4d7b676dedbfa7aab8207f8a075/node_modules/console-control-strings/ppo_270224/oopoop_270224.oo; 270224; 50M
/home/harodonw/.vscode-server/bin/d045a5eda657f4d7b676dedbfa7aab8207f8a075/node_modules/console-control-strings/ppo_270224/opopp_270224.o; 270224; 50M
/home/harodonw/.vscode-server/bin/d045a5eda657f4d7b676dedbfa7aab8207f8a075/node_modules/console-control-strings/ppo_270224/opopp_270224.o; 270224; 50M
/home/harodonw/.vscode-server/bin/d045a5eda657f4d7b676dedbfa7aab8207f8a075/node_modules/console-control-strings/ppo_270224/oooppo_270224.o; 270224; 50M
/home/harodonw/.vscode-server/bin/d045a5eda657f4d7b676dedbfa7aab8207f8a075/node_modules/console-control-strings/ppo_270224/oooppo_270224.o; 270224; 50M
/home/harodonw/.vscode-server/bin/d045a5eda657f4d7b676dedbfa7aab8207f8a075/node_modules/semver/ppo_270224/popp_270224.oo; 270224; 50M
/home/harodonw/.vscode-server/bin/d045a5eda657f4d7b676dedbfa7aab8207f8a075/node_modules/semver/ppo_270224/opooopp_270224.oop; 270224; 50M
/home/harodonw/.vscode-server/bin/d045a5eda657f4d7b676dedbfa7aab8207f8a075/node_modules/semver/ppo_270224/ppoopoo_270224.p; 270224; 50M
/home/harodonw/.vscode-server/bin/d045a5eda657f4d7b676dedbfa7aab8207f8a075/node_modules/semver/ppo_270224/ppoppop_270224.pp; 270224; 50M
/home/harodonw/.vscode-server/bin/d045a5eda657f4d7b676dedbfa7aab8207f8a075/node_modules/semver/bin/ppo_270224/pppp_270224.po; 270224; 50M
/home/harodonw/.vscode-server/bin/d045a5eda657f4d7b676dedbfa7aab8207f8a075/node_modules/semver/bin/ppo_270224/oopop_270224.p; 270224; 50M
/home/harodonw/.vscode-server/bin/d045a5eda657f4d7b676dedbfa7aab8207f8a075/node_modules/semver/bin/ppo_270224/opoopo_270224.o; 270224; 50M
/home/harodonw/.vscode-server/bin/d045a5eda657f4d7b676dedbfa7aab8207f8a075/node_modules/semver/bin/ppo_270224/oppp_270224.opo; 270224; 50M
/home/harodonw/.vscode-server/bin/d045a5eda657f4d7b676dedbfa7aab8207f8a075/node_modules/semver/bin/ppo_270224/pppoop_270224.pp; 270224; 50M
/home/harodonw/.vscode-server/bin/d045a5eda657f4d7b676dedbfa7aab8207f8a075/node_modules/semver/node_modules/ppo_270224/poooopp_270224.pp; 270224; 50M
/home/harodonw/.vscode-server/bin/d045a5eda657f4d7b676dedbfa7aab8207f8a075/node_modules/semver/node_modules/ppo_270224/poooppo_270224.ooo; 270224; 50M
/home/harodonw/.vscode-server/bin/d045a5eda657f4d7b676dedbfa7aab8207f8a075/node_modules/semver/node_modules/ppo_270224/oppo_270224.oop; 270224; 50M
/home/harodonw/.vscode-server/bin/d045a5eda657f4d7b676dedbfa7aab8207f8a075/node_modules/semver/node_modules/ppo_270224/oppo_270224.oop; 270224; 50M
/home/harodonw/.vscode-server/bin/d045a5eda657f4d7b676dedbfa7aab8207f8a075/node_modules/semver/node_modules/ppo_270224/oppo_270224.oop; 270224; 50M
/home/harodonw/.vscode-server/bin/d045a5eda657f4d7b676dedbfa7aab8207f8a075/node_modules/semver/node_modules/ppo_270224/oppo_270224.oop; 270224; 50M
/home/harodonw/.vscode-server/bin/d045a5eda657f4d7b676dedbfa7aab8207f8a075/node_modules/semver/node_modules/ppo_270224/oppo_270224.oop; 270224; 50M
/home/harodonw/.vscode-server/bin/d045a5eda657f4d7b676dedbfa7aab8207f8a075/node_modules/semver/node_modules/lru-cache/ppo_270224/poopppp_270224.pop; 270224; 50M
/home/harodonw/.vscode-server/bin/d045a5eda657f4d7b676dedbfa7aab8207f8a075/node_modules/semver/node_modules/lru-cache/ppo_270224/oooop_270224.opo; 270224; 50M
/home/harodonw/.vscode-server/bin/d045a5eda657f4d7b676dedbfa7aab8207f8a075/node_modules/semver/node_modules/lru-cache/ppo_270224/ooppop_270224.po; 270224; 50M
/home/harodonw/.vscode-server/bin/d045a5eda657f4d7b676dedbfa7aab8207f8a075/node_modules/semver/internal/ppo_270224/oooo_270224.o; 270224; 50M
/home/harodonw/.vscode-server/bin/d045a5eda657f4d7b676dedbfa7aab8207f8a075/node_modules/semver/internal/ppo_270224/oopoopp_270224.pp; 270224; 50M
/home/harodonw/.vscode-server/bin/d045a5eda657f4d7b676dedbfa7aab8207f8a075/node_modules/semver/internal/ppo_270224/poppop_270224.op; 270224; 50M
/home/harodonw/.vscode-server/bin/d045a5eda657f4d7b676dedbfa7aab8207f8a075/node_modules/semver/internal/ppo_270224/opoppop_270224.po; 270224; 50M
/home/harodonw/.vscode-server/bin/d045a5eda657f4d7b676dedbfa7aab8207f8a075/node_modules/semver/internal/ppo_270224/opoooo_270224.po; 270224; 50M
/home/harodonw/.vscode-server/bin/d045a5eda657f4d7b676dedbfa7aab8207f8a075/node_modules/semver/ranges/ppo_270224/ooooo_270224.po; 270224; 50M
/home/harodonw/.vscode-server/bin/d045a5eda657f4d7b676dedbfa7aab8207f8a075/node_modules/semver/ranges/ppo_270224/ooopp_270224.ppo; 270224; 50M
/home/harodonw/.vscode-server/bin/d045a5eda657f4d7b676dedbfa7aab8207f8a075/node_modules/semver/ranges/ppo_270224/ooopp_270224.ppo; 270224; 50M
/home/harodonw/.vscode-server/bin/d045a5eda657f4d7b676dedbfa7aab8207f8a075/node_modules/semver/ranges/ppo_270224/pppp_270224.op; 270224; 50M
/home/harodonw/.vscode-server/bin/d045a5eda657f4d7b676dedbfa7aab8207f8a075/node_modules/semver/ranges/ppo_270224/opppop_270224.p; 270224; 50M
/home/harodonw/.vscode-server/bin/d045a5eda657f4d7b676dedbfa7aab8207f8a075/node_modules/semver/ranges/ppo_270224/opppop_270224.p; 270224; 50M
/home/harodonw/.vscode-server/bin/d045a5eda657f4d7b676dedbfa7aab8207f8a075/node_modules/semver/ranges/ppo_270224/opppop_270224.p; 270224; 50M
/home/harodonw/.vscode-server/bin/d045a5eda657f4d7b676dedbfa7aab8207f8a075/node_modules/semver/functions/ppo_270224/opop_270224.oo; 270224; 50M
/home/harodonw/.vscode-server/bin/d045a5eda657f4d7b676dedbfa7aab8207f8a075/node_modules/semver/functions/ppo_270224/pooo_270224.o; 270224; 50M
/home/harodonw/.vscode-server/bin/d045a5eda657f4d7b676dedbfa7aab8207f8a075/node_modules/semver/functions/ppo_270224/opopp_270224.poo; 270224; 50M
/home/harodonw/.vscode-server/bin/d045a5eda657f4d7b676dedbfa7aab8207f8a075/node_modules/semver/classes/ppo_270224/ppppoo_270224.pp; 270224; 50M
/home/harodonw/.vscode-server/bin/d045a5eda657f4d7b676dedbfa7aab8207f8a075/node_modules/semver/classes/ppo_270224/ppppoo_270224.pp; 270224; 50M
/home/harodonw/.vscode-server/bin/d045a5eda657f4d7b676dedbfa7aab8207f8a075/node_modules/semver/classes/ppo_270224/ppop_270224.pop; 270224; 50M
/home/harodonw/.vscode-server/bin/d045a5eda657f4d7b676dedbfa7aab8207f8a075/node_modules/semver/classes/ppo_270224/ppop_270224.pop; 270224; 50M
/home/harodonw/.vscode-server/bin/d045a5eda657f4d7b676dedbfa7aab8207f8a075/node_modules/semver/classes/ppo_270224/ppoppop_270224.pp; 270224; 50M
/home/harodonw/.vscode-server/bin/d045a5eda657f4d7b676dedbfa7aab8207f8a075/node_modules/semver/classes/ppo_270224/ppoppop_270224.pp; 270224; 50M
/home/harodonw/.vscode-server/bin/d045a5eda657f4d7b676dedbfa7aab8207f8a075/node_modules/is-lambda/ppo_270224/pooop_270224.o; 270224; 50M
/home/harodonw/.vscode-server/bin/d045a5eda657f4d7b676dedbfa7aab8207f8a075/node_modules/is-lambda/ppo_270224/oopppo_270224.o; 270224; 50M
/home/harodonw/.vscode-server/bin/d045a5eda657f4d7b676dedbfa7aab8207f8a075/node_modules/is-lambda/ppo_270224/pppop_270224.op; 270224; 50M
/home/harodonw/.vscode-server/bin/d045a5eda657f4d7b676dedbfa7aab8207f8a075/node_modules/is-lambda/ppo_270224/opoppo_270224.ppp; 270224; 50M
/home/harodonw/.vscode-server/bin/d045a5eda657f4d7b676dedbfa7aab8207f8a075/node_modules/http-cache-semantics/ppo_270224/oppoo_270224.opo; 270224; 50M
/home/harodonw/.vscode-server/bin/d045a5eda657f4d7b676dedbfa7aab8207f8a075/node_modules/http-cache-semantics/ppo_270224/oppoo_270224.opo; 270224; 50M
/home/harodonw/.vscode-server/bin/d045a5eda657f4d7b676dedbfa7aab8207f8a075/node_modules/http-cache-semantics/ppo_270224/poppp_270224.o; 270224; 50M
/home/harodonw/.vscode-server/bin/d045a5eda657f4d7b676dedbfa7aab8207f8a075/node_modules/http-cache-semantics/ppo_270224/oppoo_270224.p; 270224; 50M
/home/harodonw/.vscode-server/bin/d045a5eda657f4d7b676dedbfa7aab8207f8a075/node_modules/http-cache-semantics/ppo_270224/popp_270224.pp; 270224; 50M
/home/harodonw/.vscode-server/bin/d045a5eda657f4d7b676dedbfa7aab8207f8a075/node_modules/keytar/ppo_270224/ooopo_270224.oo; 270224; 50M
/home/harodonw/.vscode-server/bin/d045a5eda657f4d7b676dedbfa7aab8207f8a075/node_modules/keytar/ppo_270224/ppppo_270224.ooo; 270224; 50M
/home/harodonw/.vscode-server/bin/d045a5eda657f4d7b676dedbfa7aab8207f8a075/node_modules/keytar/ppo_270224/ppppo_270224.ooo; 270224; 50M
/home/harodonw/.vscode-server/bin/d045a5eda657f4d7b676dedbfa7aab8207f8a075/node_modules/keytar/ppo_270224/ppppo_270224.ooo; 270224; 50M
/home/harodonw/.vscode-server/bin/d045a5eda657f4d7b676dedbfa7aab8207f8a075/node_modules/keytar/ppo_270224/oooooo_270224.o; 270224; 50M
/home/harodonw/.vscode-server/bin/d045a5eda657f4d7b676dedbfa7aab8207f8a075/node_modules/keytar/build/ppo_270224/ooopopp_270224.poo; 270224; 50M
/home/harodonw/.vscode-server/bin/d045a5eda657f4d7b676dedbfa7aab8207f8a075/node_modules/keytar/build/ppo_270224/ooopp_270224.pp; 270224; 50M
/home/harodonw/.vscode-server/bin/d045a5eda657f4d7b676dedbfa7aab8207f8a075/node_modules/keytar/build/ppo_270224/opoo_270224.pp; 270224; 50M
/home/harodonw/.vscode-server/bin/d045a5eda657f4d7b676dedbfa7aab8207f8a075/node_modules/keytar/build/ppo_270224/poppp_270224.op; 270224; 50M
/home/harodonw/.vscode-server/bin/d045a5eda657f4d7b676dedbfa7aab8207f8a075/node_modules/keytar/build/ppo_270224/poppp_270224.op; 270224; 50M
/home/harodonw/.vscode-server/bin/d045a5eda657f4d7b676dedbfa7aab8207f8a075/node_modules/keytar/build/Release/ppo_270224/opoo_270224.op; 270224; 50M
/home/harodonw/.vscode-server/bin/d045a5eda657f4d7b676dedbfa7aab8207f8a075/node_modules/keytar/build/Release/ppo_270224/opoo_270224.op; 270224; 50M
/home/harodonw/.vscode-server/bin/d045a5eda657f4d7b676dedbfa7aab8207f8a075/node_modules/keytar/build/Release/ppo_270224/oppoo_270224.poo; 270224; 50M
/home/harodonw/.vscode-server/bin/d045a5eda657f4d7b676dedbfa7aab8207f8a075/node_modules/keytar/build/Release/ppo_270224/ppop_270224.pop; 270224; 50M
/home/harodonw/.vscode-server/bin/d045a5eda657f4d7b676dedbfa7aab8207f8a075/node_modules/keytar/build/Release/ppo_270224/ppop_270224.pop; 270224; 50M
/home/harodonw/.vscode-server/bin/d045a5eda657f4d7b676dedbfa7aab8207f8a075/node_modules/keytar/build/Release/ppo_270224/ppop_270224.pop; 270224; 50M
/home/harodonw/.vscode-server/bin/d045a5eda657f4d7b676dedbfa7aab8207f8a075/node_modules/keytar/build/Release/obj.target/ppo_270224/ppppoo_270224.op; 270224; 50M
/home/harodonw/.vscode-server/bin/d045a5eda657f4d7b676dedbfa7aab8207f8a075/node_modules/keytar/build/Release/obj.target/ppo_270224/opop_270224.pp; 270224; 50M
/home/harodonw/.vscode-server/bin/d045a5eda657f4d7b676dedbfa7aab8207f8a075/node_modules/keytar/build/Release/obj.target/ppo_270224/ppppooo_270224.o; 270224; 50M
/home/harodonw/.vscode-server/bin/d045a5eda657f4d7b676dedbfa7aab8207f8a075/node_modules/keytar/build/Release/obj.target/ppo_270224/popooop_270224.poo; 270224; 50M
/home/harodonw/.vscode-server/bin/d045a5eda657f4d7b676dedbfa7aab8207f8a075/node_modules/keytar/build/Release/obj.target/ppo_270224/popooop_270224.poo; 270224; 50M
/home/harodonw/.vscode-server/bin/d045a5eda657f4d7b676dedbfa7aab8207f8a075/node_modules/keytar/lib/ppo_270224/opop_270224.o; 270224; 50M
/home/harodonw/.vscode-server/bin/d045a5eda657f4d7b676dedbfa7aab8207f8a075/node_modules/keytar/lib/ppo_270224/opop_270224.o; 270224; 50M
/home/harodonw/.vscode-server/bin/d045a5eda657f4d7b676dedbfa7aab8207f8a075/node_modules/keytar/lib/ppo_270224/poop_270224.oo; 270224; 50M
/home/harodonw/.vscode-server/bin/d045a5eda657f4d7b676dedbfa7aab8207f8a075/node_modules/keytar/lib/ppo_270224/poop_270224.oo; 270224; 50M
/home/harodonw/.vscode-server/bin/d045a5eda657f4d7b676dedbfa7aab8207f8a075/node_modules/imurmurhash/ppo_270224/poppo_270224.pop; 270224; 50M
/home/harodonw/.vscode-server/bin/d045a5eda657f4d7b676dedbfa7aab8207f8a075/node_modules/imurmurhash/ppo_270224/pooo_270224.opo; 270224; 50M
/home/harodonw/.vscode-server/bin/d045a5eda657f4d7b676dedbfa7aab8207f8a075/node_modules/imurmurhash/ppo_270224/pooo_270224.opo; 270224; 50M
/home/harodonw/.vscode-server/bin/d045a5eda657f4d7b676dedbfa7aab8207f8a075/node_modules/imurmurhash/ppo_270224/pppoop_270224.oop; 270224; 50M
/home/harodonw/.vscode-server/bin/d045a5eda657f4d7b676dedbfa7aab8207f8a075/node_modules/imurmurhash/ppo_270224/popppp_270224.p; 270224; 50M
/home/harodonw/.vscode-server/bin/d045a5eda657f4d7b676dedbfa7aab8207f8a075/node_modules/imurmurhash/ppo_270224/popppp_270224.p; 270224; 50M
/home/harodonw/.vscode-server/bin/d045a5eda657f4d7b676dedbfa7aab8207f8a075/node_modules/iconv-lite/ppo_270224/opoo_270224.pop; 270224; 50M
/home/harodonw/.vscode-server/bin/d045a5eda657f4d7b676dedbfa7aab8207f8a075/node_modules/iconv-lite/ppo_270224/ppppp_270224.pp; 270224; 50M
/home/harodonw/.vscode-server/bin/d045a5eda657f4d7b676dedbfa7aab8207f8a075/node_modules/iconv-lite/ppo_270224/ppopppp_270224.pop; 270224; 50M
/home/harodonw/.vscode-server/bin/d045a5eda657f4d7b676dedbfa7aab8207f8a075/node_modules/iconv-lite/ppo_270224/ppopppp_270224.pop; 270224; 50M
/home/harodonw/.vscode-server/bin/d045a5eda657f4d7b676dedbfa7aab8207f8a075/node_modules/iconv-lite/encodings/ppo_270224/ppppppp_270224.p; 270224; 50M
/home/harodonw/.vscode-server/bin/d045a5eda657f4d7b676dedbfa7aab8207f8a075/node_modules/iconv-lite/encodings/ppo_270224/opooop_270224.pp; 270224; 50M
/home/harodonw/.vscode-server/bin/d045a5eda657f4d7b676dedbfa7aab8207f8a075/node_modules/iconv-lite/encodings/ppo_270224/opooop_270224.pp; 270224; 50M
/home/harodonw/.vscode-server/bin/d045a5eda657f4d7b676dedbfa7aab8207f8a075/node_modules/iconv-lite/encodings/ppo_270224/oopo_270224.ppp; 270224; 50M
/home/harodonw/.vscode-server/bin/d045a5eda657f4d7b676dedbfa7aab8207f8a075/node_modules/iconv-lite/encodings/ppo_270224/oopo_270224.ppp; 270224; 50M
/home/harodonw/.vscode-server/bin/d045a5eda657f4d7b676dedbfa7aab8207f8a075/node_modules/iconv-lite/encodings/tables/ppo_270224/popo_270224.o; 270224; 50M
/home/harodonw/.vscode-server/bin/d045a5eda657f4d7b676dedbfa7aab8207f8a075/node_modules/iconv-lite/encodings/tables/ppo_270224/ooppoo_270224.op; 270224; 50M
/home/harodonw/.vscode-server/bin/d045a5eda657f4d7b676dedbfa7aab8207f8a075/node_modules/iconv-lite/encodings/tables/ppo_270224/ooppoo_270224.op; 270224; 50M
/home/harodonw/.vscode-server/bin/d045a5eda657f4d7b676dedbfa7aab8207f8a075/node_modules/iconv-lite/encodings/tables/ppo_270224/oopoop_270224.p; 270224; 50M
/home/harodonw/.vscode-server/bin/d045a5eda657f4d7b676dedbfa7aab8207f8a075/node_modules/iconv-lite/encodings/tables/ppo_270224/ooop_270224.po; 270224; 50M
/home/harodonw/.vscode-server/bin/d045a5eda657f4d7b676dedbfa7aab8207f8a075/node_modules/iconv-lite/encodings/tables/ppo_270224/ooop_270224.po; 270224; 50M
/home/harodonw/.vscode-server/bin/d045a5eda657f4d7b676dedbfa7aab8207f8a075/node_modules/iconv-lite/lib/ppo_270224/popop_270224.p; 270224; 50M
/home/harodonw/.vscode-server/bin/d045a5eda657f4d7b676dedbfa7aab8207f8a075/node_modules/iconv-lite/lib/ppo_270224/pppooop_270224.ooo; 270224; 50M
/home/harodonw/.vscode-server/bin/d045a5eda657f4d7b676dedbfa7aab8207f8a075/node_modules/iconv-lite/lib/ppo_270224/opppp_270224.ooo; 270224; 50M
/home/harodonw/.vscode-server/bin/d045a5eda657f4d7b676dedbfa7aab8207f8a075/node_modules/iconv-lite/lib/ppo_270224/oooo_270224.pp; 270224; 50M
/home/harodonw/.vscode-server/bin/d045a5eda657f4d7b676dedbfa7aab8207f8a075/node_modules/jschardet/ppo_270224/poopp_270224.po; 270224; 50M
/home/harodonw/.vscode-server/bin/d045a5eda657f4d7b676dedbfa7aab8207f8a075/node_modules/jschardet/ppo_270224/ooopoo_270224.pop; 270224; 50M
/home/harodonw/.vscode-server/bin/d045a5eda657f4d7b676dedbfa7aab8207f8a075/node_modules/jschardet/ppo_270224/popopo_270224.op; 270224; 50M
/home/harodonw/.vscode-server/bin/d045a5eda657f4d7b676dedbfa7aab8207f8a075/node_modules/jschardet/ppo_270224/ppoop_270224.po; 270224; 50M
/home/harodonw/.vscode-server/bin/d045a5eda657f4d7b676dedbfa7aab8207f8a075/node_modules/jschardet/ppo_270224/pppo_270224.poo; 270224; 50M
/home/harodonw/.vscode-server/bin/d045a5eda657f4d7b676dedbfa7aab8207f8a075/node_modules/jschardet/dist/ppo_270224/pooopp_270224.o; 270224; 50M
/home/harodonw/.vscode-server/bin/d045a5eda657f4d7b676dedbfa7aab8207f8a075/node_modules/jschardet/dist/ppo_270224/popp_270224.opp; 270224; 50M
/home/harodonw/.vscode-server/bin/d045a5eda657f4d7b676dedbfa7aab8207f8a075/node_modules/jschardet/dist/ppo_270224/ppooo_270224.ooo; 270224; 50M
/home/harodonw/.vscode-server/bin/d045a5eda657f4d7b676dedbfa7aab8207f8a075/node_modules/jschardet/dist/ppo_270224/ooppopo_270224.p; 270224; 50M
/home/harodonw/.vscode-server/bin/d045a5eda657f4d7b676dedbfa7aab8207f8a075/node_modules/jschardet/dist/ppo_270224/poppppp_270224.ppo; 270224; 50M
/home/harodonw/.vscode-server/bin/d045a5eda657f4d7b676dedbfa7aab8207f8a075/node_modules/infer-owner/ppo_270224/pppopp_270224.ooo; 270224; 50M
/home/harodonw/.vscode-server/bin/d045a5eda657f4d7b676dedbfa7aab8207f8a075/node_modules/infer-owner/ppo_270224/oopp_270224.oop; 270224; 50M
/home/harodonw/.vscode-server/bin/d045a5eda657f4d7b676dedbfa7aab8207f8a075/node_modules/infer-owner/ppo_270224/poopp_270224.op; 270224; 50M
/home/harodonw/.vscode-server/bin/d045a5eda657f4d7b676dedbfa7aab8207f8a075/node_modules/infer-owner/ppo_270224/poopp_270224.op; 270224; 50M
/home/harodonw/.vscode-server/bin/d045a5eda657f4d7b676dedbfa7aab8207f8a075/node_modules/infer-owner/ppo_270224/poopp_270224.op; 270224; 50M
/home/harodonw/.vscode-server/bin/d045a5eda657f4d7b676dedbfa7aab8207f8a075/node_modules/fd-slicer/ppo_270224/ppoppo_270224.ooo; 270224; 50M
/home/harodonw/.vscode-server/bin/d045a5eda657f4d7b676dedbfa7aab8207f8a075/node_modules/fd-slicer/ppo_270224/pppop_270224.op; 270224; 50M
/home/harodonw/.vscode-server/bin/d045a5eda657f4d7b676dedbfa7aab8207f8a075/node_modules/fd-slicer/ppo_270224/poppop_270224.oo; 270224; 50M
/home/harodonw/.vscode-server/bin/d045a5eda657f4d7b676dedbfa7aab8207f8a075/node_modules/fd-slicer/ppo_270224/pooop_270224.poo; 270224; 50M
/home/harodonw/.vscode-server/bin/d045a5eda657f4d7b676dedbfa7aab8207f8a075/node_modules/fd-slicer/ppo_270224/popo_270224.o; 270224; 50M
/home/harodonw/.vscode-server/bin/d045a5eda657f4d7b676dedbfa7aab8207f8a075/node_modules/minipass-sized/ppo_270224/ppppo_270224.o; 270224; 50M
/home/harodonw/.vscode-server/bin/d045a5eda657f4d7b676dedbfa7aab8207f8a075/node_modules/minipass-sized/ppo_270224/ppppo_270224.o; 270224; 50M
/home/harodonw/.vscode-server/bin/d045a5eda657f4d7b676dedbfa7aab8207f8a075/node_modules/minipass-sized/ppo_270224/pooop_270224.opo; 270224; 50M
/home/harodonw/.vscode-server/bin/d045a5eda657f4d7b676dedbfa7aab8207f8a075/node_modules/minipass-sized/ppo_270224/opopp_270224.opo; 270224; 50M
/home/harodonw/.vscode-server/bin/d045a5eda657f4d7b676dedbfa7aab8207f8a075/node_modules/minipass-sized/ppo_270224/ppppoo_270224.ooo; 270224; 50M
/home/harodonw/.vscode-server/bin/d045a5eda657f4d7b676dedbfa7aab8207f8a075/node_modules/yallist/ppo_270224/oopoppo_270224.op; 270224; 50M
/home/harodonw/.vscode-server/bin/d045a5eda657f4d7b676dedbfa7aab8207f8a075/node_modules/yallist/ppo_270224/ooppppp_270224.pp; 270224; 50M
/home/harodonw/.vscode-server/bin/d045a5eda657f4d7b676dedbfa7aab8207f8a075/node_modules/yallist/ppo_270224/oppoop_270224.pop; 270224; 50M
/home/harodonw/.vscode-server/bin/d045a5eda657f4d7b676dedbfa7aab8207f8a075/node_modules/yallist/ppo_270224/oopopoo_270224.opo; 270224; 50M
/home/harodonw/.vscode-server/bin/d045a5eda657f4d7b676dedbfa7aab8207f8a075/node_modules/yallist/ppo_270224/oopopoo_270224.opo; 270224; 50M
/home/harodonw/.vscode-server/bin/d045a5eda657f4d7b676dedbfa7aab8207f8a075/node_modules/promise-inflight/ppo_270224/ppopop_270224.op; 270224; 50M
/home/harodonw/.vscode-server/bin/d045a5eda657f4d7b676dedbfa7aab8207f8a075/node_modules/promise-inflight/ppo_270224/ppopo_270224.o; 270224; 50M
/home/harodonw/.vscode-server/bin/d045a5eda657f4d7b676dedbfa7aab8207f8a075/node_modules/promise-inflight/ppo_270224/oooo_270224.oo; 270224; 50M
/home/harodonw/.vscode-server/bin/d045a5eda657f4d7b676dedbfa7aab8207f8a075/node_modules/promise-inflight/ppo_270224/ooop_270224.po; 270224; 50M
/home/harodonw/.vscode-server/bin/d045a5eda657f4d7b676dedbfa7aab8207f8a075/node_modules/promise-inflight/ppo_270224/ooop_270224.po; 270224; 50M
/home/harodonw/.vscode-server/bin/d045a5eda657f4d7b676dedbfa7aab8207f8a075/node_modules/minipass-fetch/ppo_270224/oopo_270224.ppo; 270224; 50M
/home/harodonw/.vscode-server/bin/d045a5eda657f4d7b676dedbfa7aab8207f8a075/node_modules/minipass-fetch/ppo_270224/oopo_270224.ppo; 270224; 50M
/home/harodonw/.vscode-server/bin/d045a5eda657f4d7b676dedbfa7aab8207f8a075/node_modules/minipass-fetch/ppo_270224/oopo_270224.ppo; 270224; 50M
/home/harodonw/.vscode-server/bin/d045a5eda657f4d7b676dedbfa7aab8207f8a075/node_modules/minipass-fetch/ppo_270224/popoopp_270224.ooo; 270224; 50M
/home/harodonw/.vscode-server/bin/d045a5eda657f4d7b676dedbfa7aab8207f8a075/node_modules/minipass-fetch/ppo_270224/ooooppo_270224.ppo; 270224; 50M
/home/harodonw/.vscode-server/bin/d045a5eda657f4d7b676dedbfa7aab8207f8a075/node_modules/minipass-fetch/lib/ppo_270224/ppopppp_270224.p; 270224; 50M
/home/harodonw/.vscode-server/bin/d045a5eda657f4d7b676dedbfa7aab8207f8a075/node_modules/minipass-fetch/lib/ppo_270224/pppop_270224.ppo; 270224; 50M
/home/harodonw/.vscode-server/bin/d045a5eda657f4d7b676dedbfa7aab8207f8a075/node_modules/minipass-fetch/lib/ppo_270224/pooopo_270224.poo; 270224; 50M
/home/harodonw/.vscode-server/bin/d045a5eda657f4d7b676dedbfa7aab8207f8a075/node_modules/minipass-fetch/lib/ppo_270224/poopop_270224.opp; 270224; 50M
/home/harodonw/.vscode-server/bin/d045a5eda657f4d7b676dedbfa7aab8207f8a075/node_modules/minipass-fetch/lib/ppo_270224/poopop_270224.opp; 270224; 50M
/home/harodonw/.vscode-server/bin/d045a5eda657f4d7b676dedbfa7aab8207f8a075/node_modules/minipass-fetch/lib/ppo_270224/poopop_270224.opp; 270224; 50M
/home/harodonw/.vscode-server/bin/d045a5eda657f4d7b676dedbfa7aab8207f8a075/node_modules/minipass-fetch/lib/ppo_270224/poopop_270224.opp; 270224; 50M
/home/harodonw/.vscode-server/bin/d045a5eda657f4d7b676dedbfa7aab8207f8a075/node_modules/ssri/ppo_270224/opppp_270224.oop; 270224; 50M
/home/harodonw/.vscode-server/bin/d045a5eda657f4d7b676dedbfa7aab8207f8a075/node_modules/ssri/ppo_270224/opppop_270224.po; 270224; 50M
/home/harodonw/.vscode-server/bin/d045a5eda657f4d7b676dedbfa7aab8207f8a075/node_modules/ssri/ppo_270224/oopppoo_270224.ooo; 270224; 50M
/home/harodonw/.vscode-server/bin/d045a5eda657f4d7b676dedbfa7aab8207f8a075/node_modules/env-paths/ppo_270224/ooppo_270224.oo; 270224; 50M
/home/harodonw/.vscode-server/bin/d045a5eda657f4d7b676dedbfa7aab8207f8a075/node_modules/env-paths/ppo_270224/poop_270224.o; 270224; 50M
/home/harodonw/.vscode-server/bin/d045a5eda657f4d7b676dedbfa7aab8207f8a075/node_modules/env-paths/ppo_270224/ppppppp_270224.p; 270224; 50M
/home/harodonw/.vscode-server/bin/d045a5eda657f4d7b676dedbfa7aab8207f8a075/node_modules/env-paths/ppo_270224/opoopoo_270224.oo; 270224; 50M
/home/harodonw/.vscode-server/bin/d045a5eda657f4d7b676dedbfa7aab8207f8a075/node_modules/env-paths/ppo_270224/pppop_270224.opo; 270224; 50M
/home/harodonw/.vscode-server/bin/d045a5eda657f4d7b676dedbfa7aab8207f8a075/node_modules/object-assign/ppo_270224/oooppop_270224.ppp; 270224; 50M
/home/harodonw/.vscode-server/bin/d045a5eda657f4d7b676dedbfa7aab8207f8a075/node_modules/object-assign/ppo_270224/oooppop_270224.ppp; 270224; 50M
/home/harodonw/.vscode-server/bin/d045a5eda657f4d7b676dedbfa7aab8207f8a075/node_modules/object-assign/ppo_270224/popppp_270224.ppp; 270224; 50M
/home/harodonw/.vscode-server/bin/d045a5eda657f4d7b676dedbfa7aab8207f8a075/node_modules/object-assign/ppo_270224/pppp_270224.o; 270224; 50M
/home/harodonw/.vscode-server/bin/d045a5eda657f4d7b676dedbfa7aab8207f8a075/node_modules/object-assign/ppo_270224/ppppooo_270224.ppp; 270224; 50M
/home/harodonw/.vscode-server/bin/d045a5eda657f4d7b676dedbfa7aab8207f8a075/node_modules/object-assign/ppo_270224/ppppooo_270224.ppp; 270224; 50M
/home/harodonw/.vscode-server/bin/d045a5eda657f4d7b676dedbfa7aab8207f8a075/node_modules/agentkeepalive/ppo_270224/pooo_270224.p; 270224; 50M
/home/harodonw/.vscode-server/bin/d045a5eda657f4d7b676dedbfa7aab8207f8a075/node_modules/agentkeepalive/ppo_270224/pppppo_270224.p; 270224; 50M
/home/harodonw/.vscode-server/bin/d045a5eda657f4d7b676dedbfa7aab8207f8a075/node_modules/agentkeepalive/ppo_270224/opoooop_270224.p; 270224; 50M
/home/harodonw/.vscode-server/bin/d045a5eda657f4d7b676dedbfa7aab8207f8a075/node_modules/agentkeepalive/ppo_270224/pooopo_270224.opp; 270224; 50M
/home/harodonw/.vscode-server/bin/d045a5eda657f4d7b676dedbfa7aab8207f8a075/node_modules/agentkeepalive/ppo_270224/pooopo_270224.opp; 270224; 50M
/home/harodonw/.vscode-server/bin/d045a5eda657f4d7b676dedbfa7aab8207f8a075/node_modules/agentkeepalive/node_modules/ppo_270224/poppp_270224.pop; 270224; 50M
/home/harodonw/.vscode-server/bin/d045a5eda657f4d7b676dedbfa7aab8207f8a075/node_modules/agentkeepalive/node_modules/ppo_270224/oppp_270224.p; 270224; 50M
/home/harodonw/.vscode-server/bin/d045a5eda657f4d7b676dedbfa7aab8207f8a075/node_modules/agentkeepalive/node_modules/ppo_270224/popoppo_270224.oop; 270224; 50M
/home/harodonw/.vscode-server/bin/d045a5eda657f4d7b676dedbfa7aab8207f8a075/node_modules/agentkeepalive/node_modules/ppo_270224/popoppo_270224.oop; 270224; 50M
/home/harodonw/.vscode-server/bin/d045a5eda657f4d7b676dedbfa7aab8207f8a075/node_modules/agentkeepalive/node_modules/ppo_270224/popoppo_270224.oop; 270224; 50M
/home/harodonw/.vscode-server/bin/d045a5eda657f4d7b676dedbfa7aab8207f8a075/node_modules/agentkeepalive/node_modules/debug/ppo_270224/oppopp_270224.pop; 270224; 50M
/home/harodonw/.vscode-server/bin/d045a5eda657f4d7b676dedbfa7aab8207f8a075/node_modules/agentkeepalive/node_modules/debug/ppo_270224/popo_270224.po; 270224; 50M
/home/harodonw/.vscode-server/bin/d045a5eda657f4d7b676dedbfa7aab8207f8a075/node_modules/agentkeepalive/node_modules/debug/ppo_270224/oppp_270224.opp; 270224; 50M
/home/harodonw/.vscode-server/bin/d045a5eda657f4d7b676dedbfa7aab8207f8a075/node_modules/agentkeepalive/node_modules/debug/ppo_270224/oopo_270224.op; 270224; 50M
/home/harodonw/.vscode-server/bin/d045a5eda657f4d7b676dedbfa7aab8207f8a075/node_modules/agentkeepalive/node_modules/debug/src/ppo_270224/opoop_270224.oop; 270224; 50M
